cv_id,job_id,cv_level,cv_category,job_title,job_category,pool_methods,method_ranks,relevance_median_4model,relevance_mean_4model,relevance_median_no_cohere,relevance_mean_no_cohere,is_relevant_median_4model_ge5,is_relevant_median_no_cohere_ge5,range_relevance_4model,range_relevance_no_cohere,range_experience_4model,range_experience_no_cohere
bds_L1,0feeda23a58657fb3da9dd93842f8249,L1,Bất động sản,"Sales/Telesales -B2C (Mảng Bất Động Sản, Bảo Hiểm)",Bất động sản,E1|E2|E3|E2t|E3t,"{""E1"": 3, ""E2"": 1, ""E3"": 2, ""E2t"": 1, ""E3t"": 5}",5.5,5.75,6.0,6.0,True,True,2.0,2.0,6.0,6.0
bds_L1,977fab175ddb8388f706eeb3c008f647,L1,Bất động sản,Nhân Viên Kinh Doanh Bất Động Sản - Up To 20 Triệu - Làm Việc Tại TP.HCM Và Tây Ninh,Bất động sản,E1|E2|E3|E2t|E3t,"{""E1"": 1, ""E2"": 8, ""E3"": 9, ""E2t"": 2, ""E3t"": 2}",6.5,6.5,6.0,6.3333,True,True,3.0,3.0,4.0,4.0
bds_L1,aec1332725743a27f3ad83206c147a7c,L1,Bất động sản,Chuyên Viên/Cộng Tác Viên Kinh Doanh,Bất động sản,E1|E2|E3|E2t|E3t,"{""E1"": 4, ""E2"": 2, ""E3"": 1, ""E2t"": 3, ""E3t"": 1}",4.0,4.0,4.0,4.0,False,False,0.0,0.0,2.0,2.0
bds_L1,a8bc9b3fa0e4282fe5b1ca0832888316,L1,Bất động sản,"Nhân Viên Sales/Tư Vấn Dịch Vụ Đầu Tư Bất Động Sản, Căn Hộ, Biệt Thự| Data Có Sẵn | Hoa Hồng Cao | Không Áp Lực Kinh Nghiệm",Bất động sản,E1|E2|E3|E2t|E3t,"{""E1"": 2, ""E2"": 4, ""E3"": 3, ""E2t"": 5, ""E3t"": 3}",7.0,7.25,7.0,7.3333,True,True,3.0,3.0,2.0,2.0
bds_L1,5a03c49c36a0d3d0357876623bdc2f52,L1,Bất động sản,Nhân Viên Kinh Doanh/Sales Bất Động Sản,Bất động sản,E1|E2|E3|E2t,"{""E1"": 8, ""E2"": 3, ""E3"": 7, ""E2t"": 4}",7.0,7.0,7.0,7.0,True,True,2.0,2.0,2.0,2.0
bds_L1,9ffbdf538230596381367c97689f8c9c,L1,Bất động sản,Nhân Viên Kinh Doanh/Sales BĐS/Tư Vấn Bán Hàng - Phỏng Vấn Nhân Việc Ngay (Chế Độ Hấp Dẫn),Bất động sản,E2|E3|E2t|E3t,"{""E2"": 6, ""E3"": 4, ""E2t"": 8, ""E3t"": 4}",7.0,6.75,7.0,6.6667,True,True,1.0,1.0,0.0,0.0
bds_L1,67d7ca9e78db42dd0158cf2e9a95c683,L1,Bất động sản,Trưởng Phòng Kinh Doanh,Bất động sản,E1|E2|E3|E2t,"{""E1"": 9, ""E2"": 7, ""E3"": 5, ""E2t"": 10}",3.5,3.25,3.0,3.0,False,False,2.0,2.0,7.0,7.0
bds_L1,d4165adb9e49d91a6aed89db6d179ff2,L1,Bất động sản,Nhân Viên Kinh Doanh/ Sales/ Tư Vấn Bất Động Sản -Không Yêu Cầu Kinh Nghiệm - Thu Nhập Hấp Dẫn,Bất động sản,E1|E2|E3|E2t|E3t,"{""E1"": 6, ""E2"": 5, ""E3"": 6, ""E2t"": 7, ""E3t"": 7}",7.0,7.0,7.0,7.0,True,True,2.0,2.0,0.0,0.0
bds_L1,e43ade755d9156bda5212d5e23303442,L1,Bất động sản,Nhân Viên Kinh Doanh/Sales Bất Động Sản/ Nhân Viên Tư Vấn BĐS - Thu Nhập Trên 50 Triệu (Tự Do Thời Gian) - Nguồn Nhà/Nguồn Khách Có Sẵn,Bất động sản,E1|E2t|E3t,"{""E1"": 5, ""E2t"": 9, ""E3t"": 8}",6.5,6.5,7.0,7.0,True,True,3.0,2.0,0.0,0.0
bds_L1,003adf1bed892025f4d597b68bc2e93a,L1,Bất động sản,Nhân Viên Kinh Doanh Bất Động Sản,Bất động sản,E2|E3|E3t,"{""E2"": 10, ""E3"": 8, ""E3t"": 6}",7.0,6.75,7.0,6.6667,True,True,1.0,1.0,2.0,2.0
bds_L1,1743a2dcca98410d0a7aaaf56dddb865,L1,Bất động sản,Nhân Viên Kinh Doanh Sale Môi Giới Bất Động Sản,Bất động sản,E2|E2t,"{""E2"": 9, ""E2t"": 6}",6.5,6.25,6.0,6.0,True,True,2.0,2.0,3.0,3.0
bds_L1,649e49a7851237ec04913b846e2760dd,L1,Bất động sản,"Nhân Viên Kinh Doanh Bất Động Sản - Lương Cứng Tới 15 Triệu, Data Có Sẵn – Gia Lâm , Hai Bà Trưng- Hà Nội",Bất động sản,E1,"{""E1"": 7}",6.5,6.75,7.0,7.3333,True,True,4.0,3.0,0.0,0.0
bds_L1,325c52f237e10d0d007b6066a766897d,L1,Bất động sản,Nhân Viên Admin,Bất động sản,E3|E3t,"{""E3"": 10, ""E3t"": 9}",5.0,4.75,5.0,4.6667,True,True,1.0,1.0,3.0,3.0
bds_L1,24470b97617841c1f85862f4c04ce539,L1,Bất động sản,Trưởng Phòng Kinh Doanh Bất Động Sản,Bất động sản,E3t,"{""E3t"": 10}",3.0,2.75,3.0,2.6667,False,False,1.0,1.0,10.0,3.0
bds_L1,8ba40fb8a2477af3f82c61cf31fc52a5,L1,Bất động sản,"Chuyên Viên Tư Vấn Kinh Doanh Căn Hộ (Tại Văn Phòng) - Lương Cứng Upto 20 Triệu - Thu Nhập 50 - 100 Triệu, Hỗ Trợ Data - Quận Tân Bình (TPHCM)",Bất động sản,E1,"{""E1"": 10}",6.0,6.25,5.0,6.0,True,True,3.0,3.0,8.0,5.0
bds_L1b,16617adf17ee61ed74e69e567aa545ca,L1b,Bất động sản,Trưởng Phòng Kinh Doanh Bất Động Sản,Bất động sản,E1|E2|E2t|E3t,"{""E1"": 1, ""E2"": 7, ""E2t"": 1, ""E3t"": 1}",3.5,3.5,4.0,3.6667,False,False,1.0,1.0,1.0,1.0
bds_L1b,580b0df34954e5d343727d450686f91f,L1b,Bất động sản,Nhân Viên Kinh Doanh Bất Động Sản,Bất động sản,E1|E2|E3|E2t|E3t,"{""E1"": 4, ""E2"": 1, ""E3"": 1, ""E2t"": 4, ""E3t"": 5}",6.0,6.25,6.0,6.3333,True,True,1.0,1.0,2.0,1.0
bds_L1b,0feeda23a58657fb3da9dd93842f8249,L1b,Bất động sản,"Sales/Telesales -B2C (Mảng Bất Động Sản, Bảo Hiểm)",Bất động sản,E2t|E3t,"{""E2t"": 5, ""E3t"": 2}",7.0,6.5,7.0,6.3333,True,True,2.0,2.0,2.0,1.0
bds_L1b,1743a2dcca98410d0a7aaaf56dddb865,L1b,Bất động sản,Nhân Viên Kinh Doanh Sale Môi Giới Bất Động Sản,Bất động sản,E2|E3|E2t,"{""E2"": 2, ""E3"": 5, ""E2t"": 6}",6.5,6.5,6.0,6.3333,True,True,1.0,1.0,2.0,1.0
bds_L1b,24470b97617841c1f85862f4c04ce539,L1b,Bất động sản,Trưởng Phòng Kinh Doanh Bất Động Sản,Bất động sản,E2t,"{""E2t"": 2}",5.0,4.5,5.0,4.3333,True,True,2.0,2.0,3.0,1.0
bds_L1b,78c10740add5bc94b3d608e5e979156c,L1b,Bất động sản,"Chuyên Viên Kinh Doanh/ Sales/ Tư Vấn BĐS Nghỉ Dưỡng Có Kinh Nghiệm Tại Hà Nội, Có Lương Cứng, Thu Nhập 100tr ++",Bất động sản,E1|E2|E2t|E3t,"{""E1"": 2, ""E2"": 5, ""E2t"": 3, ""E3t"": 3}",6.0,6.0,5.0,5.6667,True,True,2.0,2.0,5.0,3.0
bds_L1b,e4af39928f83ab4fc2dbb5601bc0557a,L1b,Bất động sản,Senior Digital Marketing (Bất Động Sản) - 4N014,Bất động sản,E2|E3|E3t,"{""E2"": 6, ""E3"": 2, ""E3t"": 7}",2.0,2.25,2.0,2.3333,False,False,1.0,1.0,1.0,1.0
bds_L1b,4d6f55d0744ee2da133cfadc55656482,L1b,Bất động sản,Digital Marketing - Ngành Bất Động Sản,Bất động sản,E2|E3|E3t,"{""E2"": 4, ""E3"": 3, ""E3t"": 4}",5.5,5.75,5.0,5.6667,True,True,2.0,2.0,6.0,5.0
bds_L1b,4f09db46f0b55cc470a4be7f25a71a3d,L1b,Bất động sản,"Nhân Viên Kinh Doanh | Thu Nhập Đến 150 Triệu/Tháng, Hoa Hồng Đến 4.8% - Đà Nẵng, Huế",Bất động sản,E1|E2|E3|E2t|E3t,"{""E1"": 3, ""E2"": 10, ""E3"": 8, ""E2t"": 7, ""E3t"": 6}",7.0,6.5,7.0,6.3333,True,True,2.0,2.0,1.0,0.0
bds_L1b,5bcd68d6f7eabe1e69f755a4d1b29b0a,L1b,Bất động sản,Nhân Viên Kinh Doanh/Tư Vấn/ Sales Bất Động Sản Hỗ Trợ 100% Data Marketing (Có Lương Cứng + Thưởng Nóng + Hoa Hồng Hấp Dẫn),Bất động sản,E2|E3,"{""E2"": 3, ""E3"": 7}",6.0,6.0,6.0,5.6667,True,True,2.0,1.0,2.0,1.0
bds_L1b,4fe0a256e114f9517886e0a353a56505,L1b,Bất động sản,PGĐ Phát Triển Sản Phẩm - Bất Động Sản,Bất động sản,E1|E3,"{""E1"": 7, ""E3"": 4}",2.0,2.25,2.0,2.0,False,False,1.0,0.0,3.0,1.0
bds_L1b,819c5742733cac05d94ad605843c09bb,L1b,Bất động sản,Giám Đốc Marketing Bất Động Sản,Bất động sản,E1|E3|E2t|E3t,"{""E1"": 5, ""E3"": 10, ""E2t"": 8, ""E3t"": 9}",2.0,2.25,2.0,2.0,False,False,1.0,0.0,2.0,1.0
bds_L1b,1db9bf2d6a3b671ffed2f2c63a7a688f,L1b,Bất động sản,Chuyên Viên Cao Cấp Truyền Thông Marketing Bất Động Sản (Upto 30tr),Bất động sản,E1|E3|E2t|E3t,"{""E1"": 6, ""E3"": 6, ""E2t"": 10, ""E3t"": 10}",4.0,3.75,4.0,3.6667,False,False,1.0,1.0,2.0,2.0
bds_L1b,9709af8ff8e3462b769c71dcc9cde317,L1b,Bất động sản,Chuyên Viên Kinh Doanh,Bất động sản,E2,"{""E2"": 8}",5.0,5.0,5.0,4.6667,True,True,2.0,1.0,2.0,2.0
bds_L1b,9ffbdf538230596381367c97689f8c9c,L1b,Bất động sản,Nhân Viên Kinh Doanh/Sales BĐS/Tư Vấn Bán Hàng - Phỏng Vấn Nhân Việc Ngay (Chế Độ Hấp Dẫn),Bất động sản,E3t,"{""E3t"": 8}",7.0,7.25,7.0,7.3333,True,True,1.0,1.0,2.0,2.0
bds_L1b,ccb43b4c51ee7b36b27fbe1a6b4099be,L1b,Bất động sản,Trưởng Phòng Kinh Doanh Bất Động Sản,Bất động sản,E1,"{""E1"": 8}",4.0,4.0,4.0,4.0,False,False,2.0,2.0,2.0,1.0
bds_L1b,164c9b6b18e5e2fcde9efe9df36e89ce,L1b,Bất động sản,"Nhân Viên Kinh Doanh (Không Yêu Cầu Kinh Nghiệm, Lương Cơ Bản 8 - 15 Triệu, Hoa Hồng 45%, Được Đào Tạo, Chấp Nhận Sinh Viên Đang Chờ Bằng)",Bất động sản,E2,"{""E2"": 9}",6.5,6.5,6.0,6.3333,True,True,1.0,1.0,2.0,2.0
bds_L1b,aec1332725743a27f3ad83206c147a7c,L1b,Bất động sản,Chuyên Viên/Cộng Tác Viên Kinh Doanh,Bất động sản,E2t,"{""E2t"": 9}",5.0,4.75,5.0,4.6667,True,True,3.0,3.0,3.0,3.0
bds_L1b,db166cff858f94c89b79db31ac65cc36,L1b,Bất động sản,Chuyên Viên Chạy Ads (Google/TikTok/Facebook) Từ 5 Năm Kinh Nghiệm Bất Động Sản,Bất động sản,E1|E3,"{""E1"": 9, ""E3"": 9}",2.5,2.75,2.0,2.3333,False,False,2.0,1.0,2.0,2.0
bds_L1b,588eb4d939238cc5ac8916f0159a221a,L1b,Bất động sản,Trưởng Phòng Kinh Doanh Bất Động Sản,Bất động sản,E1,"{""E1"": 10}",2.5,2.75,2.0,2.6667,False,False,2.0,2.0,2.0,2.0
bds_L2,977fab175ddb8388f706eeb3c008f647,L2,Bất động sản,Nhân Viên Kinh Doanh Bất Động Sản - Up To 20 Triệu - Làm Việc Tại TP.HCM Và Tây Ninh,Bất động sản,E1|E2|E2t|E3t,"{""E1"": 1, ""E2"": 10, ""E2t"": 1, ""E3t"": 2}",8.0,8.0,8.0,8.0,True,True,2.0,2.0,2.0,2.0
bds_L2,9ffbdf538230596381367c97689f8c9c,L2,Bất động sản,Nhân Viên Kinh Doanh/Sales BĐS/Tư Vấn Bán Hàng - Phỏng Vấn Nhân Việc Ngay (Chế Độ Hấp Dẫn),Bất động sản,E1|E2|E3|E2t|E3t,"{""E1"": 4, ""E2"": 1, ""E3"": 1, ""E2t"": 2, ""E3t"": 1}",7.0,7.25,7.0,7.3333,True,True,1.0,1.0,2.0,2.0
bds_L2,2f34f3671773434fd9769f17d49bee32,L2,Bất động sản,Nhân Viên Kinh Doanh Biết Tiếng Trung Làm Việc Tại Nga,Bất động sản,E1|E2t|E3t,"{""E1"": 2, ""E2t"": 5, ""E3t"": 4}",5.5,5.75,5.0,5.3333,True,True,2.0,1.0,2.0,2.0
bds_L2,aec1332725743a27f3ad83206c147a7c,L2,Bất động sản,Chuyên Viên/Cộng Tác Viên Kinh Doanh,Bất động sản,E1|E2|E3|E2t|E3t,"{""E1"": 7, ""E2"": 2, ""E3"": 2, ""E2t"": 4, ""E3t"": 3}",6.0,6.0,6.0,6.0,True,True,2.0,2.0,2.0,2.0
bds_L2,1743a2dcca98410d0a7aaaf56dddb865,L2,Bất động sản,Nhân Viên Kinh Doanh Sale Môi Giới Bất Động Sản,Bất động sản,E1|E2|E3|E2t|E3t,"{""E1"": 10, ""E2"": 3, ""E3"": 3, ""E2t"": 7, ""E3t"": 8}",7.5,7.5,8.0,7.6667,True,True,1.0,1.0,2.0,2.0
bds_L2,24470b97617841c1f85862f4c04ce539,L2,Bất động sản,Trưởng Phòng Kinh Doanh Bất Động Sản,Bất động sản,E2t|E3t,"{""E2t"": 3, ""E3t"": 5}",5.0,5.0,5.0,5.0,True,True,2.0,2.0,5.0,5.0
bds_L2,997e0cf32c912fc23d3e42ba162b31a8,L2,Bất động sản,Giám Đốc Kinh Doanh Bất Động Sản,Bất động sản,E1|E2|E3|E2t|E3t,"{""E1"": 3, ""E2"": 5, ""E3"": 6, ""E2t"": 6, ""E3t"": 6}",3.5,3.75,4.0,4.0,False,False,2.0,2.0,0.0,0.0
bds_L2,9709af8ff8e3462b769c71dcc9cde317,L2,Bất động sản,Chuyên Viên Kinh Doanh,Bất động sản,E2|E3|E2t|E3t,"{""E2"": 8, ""E3"": 4, ""E2t"": 8, ""E3t"": 7}",5.5,5.75,5.0,5.3333,True,True,2.0,1.0,2.0,1.0
bds_L2,d4165adb9e49d91a6aed89db6d179ff2,L2,Bất động sản,Nhân Viên Kinh Doanh/ Sales/ Tư Vấn Bất Động Sản -Không Yêu Cầu Kinh Nghiệm - Thu Nhập Hấp Dẫn,Bất động sản,E1|E2|E3|E2t,"{""E1"": 9, ""E2"": 4, ""E3"": 8, ""E2t"": 10}",8.0,7.75,8.0,7.6667,True,True,1.0,1.0,4.0,4.0
bds_L2,580b0df34954e5d343727d450686f91f,L2,Bất động sản,Nhân Viên Kinh Doanh Bất Động Sản,Bất động sản,E2|E3|E2t,"{""E2"": 6, ""E3"": 5, ""E2t"": 9}",7.0,7.0,7.0,7.0,True,True,0.0,0.0,3.0,2.0
bds_L2,bedc5974e891ff9f9922f75b435f0fae,L2,Bất động sản,"Chuyên Viên Kinh Doanh Dự Án BĐS Cao Cấp - Lương Cứng Tới 15 Triệu - Hà Nội, Hồ Chí Minh",Bất động sản,E1,"{""E1"": 5}",7.5,7.5,8.0,7.6667,True,True,1.0,1.0,2.0,2.0
bds_L2,3fc1864d02a250235f066afa0507d202,L2,Bất động sản,Trưởng Phòng Kinh Doanh - Cho Thuê BĐS TM Và CN,Bất động sản,E1|E3|E3t,"{""E1"": 6, ""E3"": 7, ""E3t"": 9}",5.5,5.5,5.0,5.0,True,True,3.0,2.0,3.0,2.0
bds_L2,e43ade755d9156bda5212d5e23303442,L2,Bất động sản,Nhân Viên Kinh Doanh/Sales Bất Động Sản/ Nhân Viên Tư Vấn BĐS - Thu Nhập Trên 50 Triệu (Tự Do Thời Gian) - Nguồn Nhà/Nguồn Khách Có Sẵn,Bất động sản,E1|E2,"{""E1"": 8, ""E2"": 7}",7.5,7.5,8.0,7.6667,True,True,1.0,1.0,2.0,2.0
bds_L2,0feeda23a58657fb3da9dd93842f8249,L2,Bất động sản,"Sales/Telesales -B2C (Mảng Bất Động Sản, Bảo Hiểm)",Bất động sản,E2|E3,"{""E2"": 9, ""E3"": 9}",7.0,7.0,7.0,7.0,True,True,2.0,2.0,3.0,2.0
bds_L2,325c52f237e10d0d007b6066a766897d,L2,Bất động sản,Nhân Viên Admin,Bất động sản,E3t,"{""E3t"": 10}",5.0,4.5,5.0,4.3333,True,True,2.0,2.0,1.0,1.0
bds_L2,5bcd68d6f7eabe1e69f755a4d1b29b0a,L2,Bất động sản,Nhân Viên Kinh Doanh/Tư Vấn/ Sales Bất Động Sản Hỗ Trợ 100% Data Marketing (Có Lương Cứng + Thưởng Nóng + Hoa Hồng Hấp Dẫn),Bất động sản,E3,"{""E3"": 10}",7.0,7.0,7.0,7.0,True,True,0.0,0.0,3.0,3.0
bds_L2b,9ffbdf538230596381367c97689f8c9c,L2b,Bất động sản,Nhân Viên Kinh Doanh/Sales BĐS/Tư Vấn Bán Hàng - Phỏng Vấn Nhân Việc Ngay (Chế Độ Hấp Dẫn),Bất động sản,E2|E3|E2t|E3t,"{""E2"": 1, ""E3"": 1, ""E2t"": 4, ""E3t"": 2}",7.0,7.0,7.0,7.0,True,True,0.0,0.0,4.0,4.0
bds_L2b,fcffde807494f54c3d9b271c1223998b,L2b,Bất động sản,Chuyên Viên Phát Triển Dự Án,Bất động sản,E1|E2t|E3t,"{""E1"": 1, ""E2t"": 1, ""E3t"": 1}",4.5,4.5,5.0,4.6667,False,True,3.0,3.0,2.0,2.0
bds_L2b,24470b97617841c1f85862f4c04ce539,L2b,Bất động sản,Trưởng Phòng Kinh Doanh Bất Động Sản,Bất động sản,E2|E3|E2t|E3t,"{""E2"": 4, ""E3"": 4, ""E2t"": 2, ""E3t"": 4}",6.5,6.25,7.0,6.3333,True,True,2.0,2.0,3.0,3.0
bds_L2b,4cf2d132dff97d8828c0a05df47cc8a6,L2b,Bất động sản,Chuyên Viên Phát Triển Dự Án,Bất động sản,E1|E2|E3|E2t|E3t,"{""E1"": 4, ""E2"": 5, ""E3"": 2, ""E2t"": 7, ""E3t"": 7}",5.5,5.5,5.0,5.0,True,True,3.0,2.0,3.0,1.0
bds_L2b,94f52ded04546246f02f55d4a6ab0b47,L2b,Bất động sản,Chuyên Viên Cao Cấp Quản Trị Giao Dịch,Bất động sản,E1|E2|E3|E2t|E3t,"{""E1"": 2, ""E2"": 2, ""E3"": 6, ""E2t"": 3, ""E3t"": 3}",5.5,5.0,6.0,5.0,True,True,3.0,3.0,3.0,3.0
bds_L2b,1bb0b12dd4d943c2075e123d11c3e361,L2b,Bất động sản,Trợ Lý Dự Án/Quản Lý Dự Án Lương Cứng Từ 10 - 15 Triệu + Hoa Hồng (Thu Nhập Không Giới Hạn) Tại Hà Nội Đi Làm Ngay,Bất động sản,E1|E2t|E3t,"{""E1"": 3, ""E2t"": 6, ""E3t"": 6}",7.0,6.75,7.0,6.6667,True,True,1.0,1.0,3.0,2.0
bds_L2b,aec1332725743a27f3ad83206c147a7c,L2b,Bất động sản,Chuyên Viên/Cộng Tác Viên Kinh Doanh,Bất động sản,E2|E3|E2t|E3t,"{""E2"": 3, ""E3"": 3, ""E2t"": 8, ""E3t"": 8}",7.0,6.75,7.0,6.6667,True,True,1.0,1.0,2.0,1.0
bds_L2b,75cf06301c2e8c9b972c8b78f587c7c4,L2b,Bất động sản,Thư Ký Kinh Doanh - Sale Admin Bất Động Sản,Bất động sản,E2|E3,"{""E2"": 7, ""E3"": 5}",6.5,6.25,6.0,6.0,True,True,2.0,2.0,4.0,0.0
bds_L2b,9709af8ff8e3462b769c71dcc9cde317,L2b,Bất động sản,Chuyên Viên Kinh Doanh,Bất động sản,E2|E3|E2t|E3t,"{""E2"": 8, ""E3"": 7, ""E2t"": 5, ""E3t"": 5}",7.0,7.0,7.0,7.0,True,True,0.0,0.0,2.0,2.0
bds_L2b,f4c2423944f7c3eccae86bdbd4a23b76,L2b,Bất động sản,Phó Giám Đốc Pháp Lý Dự Án - Kinh Nghiệm Từ 5 Năm - Cần Thơ,Bất động sản,E1|E2t|E3t,"{""E1"": 5, ""E2t"": 10, ""E3t"": 10}",3.0,3.5,3.0,3.6667,False,False,4.0,4.0,3.0,3.0
bds_L2b,1743a2dcca98410d0a7aaaf56dddb865,L2b,Bất động sản,Nhân Viên Kinh Doanh Sale Môi Giới Bất Động Sản,Bất động sản,E2|E3|E2t,"{""E2"": 6, ""E3"": 8, ""E2t"": 9}",7.0,7.0,7.0,7.0,True,True,2.0,2.0,4.0,1.0
bds_L2b,c196d43314af0340359c4d8d9d15dbb1,L2b,Bất động sản,Chuyên Viên Quản Lý Thiết Kế Quy Hoạch,Bất động sản,E1,"{""E1"": 6}",2.0,2.0,2.0,2.0,False,False,2.0,2.0,1.0,1.0
bds_L2b,165c8c535cd295ac48e366a93b862e80,L2b,Bất động sản,Trưởng Bộ Phận Pháp Lý Dự Án,Bất động sản,E1,"{""E1"": 7}",2.0,2.5,2.0,2.6667,False,False,2.0,2.0,2.0,1.0
bds_L2b,3fcb2bb13839a37ca86a42024a53c45b,L2b,Bất động sản,Nhân Viên Kinh Doanh Bán Nhà Phố/Sales Bất Động Sản/Nhân Viên Tư Vấn BĐS - Không Yêu Cầu Kinh Nghiệm - Được Đào Tạo Từ Đầu - Nguồn Nhà/Nguồn Khách Có Sẵn,Bất động sản,E1|E3,"{""E1"": 8, ""E3"": 10}",7.5,7.5,7.0,7.3333,True,True,1.0,1.0,6.0,6.0
bds_L2b,0cca897da51c7eff8e384cd219ceb9b0,L2b,Bất động sản,"Trưởng Phòng Kinh Doanh Bất Động Sản (Hỗ Trợ MKT) - LCB Từ 13 Triệu, Hoa Hồng Quản Lý 5% Từ 40 Triệu Đến 80 Triệu/Tháng",Bất động sản,E1,"{""E1"": 9}",7.0,7.0,7.0,7.0,True,True,0.0,0.0,2.0,2.0
bds_L2b,0feeda23a58657fb3da9dd93842f8249,L2b,Bất động sản,"Sales/Telesales -B2C (Mảng Bất Động Sản, Bảo Hiểm)",Bất động sản,E3t,"{""E3t"": 9}",6.5,6.5,6.0,6.3333,True,True,1.0,1.0,4.0,0.0
bds_L2b,580b0df34954e5d343727d450686f91f,L2b,Bất động sản,Nhân Viên Kinh Doanh Bất Động Sản,Bất động sản,E2|E3,"{""E2"": 9, ""E3"": 9}",6.5,6.5,6.0,6.3333,True,True,1.0,1.0,3.0,1.0
bds_L2b,8377c4c7bce316e47b1dbe51f880e103,L2b,Bất động sản,Nhân Viên Tư Vấn/ Sale Bất Động Sản- Hồ Chí Minh (Lương Cứng 8tr-20tr + Hoa Hồng Sản Phẩm),Bất động sản,E1,"{""E1"": 10}",7.0,7.25,7.0,7.0,True,True,1.0,0.0,3.0,1.0
bds_L2b,d4165adb9e49d91a6aed89db6d179ff2,L2b,Bất động sản,Nhân Viên Kinh Doanh/ Sales/ Tư Vấn Bất Động Sản -Không Yêu Cầu Kinh Nghiệm - Thu Nhập Hấp Dẫn,Bất động sản,E2,"{""E2"": 10}",8.0,7.75,8.0,7.6667,True,True,3.0,3.0,6.0,6.0
bds_L3,4cf2d132dff97d8828c0a05df47cc8a6,L3,Bất động sản,Chuyên Viên Phát Triển Dự Án,Bất động sản,E1|E2|E3|E2t|E3t,"{""E1"": 4, ""E2"": 1, ""E3"": 1, ""E2t"": 5, ""E3t"": 5}",6.0,6.0,6.0,5.6667,True,True,2.0,1.0,1.0,1.0
bds_L3,fcffde807494f54c3d9b271c1223998b,L3,Bất động sản,Chuyên Viên Phát Triển Dự Án,Bất động sản,E1|E3|E2t|E3t,"{""E1"": 1, ""E3"": 8, ""E2t"": 1, ""E3t"": 1}",4.5,4.5,5.0,4.6667,False,True,3.0,3.0,2.0,1.0
bds_L3,24470b97617841c1f85862f4c04ce539,L3,Bất động sản,Trưởng Phòng Kinh Doanh Bất Động Sản,Bất động sản,E2t,"{""E2t"": 2}",6.5,6.75,6.0,6.6667,True,True,2.0,2.0,1.0,1.0
bds_L3,94f52ded04546246f02f55d4a6ab0b47,L3,Bất động sản,Chuyên Viên Cao Cấp Quản Trị Giao Dịch,Bất động sản,E1|E2|E3|E2t|E3t,"{""E1"": 2, ""E2"": 3, ""E3"": 5, ""E2t"": 3, ""E3t"": 3}",7.0,6.5,7.0,6.3333,True,True,4.0,4.0,2.0,2.0
bds_L3,9ffbdf538230596381367c97689f8c9c,L3,Bất động sản,Nhân Viên Kinh Doanh/Sales BĐS/Tư Vấn Bán Hàng - Phỏng Vấn Nhân Việc Ngay (Chế Độ Hấp Dẫn),Bất động sản,E2|E3|E2t|E3t,"{""E2"": 4, ""E3"": 3, ""E2t"": 8, ""E3t"": 2}",8.0,8.0,8.0,8.0,True,True,0.0,0.0,4.0,4.0
bds_L3,aec1332725743a27f3ad83206c147a7c,L3,Bất động sản,Chuyên Viên/Cộng Tác Viên Kinh Doanh,Bất động sản,E2|E3|E2t|E3t,"{""E2"": 2, ""E3"": 2, ""E2t"": 4, ""E3t"": 4}",7.5,7.5,8.0,7.6667,True,True,1.0,1.0,1.0,1.0
bds_L3,1bb0b12dd4d943c2075e123d11c3e361,L3,Bất động sản,Trợ Lý Dự Án/Quản Lý Dự Án Lương Cứng Từ 10 - 15 Triệu + Hoa Hồng (Thu Nhập Không Giới Hạn) Tại Hà Nội Đi Làm Ngay,Bất động sản,E1|E2t|E3t,"{""E1"": 3, ""E2t"": 6, ""E3t"": 6}",7.0,7.25,7.0,7.3333,True,True,1.0,1.0,2.0,2.0
bds_L3,148e6c3719902859048b7c7284cba29d,L3,Bất động sản,Thủ Tục Và Chăm Sóc Khách Hàng,Bất động sản,E1|E3|E3t,"{""E1"": 7, ""E3"": 4, ""E3t"": 9}",5.0,5.0,5.0,5.0,True,True,2.0,2.0,2.0,2.0
bds_L3,d4165adb9e49d91a6aed89db6d179ff2,L3,Bất động sản,Nhân Viên Kinh Doanh/ Sales/ Tư Vấn Bất Động Sản -Không Yêu Cầu Kinh Nghiệm - Thu Nhập Hấp Dẫn,Bất động sản,E2,"{""E2"": 5}",8.0,7.75,8.0,7.6667,True,True,1.0,1.0,4.0,4.0
bds_L3,f4c2423944f7c3eccae86bdbd4a23b76,L3,Bất động sản,Phó Giám Đốc Pháp Lý Dự Án - Kinh Nghiệm Từ 5 Năm - Cần Thơ,Bất động sản,E1|E2t|E3t,"{""E1"": 5, ""E2t"": 10, ""E3t"": 10}",4.5,4.75,5.0,5.0,False,True,4.0,4.0,3.0,2.0
bds_L3,2fd949bbe71fca29d40aafc6ed090946,L3,Bất động sản,Chuyên Viên Phát Triển Dự Án,Bất động sản,E3,"{""E3"": 6}",8.0,7.5,8.0,7.3333,True,True,2.0,2.0,2.0,1.0
bds_L3,60f70922dd2b896727a55c6c98eef8ce,L3,Bất động sản,Giám Đốc Phát Triển Dự Án Bất Động Sản,Bất động sản,E2|E3,"{""E2"": 6, ""E3"": 9}",5.0,4.75,5.0,4.6667,True,True,3.0,3.0,3.0,3.0
bds_L3,c196d43314af0340359c4d8d9d15dbb1,L3,Bất động sản,Chuyên Viên Quản Lý Thiết Kế Quy Hoạch,Bất động sản,E1,"{""E1"": 6}",2.0,2.5,2.0,2.6667,False,False,2.0,2.0,3.0,2.0
bds_L3,325c52f237e10d0d007b6066a766897d,L3,Bất động sản,Nhân Viên Admin,Bất động sản,E3t,"{""E3t"": 7}",4.5,4.5,4.0,4.3333,False,False,1.0,1.0,4.0,3.0
bds_L3,6598dd7de67b79a37cfb1fda152fdc8b,L3,Bất động sản,Chuyên Viên Dịch Vụ Khách Hàng,Bất động sản,E1|E3,"{""E1"": 8, ""E3"": 7}",4.0,4.25,4.0,4.3333,False,False,3.0,3.0,2.0,1.0
bds_L3,9709af8ff8e3462b769c71dcc9cde317,L3,Bất động sản,Chuyên Viên Kinh Doanh,Bất động sản,E2|E2t|E3t,"{""E2"": 10, ""E2t"": 7, ""E3t"": 8}",8.0,8.0,8.0,8.0,True,True,2.0,2.0,1.0,0.0
bds_L3,997e0cf32c912fc23d3e42ba162b31a8,L3,Bất động sản,Giám Đốc Kinh Doanh Bất Động Sản,Bất động sản,E2,"{""E2"": 7}",7.0,6.75,7.0,6.6667,True,True,1.0,1.0,2.0,2.0
bds_L3,1743a2dcca98410d0a7aaaf56dddb865,L3,Bất động sản,Nhân Viên Kinh Doanh Sale Môi Giới Bất Động Sản,Bất động sản,E2|E2t,"{""E2"": 8, ""E2t"": 9}",6.5,6.75,6.0,6.3333,True,True,2.0,1.0,7.0,1.0
bds_L3,051bc099fc1fd4d8e8051ad3f85f724a,L3,Bất động sản,Trợ Lý Tổng Giám Đốc - (Tuyển Nữ),Bất động sản,E1,"{""E1"": 9}",5.5,5.5,6.0,5.6667,True,True,3.0,3.0,2.0,0.0
bds_L3,e43ade755d9156bda5212d5e23303442,L3,Bất động sản,Nhân Viên Kinh Doanh/Sales Bất Động Sản/ Nhân Viên Tư Vấn BĐS - Thu Nhập Trên 50 Triệu (Tự Do Thời Gian) - Nguồn Nhà/Nguồn Khách Có Sẵn,Bất động sản,E2,"{""E2"": 9}",8.0,8.0,8.0,8.0,True,True,2.0,2.0,4.0,4.0
bds_L3,165c8c535cd295ac48e366a93b862e80,L3,Bất động sản,Trưởng Bộ Phận Pháp Lý Dự Án,Bất động sản,E1,"{""E1"": 10}",4.0,4.25,4.0,4.6667,False,False,3.0,2.0,4.0,2.0
bds_L3,580b0df34954e5d343727d450686f91f,L3,Bất động sản,Nhân Viên Kinh Doanh Bất Động Sản,Bất động sản,E3,"{""E3"": 10}",7.0,6.75,7.0,6.3333,True,True,3.0,2.0,6.0,1.0
bds_L3b,60f70922dd2b896727a55c6c98eef8ce,L3b,Bất động sản,Giám Đốc Phát Triển Dự Án Bất Động Sản,Bất động sản,E1|E2|E3|E2t|E3t,"{""E1"": 5, ""E2"": 1, ""E3"": 1, ""E2t"": 3, ""E3t"": 3}",6.0,6.25,5.0,6.0,True,True,3.0,3.0,4.0,4.0
bds_L3b,fcffde807494f54c3d9b271c1223998b,L3b,Bất động sản,Chuyên Viên Phát Triển Dự Án,Bất động sản,E1|E2t|E3t,"{""E1"": 1, ""E2t"": 1, ""E3t"": 1}",5.0,4.75,5.0,4.6667,True,True,3.0,3.0,4.0,3.0
bds_L3b,24470b97617841c1f85862f4c04ce539,L3b,Bất động sản,Trưởng Phòng Kinh Doanh Bất Động Sản,Bất động sản,E2|E3|E2t|E3t,"{""E2"": 7, ""E3"": 6, ""E2t"": 2, ""E3t"": 2}",8.0,7.5,8.0,7.3333,True,True,2.0,2.0,4.0,2.0
bds_L3b,4cf2d132dff97d8828c0a05df47cc8a6,L3b,Bất động sản,Chuyên Viên Phát Triển Dự Án,Bất động sản,E1|E2|E3|E2t|E3t,"{""E1"": 2, ""E2"": 2, ""E3"": 2, ""E2t"": 4, ""E3t"": 4}",6.5,6.5,6.0,6.3333,True,True,1.0,1.0,3.0,2.0
bds_L3b,94f52ded04546246f02f55d4a6ab0b47,L3b,Bất động sản,Chuyên Viên Cao Cấp Quản Trị Giao Dịch,Bất động sản,E1|E2|E3|E2t|E3t,"{""E1"": 3, ""E2"": 4, ""E3"": 5, ""E2t"": 6, ""E3t"": 5}",7.0,6.75,7.0,6.6667,True,True,3.0,3.0,3.0,3.0
bds_L3b,d84f99da14917ae44ba5094c7b756728,L3b,Bất động sản,Giám Đốc Phát Triển Dự Án (Mảng Bất Động Sản),Bất động sản,E1|E2|E3|E2t|E3t,"{""E1"": 9, ""E2"": 3, ""E3"": 3, ""E2t"": 5, ""E3t"": 6}",7.0,7.0,7.0,7.0,True,True,2.0,2.0,2.0,2.0
bds_L3b,148e6c3719902859048b7c7284cba29d,L3b,Bất động sản,Thủ Tục Và Chăm Sóc Khách Hàng,Bất động sản,E1|E3|E2t|E3t,"{""E1"": 6, ""E3"": 4, ""E2t"": 10, ""E3t"": 8}",5.0,4.75,5.0,4.6667,True,True,1.0,1.0,2.0,1.0
bds_L3b,1bb0b12dd4d943c2075e123d11c3e361,L3b,Bất động sản,Trợ Lý Dự Án/Quản Lý Dự Án Lương Cứng Từ 10 - 15 Triệu + Hoa Hồng (Thu Nhập Không Giới Hạn) Tại Hà Nội Đi Làm Ngay,Bất động sản,E1|E2t|E3t,"{""E1"": 4, ""E2t"": 7, ""E3t"": 9}",7.0,7.25,7.0,7.0,True,True,1.0,0.0,2.0,0.0
bds_L3b,0bb8ab28df19b875a2a25afb7f5093ab,L3b,Bất động sản,Giám Đốc Dự Án Ngành Xây Dựng,Bất động sản,E2,"{""E2"": 5}",6.0,5.5,5.0,5.0,True,True,4.0,4.0,5.0,3.0
bds_L3b,c2178cf0680ac8d56ddbf7443d92055a,L3b,Bất động sản,Giám Đốc Dự Án,Bất động sản,E2|E3,"{""E2"": 6, ""E3"": 7}",5.0,4.5,4.0,4.0,True,False,4.0,4.0,3.0,3.0
bds_L3b,6598dd7de67b79a37cfb1fda152fdc8b,L3b,Bất động sản,Chuyên Viên Dịch Vụ Khách Hàng,Bất động sản,E1,"{""E1"": 7}",4.0,4.5,4.0,4.6667,False,False,2.0,2.0,3.0,3.0
bds_L3b,9709af8ff8e3462b769c71dcc9cde317,L3b,Bất động sản,Chuyên Viên Kinh Doanh,Bất động sản,E2t|E3t,"{""E2t"": 8, ""E3t"": 7}",8.0,7.75,8.0,7.6667,True,True,1.0,1.0,3.0,2.0
bds_L3b,08e12f696157c6da3f6bb10d82c722ad,L3b,Bất động sản,Giám Đốc Dự Án Bất Động Sản - 3 Năm Kinh Nghiệm - Thu Nhập 20 - 200 Triệu - Tại Hà Nội,Bất động sản,E1,"{""E1"": 8}",8.0,7.75,8.0,7.6667,True,True,1.0,1.0,3.0,3.0
bds_L3b,4105d26f220deb76f1d6c90316036b12,L3b,Bất động sản,Giám Đốc Kinh Doanh Mảng Bất Động Sản Công Nghiệp,Bất động sản,E2,"{""E2"": 8}",7.0,7.0,7.0,7.0,True,True,2.0,2.0,2.0,2.0
bds_L3b,aec1332725743a27f3ad83206c147a7c,L3b,Bất động sản,Chuyên Viên/Cộng Tác Viên Kinh Doanh,Bất động sản,E2|E3,"{""E2"": 10, ""E3"": 8}",8.0,8.0,8.0,8.0,True,True,2.0,2.0,3.0,3.0
bds_L3b,2fd949bbe71fca29d40aafc6ed090946,L3b,Bất động sản,Chuyên Viên Phát Triển Dự Án,Bất động sản,E2|E3,"{""E2"": 9, ""E3"": 9}",8.0,7.5,8.0,7.3333,True,True,2.0,2.0,2.0,2.0
bds_L3b,997e0cf32c912fc23d3e42ba162b31a8,L3b,Bất động sản,Giám Đốc Kinh Doanh Bất Động Sản,Bất động sản,E2t,"{""E2t"": 9}",8.0,7.5,8.0,7.3333,True,True,2.0,2.0,4.0,3.0
bds_L3b,051bc099fc1fd4d8e8051ad3f85f724a,L3b,Bất động sản,Trợ Lý Tổng Giám Đốc - (Tuyển Nữ),Bất động sản,E1,"{""E1"": 10}",6.5,6.0,7.0,6.0,True,True,5.0,5.0,3.0,3.0
bds_L3b,9ffbdf538230596381367c97689f8c9c,L3b,Bất động sản,Nhân Viên Kinh Doanh/Sales BĐS/Tư Vấn Bán Hàng - Phỏng Vấn Nhân Việc Ngay (Chế Độ Hấp Dẫn),Bất động sản,E3|E3t,"{""E3"": 10, ""E3t"": 10}",8.0,7.5,8.0,7.3333,True,True,2.0,2.0,7.0,7.0
bds_L4,60f70922dd2b896727a55c6c98eef8ce,L4,Bất động sản,Giám Đốc Phát Triển Dự Án Bất Động Sản,Bất động sản,E1|E2|E3|E2t|E3t,"{""E1"": 4, ""E2"": 1, ""E3"": 1, ""E2t"": 3, ""E3t"": 3}",7.0,7.0,7.0,7.0,True,True,2.0,2.0,2.0,2.0
bds_L4,fcffde807494f54c3d9b271c1223998b,L4,Bất động sản,Chuyên Viên Phát Triển Dự Án,Bất động sản,E1|E2t|E3t,"{""E1"": 1, ""E2t"": 1, ""E3t"": 1}",6.0,5.5,6.0,5.3333,True,True,4.0,4.0,3.0,3.0
bds_L4,24470b97617841c1f85862f4c04ce539,L4,Bất động sản,Trưởng Phòng Kinh Doanh Bất Động Sản,Bất động sản,E2t|E3t,"{""E2t"": 2, ""E3t"": 2}",7.0,7.25,7.0,7.3333,True,True,1.0,1.0,3.0,1.0
bds_L4,4cf2d132dff97d8828c0a05df47cc8a6,L4,Bất động sản,Chuyên Viên Phát Triển Dự Án,Bất động sản,E1|E2|E3|E2t|E3t,"{""E1"": 5, ""E2"": 3, ""E3"": 2, ""E2t"": 7, ""E3t"": 6}",8.0,7.75,8.0,7.6667,True,True,1.0,1.0,2.0,2.0
bds_L4,94f52ded04546246f02f55d4a6ab0b47,L4,Bất động sản,Chuyên Viên Cao Cấp Quản Trị Giao Dịch,Bất động sản,E1|E2|E3|E2t|E3t,"{""E1"": 2, ""E2"": 4, ""E3"": 5, ""E2t"": 4, ""E3t"": 4}",7.5,7.25,8.0,7.3333,True,True,4.0,4.0,2.0,1.0
bds_L4,d84f99da14917ae44ba5094c7b756728,L4,Bất động sản,Giám Đốc Phát Triển Dự Án (Mảng Bất Động Sản),Bất động sản,E1|E2|E3|E2t|E3t,"{""E1"": 7, ""E2"": 2, ""E3"": 3, ""E2t"": 8, ""E3t"": 8}",7.5,7.5,7.0,7.3333,True,True,1.0,1.0,1.0,1.0
bds_L4,1bb0b12dd4d943c2075e123d11c3e361,L4,Bất động sản,Trợ Lý Dự Án/Quản Lý Dự Án Lương Cứng Từ 10 - 15 Triệu + Hoa Hồng (Thu Nhập Không Giới Hạn) Tại Hà Nội Đi Làm Ngay,Bất động sản,E1|E2t|E3t,"{""E1"": 3, ""E2t"": 6, ""E3t"": 7}",6.5,6.75,6.0,6.6667,True,True,2.0,2.0,3.0,3.0
bds_L4,aec1332725743a27f3ad83206c147a7c,L4,Bất động sản,Chuyên Viên/Cộng Tác Viên Kinh Doanh,Bất động sản,E2|E3|E3t,"{""E2"": 5, ""E3"": 4, ""E3t"": 5}",7.5,7.5,7.0,7.3333,True,True,1.0,1.0,2.0,2.0
bds_L4,9709af8ff8e3462b769c71dcc9cde317,L4,Bất động sản,Chuyên Viên Kinh Doanh,Bất động sản,E2t|E3t,"{""E2t"": 5, ""E3t"": 10}",7.0,6.75,6.0,6.3333,True,True,3.0,3.0,3.0,2.0
bds_L4,08e12f696157c6da3f6bb10d82c722ad,L4,Bất động sản,Giám Đốc Dự Án Bất Động Sản - 3 Năm Kinh Nghiệm - Thu Nhập 20 - 200 Triệu - Tại Hà Nội,Bất động sản,E1,"{""E1"": 6}",8.0,8.0,8.0,8.0,True,True,0.0,0.0,3.0,1.0
bds_L4,0bb8ab28df19b875a2a25afb7f5093ab,L4,Bất động sản,Giám Đốc Dự Án Ngành Xây Dựng,Bất động sản,E1|E2|E3,"{""E1"": 9, ""E2"": 6, ""E3"": 8}",7.0,6.5,7.0,6.3333,True,True,4.0,4.0,2.0,2.0
bds_L4,9ffbdf538230596381367c97689f8c9c,L4,Bất động sản,Nhân Viên Kinh Doanh/Sales BĐS/Tư Vấn Bán Hàng - Phỏng Vấn Nhân Việc Ngay (Chế Độ Hấp Dẫn),Bất động sản,E2|E3|E2t|E3t,"{""E2"": 7, ""E3"": 6, ""E2t"": 10, ""E3t"": 9}",7.5,7.25,7.0,7.0,True,True,2.0,2.0,6.0,6.0
bds_L4,c2178cf0680ac8d56ddbf7443d92055a,L4,Bất động sản,Giám Đốc Dự Án,Bất động sản,E2|E3,"{""E2"": 8, ""E3"": 7}",5.0,5.25,5.0,5.3333,True,True,5.0,5.0,5.0,5.0
bds_L4,f4c2423944f7c3eccae86bdbd4a23b76,L4,Bất động sản,Phó Giám Đốc Pháp Lý Dự Án - Kinh Nghiệm Từ 5 Năm - Cần Thơ,Bất động sản,E1,"{""E1"": 8}",5.5,5.75,4.0,5.3333,True,False,4.0,4.0,4.0,3.0
bds_L4,95a12522957e475a5e8da47d91124691,L4,Bất động sản,Giám Đốc Phát Triển Dự Án Proptech,Bất động sản,E3,"{""E3"": 9}",7.5,7.25,8.0,7.3333,True,True,2.0,2.0,2.0,2.0
bds_L4,997e0cf32c912fc23d3e42ba162b31a8,L4,Bất động sản,Giám Đốc Kinh Doanh Bất Động Sản,Bất động sản,E2|E2t,"{""E2"": 9, ""E2t"": 9}",8.0,8.25,8.0,8.3333,True,True,1.0,1.0,1.0,1.0
bds_L4,2fd949bbe71fca29d40aafc6ed090946,L4,Bất động sản,Chuyên Viên Phát Triển Dự Án,Bất động sản,E3,"{""E3"": 10}",8.0,7.5,8.0,7.3333,True,True,2.0,2.0,3.0,3.0
bds_L4,4105d26f220deb76f1d6c90316036b12,L4,Bất động sản,Giám Đốc Kinh Doanh Mảng Bất Động Sản Công Nghiệp,Bất động sản,E2,"{""E2"": 10}",8.0,7.5,8.0,7.3333,True,True,2.0,2.0,2.0,2.0
bds_L4,c196d43314af0340359c4d8d9d15dbb1,L4,Bất động sản,Chuyên Viên Quản Lý Thiết Kế Quy Hoạch,Bất động sản,E1,"{""E1"": 10}",3.5,3.5,4.0,4.0,False,False,3.0,2.0,4.0,3.0
bds_L4b,4cf2d132dff97d8828c0a05df47cc8a6,L4b,Bất động sản,Chuyên Viên Phát Triển Dự Án,Bất động sản,E1|E2|E3|E2t|E3t,"{""E1"": 3, ""E2"": 1, ""E3"": 1, ""E2t"": 3, ""E3t"": 3}",7.5,7.5,7.0,7.3333,True,True,1.0,1.0,1.0,1.0
bds_L4b,60f70922dd2b896727a55c6c98eef8ce,L4b,Bất động sản,Giám Đốc Phát Triển Dự Án Bất Động Sản,Bất động sản,E2|E3|E2t|E3t,"{""E2"": 2, ""E3"": 2, ""E2t"": 4, ""E3t"": 1}",8.0,8.0,8.0,8.0,True,True,0.0,0.0,2.0,1.0
bds_L4b,fcffde807494f54c3d9b271c1223998b,L4b,Bất động sản,Chuyên Viên Phát Triển Dự Án,Bất động sản,E1|E2t|E3t,"{""E1"": 1, ""E2t"": 1, ""E3t"": 2}",5.0,5.0,5.0,5.0,True,True,4.0,4.0,3.0,3.0
bds_L4b,1bb0b12dd4d943c2075e123d11c3e361,L4b,Bất động sản,Trợ Lý Dự Án/Quản Lý Dự Án Lương Cứng Từ 10 - 15 Triệu + Hoa Hồng (Thu Nhập Không Giới Hạn) Tại Hà Nội Đi Làm Ngay,Bất động sản,E1|E2t|E3t,"{""E1"": 2, ""E2t"": 5, ""E3t"": 4}",6.0,6.0,6.0,5.6667,True,True,2.0,1.0,4.0,2.0
bds_L4b,24470b97617841c1f85862f4c04ce539,L4b,Bất động sản,Trưởng Phòng Kinh Doanh Bất Động Sản,Bất động sản,E2|E3|E2t|E3t,"{""E2"": 8, ""E3"": 9, ""E2t"": 2, ""E3t"": 5}",7.5,7.25,8.0,7.3333,True,True,2.0,2.0,4.0,2.0
bds_L4b,d84f99da14917ae44ba5094c7b756728,L4b,Bất động sản,Giám Đốc Phát Triển Dự Án (Mảng Bất Động Sản),Bất động sản,E2|E3|E2t|E3t,"{""E2"": 3, ""E3"": 3, ""E2t"": 6, ""E3t"": 6}",8.0,7.75,8.0,7.6667,True,True,1.0,1.0,2.0,1.0
bds_L4b,148e6c3719902859048b7c7284cba29d,L4b,Bất động sản,Thủ Tục Và Chăm Sóc Khách Hàng,Bất động sản,E1|E2|E3|E2t|E3t,"{""E1"": 5, ""E2"": 5, ""E3"": 4, ""E2t"": 9, ""E3t"": 8}",4.5,4.25,4.0,4.0,False,False,2.0,2.0,2.0,2.0
bds_L4b,94f52ded04546246f02f55d4a6ab0b47,L4b,Bất động sản,Chuyên Viên Cao Cấp Quản Trị Giao Dịch,Bất động sản,E1|E2|E3|E2t|E3t,"{""E1"": 4, ""E2"": 4, ""E3"": 6, ""E2t"": 7, ""E3t"": 7}",7.5,7.25,8.0,7.3333,True,True,2.0,2.0,2.0,0.0
bds_L4b,c2178cf0680ac8d56ddbf7443d92055a,L4b,Bất động sản,Giám Đốc Dự Án,Bất động sản,E2|E3|E3t,"{""E2"": 9, ""E3"": 5, ""E3t"": 10}",5.5,5.5,5.0,5.3333,True,True,5.0,5.0,3.0,3.0
bds_L4b,2fd949bbe71fca29d40aafc6ed090946,L4b,Bất động sản,Chuyên Viên Phát Triển Dự Án,Bất động sản,E1|E2,"{""E1"": 10, ""E2"": 6}",7.5,7.25,7.0,7.0,True,True,2.0,2.0,5.0,2.0
bds_L4b,6598dd7de67b79a37cfb1fda152fdc8b,L4b,Bất động sản,Chuyên Viên Dịch Vụ Khách Hàng,Bất động sản,E1,"{""E1"": 6}",5.0,4.75,5.0,4.6667,True,True,1.0,1.0,3.0,3.0
bds_L4b,051bc099fc1fd4d8e8051ad3f85f724a,L4b,Bất động sản,Trợ Lý Tổng Giám Đốc - (Tuyển Nữ),Bất động sản,E1,"{""E1"": 7}",7.0,6.25,7.0,6.0,True,True,3.0,3.0,2.0,1.0
bds_L4b,0bb8ab28df19b875a2a25afb7f5093ab,L4b,Bất động sản,Giám Đốc Dự Án Ngành Xây Dựng,Bất động sản,E2|E3,"{""E2"": 7, ""E3"": 7}",7.0,6.5,7.0,6.3333,True,True,4.0,4.0,3.0,3.0
bds_L4b,95a12522957e475a5e8da47d91124691,L4b,Bất động sản,Giám Đốc Phát Triển Dự Án Proptech,Bất động sản,E3,"{""E3"": 8}",8.0,7.75,8.0,7.6667,True,True,1.0,1.0,2.0,1.0
bds_L4b,9709af8ff8e3462b769c71dcc9cde317,L4b,Bất động sản,Chuyên Viên Kinh Doanh,Bất động sản,E2|E3|E2t|E3t,"{""E2"": 10, ""E3"": 10, ""E2t"": 8, ""E3t"": 9}",8.0,7.5,8.0,7.3333,True,True,2.0,2.0,5.0,1.0
bds_L4b,f4c2423944f7c3eccae86bdbd4a23b76,L4b,Bất động sản,Phó Giám Đốc Pháp Lý Dự Án - Kinh Nghiệm Từ 5 Năm - Cần Thơ,Bất động sản,E1,"{""E1"": 8}",6.0,6.0,5.0,5.6667,True,True,4.0,4.0,4.0,4.0
bds_L4b,c196d43314af0340359c4d8d9d15dbb1,L4b,Bất động sản,Chuyên Viên Quản Lý Thiết Kế Quy Hoạch,Bất động sản,E1,"{""E1"": 9}",3.0,3.25,3.0,3.3333,False,False,3.0,3.0,3.0,3.0
bds_L4b,580b0df34954e5d343727d450686f91f,L4b,Bất động sản,Nhân Viên Kinh Doanh Bất Động Sản,Bất động sản,E2t,"{""E2t"": 10}",6.5,6.0,6.0,5.3333,True,True,5.0,4.0,6.0,2.0
bds_P,0541a36f20ae3bb34d5611611cdf2575,P,Bất động sản,Trưởng Nhóm Marketing,Marketing,E1|E2|E2t,"{""E1"": 7, ""E2"": 1, ""E2t"": 7}",2.0,2.0,2.0,2.0,False,False,0.0,0.0,2.0,1.0
bds_P,7222c009019dbf5438a77e38fdcb9770,P,Bất động sản,Nhân Viên Kinh Doanh/ Nhân Viên Tư Vấn Tuyển Sinh/ Tư Vấn Khóa Học IELTS (Không Yêu Cầu Kinh Nghiệm Giáo Dục) - Lương 12 - 25 Triệu/Tháng,Nhân viên kinh doanh,E1|E2|E3|E2t|E3t,"{""E1"": 1, ""E2"": 4, ""E3"": 3, ""E2t"": 1, ""E3t"": 1}",3.5,3.25,3.0,3.0,False,False,2.0,2.0,4.0,4.0
bds_P,b838f240ce7695573dbee4b4a0f6d2b2,P,Bất động sản,Java Developer (Senior) - Phần Mềm,IT,E2|E3|E3t,"{""E2"": 3, ""E3"": 1, ""E3t"": 2}",5.0,5.0,5.0,5.0,True,True,2.0,2.0,1.0,1.0
bds_P,051bc099fc1fd4d8e8051ad3f85f724a,P,Bất động sản,Trợ Lý Tổng Giám Đốc - (Tuyển Nữ),Bất động sản,E1|E2,"{""E1"": 6, ""E2"": 2}",2.5,3.0,2.0,3.0,False,False,3.0,3.0,2.0,2.0
bds_P,393569e29b4b58bc0f81851017ed3cd8,P,Bất động sản,"CHUYÊN VIÊN TƯ VẤN TÀI CHÍNH -SHINHAN BANK ( Pico Plaza, Phường Bảy Hiền)",Ngân hàng,E1|E2|E3|E2t|E3t,"{""E1"": 2, ""E2"": 6, ""E3"": 4, ""E2t"": 3, ""E3t"": 3}",3.0,3.25,2.0,3.0,False,False,3.0,3.0,7.0,6.0
bds_P,91ff03c6506f69d4d824039f1d1c2e9f,P,Bất động sản,Web Frontend Team Leader,IT,E2|E2t,"{""E2"": 5, ""E2t"": 2}",4.0,4.25,4.0,4.3333,False,False,3.0,3.0,3.0,2.0
bds_P,d2e063b11be6aa2abcb27bc4353f9e81,P,Bất động sản,Nhân Viên Admin Tuyển Sinh (Thu Nhập Từ 15M Trở Lên),Hành chính nhân sự,E3,"{""E3"": 2}",3.0,3.25,3.0,3.3333,False,False,3.0,3.0,2.0,2.0
bds_P,fadbf9fddd686b0aba832143a92a3355,P,Bất động sản,Nhân Viên Chăm Sóc Khách Hàng,Chăm sóc khách hàng,E1|E2|E3|E2t|E3t,"{""E1"": 3, ""E2"": 8, ""E3"": 6, ""E2t"": 5, ""E3t"": 5}",3.5,3.5,2.0,3.0,False,False,3.0,3.0,4.0,4.0
bds_P,8fde593eb96f322bd444a2af0574f40c,P,Bất động sản,Kỹ Sư Phát Triển Phần Mềm (Java Developer) - VTS,IT,E3|E3t,"{""E3"": 5, ""E3t"": 4}",6.0,6.0,6.0,6.0,True,True,0.0,0.0,3.0,3.0
bds_P,eadb10f792afb06bf250cdce60363583,P,Bất động sản,"Giám Sát Tuyển Sinh - Quản Lý Lớp Học - Sales Supervisor (Quảng Ngãi, Đà Nẵng, Long An) - Có Kinh Nghiệm Quản Lý Đội Nhóm",Telesales,E1|E2|E3|E2t|E3t,"{""E1"": 4, ""E2"": 10, ""E3"": 8, ""E2t"": 8, ""E3t"": 7}",3.5,3.5,3.0,3.3333,False,False,3.0,3.0,4.0,4.0
bds_P,f16690d387dede7dad20743492e4eccf,P,Bất động sản,Developer,IT,E2|E2t,"{""E2"": 7, ""E2t"": 4}",6.0,5.5,6.0,5.3333,True,True,4.0,4.0,2.0,2.0
bds_P,2a2d604426767b782a443a4987a42188,P,Bất động sản,Trade Marketing Manager,Marketing,E1|E3|E2t|E3t,"{""E1"": 5, ""E3"": 10, ""E2t"": 10, ""E3t"": 9}",2.0,2.0,2.0,1.6667,False,False,2.0,1.0,1.0,1.0
bds_P,bd8c77558d57276d2d01507420f7c3ec,P,Bất động sản,Java Developer 3 Năm Kinh Nghiệm Onsite Bank,Ngân hàng,E3|E3t,"{""E3"": 7, ""E3t"": 6}",4.0,4.0,4.0,4.0,False,False,0.0,0.0,2.0,2.0
bds_P,e92fe0f25fadb955d7462df748dbfb0b,P,Bất động sản,Trưởng Nhóm Thiết Kế/Graphic Designer,Thiết kế đồ họa,E2|E2t,"{""E2"": 9, ""E2t"": 6}",2.0,1.75,2.0,1.6667,False,False,1.0,1.0,1.0,1.0
bds_P,3a1cb946e9e411285690e2b339f16812,P,Bất động sản,"Quản Lý Phòng Hành Chính Tổng Hợp (Lương Thoả Thuận Cao, Đãi Ngộ Tốt) - Làm Việc Tại Bà Rịa - Vũng Tàu (Cũ)",Hành chính nhân sự,E1,"{""E1"": 8}",2.0,2.0,2.0,2.0,False,False,2.0,2.0,3.0,1.0
bds_P,acc72608a2765fac252968fb0c98db18,P,Bất động sản,Project Manager,IT,E3|E3t,"{""E3"": 9, ""E3t"": 8}",5.0,5.25,5.0,5.3333,True,True,1.0,1.0,2.0,1.0
bds_P,164ef62aece4552279181e21216fb2b3,P,Bất động sản,AI Engineer / Vision AI Công Ty IT Hàn Quốc,IT,E2t,"{""E2t"": 9}",3.0,3.25,3.0,3.3333,False,False,1.0,1.0,1.0,1.0
bds_P,6497640d84f884af4be2713ce07c5ac8,P,Bất động sản,Nhân Viên Kinh Doanh Bán Nhà Phố/Sales Bất Động Sản/Nhân Viên Tư Vấn BĐS - Thu Nhập Trên 39 Triệu (Tự Do Thời Gian - Chủ Động Chọn Địa Điểm Làm Việc Phù Hợp - Không Yêu Cầu Kinh Nghiệm - Được Đào Tạo Từ Đầu) Nguồn Nhà/Nguồn Khách Có Sẵn,Giáo dục,E1,"{""E1"": 9}",3.0,3.25,3.0,2.6667,False,False,3.0,1.0,2.0,2.0
bds_P,7c9fb473473e08e1bf2da55f5e932433,P,Bất động sản,Backend Developer - Java - Dự Án Bank - 5 Năm Kinh Nghiệm,Ngân hàng,E3t,"{""E3t"": 10}",3.5,3.5,4.0,3.6667,False,False,1.0,1.0,2.0,2.0
bds_P,f8efd4f2428268672be73753c4270382,P,Bất động sản,Nhân Viên Tư Vấn Khóa Học- Tiếng Trung Giao Tiếp,Giáo dục,E1,"{""E1"": 10}",3.0,3.25,3.0,3.3333,False,False,3.0,3.0,5.0,3.0
bds_P2,51b5cfeb8670f330525e422d0c6e13c4,P2,Bất động sản,Chuyên Viên Hành Chính Nhân Sự,Lao động phổ thông,E1|E2t|E3t,"{""E1"": 1, ""E2t"": 2, ""E3t"": 1}",2.5,3.0,2.0,3.0,False,False,3.0,3.0,2.0,2.0
bds_P2,fadbf9fddd686b0aba832143a92a3355,P2,Bất động sản,Nhân Viên Chăm Sóc Khách Hàng,Chăm sóc khách hàng,E1|E2|E3|E2t|E3t,"{""E1"": 2, ""E2"": 1, ""E3"": 1, ""E2t"": 1, ""E3t"": 3}",5.0,5.25,5.0,5.0,True,True,1.0,0.0,1.0,1.0
bds_P2,124f4256f0d6a862038089b366463a3e,P2,Bất động sản,"Nhân Viên Chăm Sóc Khách Hàng Hỗ Trợ Dịch Vụ (Ca Đêm) / Customer Service - Tiếng Anh Tốt, Thu Nhập Hấp Dẫn",Chăm sóc khách hàng,E2|E3,"{""E2"": 7, ""E3"": 2}",5.5,5.5,5.0,5.0,True,True,3.0,2.0,3.0,2.0
bds_P2,76d2a8410752284eb02957c77fa75f6f,P2,Bất động sản,Quản Lý Quan Hệ Khách Hàng BĐS,Telesales,E2|E3,"{""E2"": 2, ""E3"": 4}",4.0,4.0,3.0,3.6667,False,False,2.0,2.0,2.0,2.0
bds_P2,e64a793e79b507d7cfba0808d84d5117,P2,Bất động sản,Warehouse Admin (Nhân Viên Hành Chính Kho),Hành chính nhân sự,E3t,"{""E3t"": 2}",4.0,3.75,4.0,3.6667,False,False,3.0,3.0,6.0,3.0
bds_P2,285895e1e0f7af20a86453b5e2c7ed83,P2,Bất động sản,Nhân Viên Chăm Sóc Khách Hàng,Chăm sóc khách hàng,E2|E3,"{""E2"": 8, ""E3"": 3}",6.0,6.0,5.0,5.6667,True,True,2.0,2.0,4.0,3.0
bds_P2,6fd0f53ce484ee83a6aa6bdd18a6a105,P2,Bất động sản,Trưởng Nhóm Bán Hàng Tại Điểm Giới Thiệu Dịch Vụ,Ngân hàng,E2|E2t,"{""E2"": 3, ""E2t"": 6}",2.5,2.75,2.0,2.6667,False,False,2.0,2.0,2.0,2.0
bds_P2,7222c009019dbf5438a77e38fdcb9770,P2,Bất động sản,Nhân Viên Kinh Doanh/ Nhân Viên Tư Vấn Tuyển Sinh/ Tư Vấn Khóa Học IELTS (Không Yêu Cầu Kinh Nghiệm Giáo Dục) - Lương 12 - 25 Triệu/Tháng,Nhân viên kinh doanh,E1|E2t|E3t,"{""E1"": 3, ""E2t"": 5, ""E3t"": 5}",4.5,4.5,4.0,4.3333,False,False,1.0,1.0,4.0,4.0
bds_P2,e773f342ff6fe845a9dfca2a8efc0a82,P2,Bất động sản,Nhân Viên Chăm Sóc Khách Hàng,Chăm sóc khách hàng,E2t|E3t,"{""E2t"": 3, ""E3t"": 4}",3.0,3.5,3.0,3.6667,False,False,2.0,2.0,3.0,3.0
bds_P2,525204f7197acb81a93ebacebc564bc8,P2,Bất động sản,Trưởng Nhóm Kinh Doanh | Giáo Dục/ Dịch Vụ,Giáo dục,E2t,"{""E2t"": 4}",3.5,3.75,2.0,3.0,False,False,4.0,3.0,5.0,2.0
bds_P2,6b103be81808213b770e11514c24315d,P2,Bất động sản,Nhân Viên Lễ Tân - Có 2 Năm Kinh Nghiệm - Có Tiếng Anh Tốt - Hồ Chí Minh,Lao động phổ thông,E1|E2t|E3t,"{""E1"": 4, ""E2t"": 7, ""E3t"": 8}",6.5,6.5,6.0,6.3333,True,True,1.0,1.0,2.0,1.0
bds_P2,d768176760a4009a3743ceb2ee19d16a,P2,Bất động sản,Nhân Viên Chăm Sóc Khách Hàng,Chăm sóc khách hàng,E2|E3,"{""E2"": 4, ""E3"": 6}",6.0,6.25,5.0,6.0,True,True,3.0,3.0,3.0,3.0
bds_P2,2654c16765c6815cbb4c23e53072cf5e,P2,Bất động sản,Nhân Viên Chăm Sóc Khách Hàng (Trà Nương) - Hồ Chí Minh,Chăm sóc khách hàng,E1|E2t|E3t,"{""E1"": 5, ""E2t"": 8, ""E3t"": 9}",6.5,6.5,6.0,6.3333,True,True,3.0,3.0,3.0,2.0
bds_P2,289b97f4e91334ac90cc2cce346762ab,P2,Bất động sản,Nhân Viên Chăm Sóc Khách Hàng,Chăm sóc khách hàng,E2|E3|E3t,"{""E2"": 5, ""E3"": 5, ""E3t"": 7}",4.5,4.25,4.0,4.0,False,False,2.0,2.0,1.0,1.0
bds_P2,3006e0f5298bde0c4e16a99ec0f96872,P2,Bất động sản,Nhân Viên Chăm Sóc Khách Hàng - Telesales,Chăm sóc khách hàng,E2|E3,"{""E2"": 6, ""E3"": 8}",4.0,4.0,4.0,4.0,False,False,2.0,2.0,3.0,3.0
bds_P2,809a9ba3497d5059ae1137b50f16a251,P2,Bất động sản,Nhân Viên Chăm Sóc Khách Hàng,Chăm sóc khách hàng,E3t,"{""E3t"": 6}",5.0,5.0,5.0,4.6667,True,True,2.0,1.0,2.0,2.0
bds_P2,dbbe570cbac7540f1446442d7428cfd6,P2,Bất động sản,Nhân Viên Kinh Doanh / Tư Vấn Viên ̣̣̣KḤ ̣/ KHÔNG YÊU CẦU KINH NGHIỆM,Nhân viên kinh doanh,E1|E2t,"{""E1"": 6, ""E2t"": 10}",5.0,5.0,5.0,5.0,True,True,2.0,2.0,2.0,2.0
bds_P2,090406aad740925ec49e91835a9179a0,P2,Bất động sản,Nhân Viên Chăm Sóc Khách Hàng,Chăm sóc khách hàng,E2|E3,"{""E2"": 9, ""E3"": 7}",4.0,4.5,4.0,3.6667,False,False,4.0,1.0,4.0,3.0
bds_P2,16617adf17ee61ed74e69e567aa545ca,P2,Bất động sản,Trưởng Phòng Kinh Doanh Bất Động Sản,Bất động sản,E1,"{""E1"": 7}",2.5,2.5,2.0,2.3333,False,False,1.0,1.0,1.0,1.0
bds_P2,4d7b6ab5bdeae63a5ec39a040e221f57,P2,Bất động sản,Nhân Viên Lễ Tân Tòa Nhà (Resident Receptionist) - Tiếng Anh,Lao động phổ thông,E1,"{""E1"": 8}",5.0,5.0,5.0,5.3333,True,True,2.0,1.0,2.0,2.0
bds_P2,48345355c4e24e9b62de96ed8397937f,P2,Bất động sản,Nhân Viên Chăm Sóc Khách Hàng,Chăm sóc khách hàng,E3,"{""E3"": 9}",5.0,5.0,5.0,4.6667,True,True,2.0,1.0,4.0,3.0
bds_P2,9dc9b7cde1b64d060eff7f73fd2a512e,P2,Bất động sản,Trưởng Nhóm Kinh Doanh Thị Trường - SPX Express (Hà Nội),Telesales,E2t,"{""E2t"": 9}",2.5,2.75,2.0,2.3333,False,False,2.0,1.0,1.0,0.0
bds_P2,e15593fb1261cd8838d471ef91a0b6f1,P2,Bất động sản,Nhân Viên Lễ Tân Booking Sân Golf,Lao động phổ thông,E1,"{""E1"": 9}",6.0,6.0,6.0,5.6667,True,True,2.0,1.0,4.0,3.0
bds_P2,180cb3864dc2ecf680ead994c23e90ba,P2,Bất động sản,Trưởng Phòng Vận Hành - Telesales (Lĩnh Vực Enabler/Logistic),Telesales,E3,"{""E3"": 10}",3.0,3.25,2.0,2.6667,False,False,3.0,2.0,4.0,1.0
bds_P2,393569e29b4b58bc0f81851017ed3cd8,P2,Bất động sản,"CHUYÊN VIÊN TƯ VẤN TÀI CHÍNH -SHINHAN BANK ( Pico Plaza, Phường Bảy Hiền)",Ngân hàng,E1,"{""E1"": 10}",4.5,4.25,4.0,4.0,False,False,2.0,2.0,4.0,4.0
bds_P2,d67111eb08651ad8a3a982cde26c2fd6,P2,Bất động sản,Nhân Viên Chăm Sóc Khách Hàng,Chăm sóc khách hàng,E3t,"{""E3t"": 10}",6.5,6.5,6.0,6.3333,True,True,3.0,3.0,4.0,3.0
bds_P2,eadb10f792afb06bf250cdce60363583,P2,Bất động sản,"Giám Sát Tuyển Sinh - Quản Lý Lớp Học - Sales Supervisor (Quảng Ngãi, Đà Nẵng, Long An) - Có Kinh Nghiệm Quản Lý Đội Nhóm",Telesales,E2,"{""E2"": 10}",4.5,4.25,4.0,4.0,False,False,2.0,2.0,2.0,2.0
cskh_L1,124f4256f0d6a862038089b366463a3e,L1,Chăm sóc khách hàng,"Nhân Viên Chăm Sóc Khách Hàng Hỗ Trợ Dịch Vụ (Ca Đêm) / Customer Service - Tiếng Anh Tốt, Thu Nhập Hấp Dẫn",Chăm sóc khách hàng,E1|E2|E3|E2t|E3t,"{""E1"": 1, ""E2"": 2, ""E3"": 2, ""E2t"": 2, ""E3t"": 1}",6.0,6.0,6.0,5.6667,True,True,2.0,1.0,1.0,1.0
cskh_L1,3d422579adeed12c81f53cbbcbd535bf,L1,Chăm sóc khách hàng,Nhân Viên Chăm Sóc Khách Hàng/ Tư Vấn Nha Khoa - Thị Trường Nước Ngoài (Tiếng Anh Tốt),Chăm sóc khách hàng,E1|E2|E3|E2t|E3t,"{""E1"": 3, ""E2"": 1, ""E3"": 1, ""E2t"": 1, ""E3t"": 3}",7.0,7.0,7.0,7.0,True,True,0.0,0.0,0.0,0.0
cskh_L1,1a9b7ca897da9ec5ba2873109ea7e308,L1,Chăm sóc khách hàng,Nhân Viên Chăm Sóc Khách Hàng/Customer Service/Telesales/Tư Vấn/Hỗ Trợ Học Viên - (Admission Officer) - ILA Thoại Ngọc Hầu,Chăm sóc khách hàng,E3|E3t,"{""E3"": 6, ""E3t"": 2}",5.0,5.0,5.0,5.0,True,True,0.0,0.0,1.0,1.0
cskh_L1,fadbf9fddd686b0aba832143a92a3355,L1,Chăm sóc khách hàng,Nhân Viên Chăm Sóc Khách Hàng,Chăm sóc khách hàng,E1|E2|E3|E2t|E3t,"{""E1"": 2, ""E2"": 7, ""E3"": 9, ""E2t"": 3, ""E3t"": 4}",6.0,6.0,5.0,5.6667,True,True,2.0,2.0,5.0,2.0
cskh_L1,fa6559da44c6fef3e7ad327ac49988a7,L1,Chăm sóc khách hàng,Nhân Viên Chăm Sóc Khách Hàng Tiếng Anh - Không Yêu Cầu Kinh Nghiệm - Thu Nhập 15 - 23 Triệu - Tại HCM,Chăm sóc khách hàng,E1|E2|E3|E2t|E3t,"{""E1"": 9, ""E2"": 3, ""E3"": 3, ""E2t"": 5, ""E3t"": 10}",7.0,7.5,7.0,7.6667,True,True,2.0,2.0,0.0,0.0
cskh_L1,3006e0f5298bde0c4e16a99ec0f96872,L1,Chăm sóc khách hàng,Nhân Viên Chăm Sóc Khách Hàng - Telesales,Chăm sóc khách hàng,E2t,"{""E2t"": 4}",5.0,4.75,5.0,4.6667,True,True,1.0,1.0,6.0,2.0
cskh_L1,6832943eadf4d88d38290ff03ec26511,L1,Chăm sóc khách hàng,Nhân Viên Chăm Sóc Khách Hàng - Air Xuất [HCM],Chăm sóc khách hàng,E1|E2t|E3t,"{""E1"": 4, ""E2t"": 9, ""E3t"": 9}",4.0,3.75,4.0,3.6667,False,False,3.0,3.0,3.0,3.0
cskh_L1,6f638be62e7594e2cdee54d7f1cb9712,L1,Chăm sóc khách hàng,"Nhân Viên Chăm Sóc Khách Hàng, Tư Vấn App Dịch Vụ Parttime (Hà Nội)",Chăm sóc khách hàng,E1|E2|E3|E2t|E3t,"{""E1"": 5, ""E2"": 4, ""E3"": 5, ""E2t"": 7, ""E3t"": 6}",6.5,6.5,6.0,6.3333,True,True,1.0,1.0,2.0,2.0
cskh_L1,76abfe7fc1356fe35430a4571c96991a,L1,Chăm sóc khách hàng,Nhân Viên Chăm Sóc Khách Hàng Sàn Thương Mại Điện Tử (Biết Tiếng Anh),Chăm sóc khách hàng,E2|E3|E2t|E3t,"{""E2"": 5, ""E3"": 4, ""E2t"": 10, ""E3t"": 8}",5.0,5.25,5.0,5.3333,True,True,1.0,1.0,6.0,3.0
cskh_L1,21e374ac9c4191dfb45bdc896cc76ac5,L1,Chăm sóc khách hàng,Nhân Viên Chăm Sóc Khách Hàng| Telesales,Chăm sóc khách hàng,E2t|E3t,"{""E2t"": 6, ""E3t"": 5}",5.0,5.0,5.0,5.0,True,True,2.0,2.0,6.0,5.0
cskh_L1,591088f37f2ec398caf4ab2d8c94c03f,L1,Chăm sóc khách hàng,Nhân Viên Chăm Sóc Khách Hàng,Chăm sóc khách hàng,E2|E2t,"{""E2"": 6, ""E2t"": 8}",5.0,5.25,5.0,4.6667,True,True,3.0,1.0,5.0,3.0
cskh_L1,8e8a17b399ccc441b7f1a15e86507f91,L1,Chăm sóc khách hàng,Nhân Viên Chăm Sóc Khách Hàng Biết Tiếng Trung - Không Yêu Cầu Kinh Nghiệm - Tuyển Nữ - Tháng Nghỉ 8 Ngày Linh Hoạt (Thu Nhập 20 - 22 Triệu),Chăm sóc khách hàng,E1,"{""E1"": 6}",3.5,3.75,4.0,4.0,False,False,4.0,4.0,2.0,2.0
cskh_L1,1e866941f27c4a08b9de080e35ccae0b,L1,Chăm sóc khách hàng,Nhân Viên Chăm Sóc Khách Hàng/Customer Service/Telesales/Tư Vấn/Hỗ Trợ Học Viên - (Admission Officer) - ILA Nguyễn Ảnh Thủ,Chăm sóc khách hàng,E3|E3t,"{""E3"": 10, ""E3t"": 7}",5.5,5.5,6.0,5.6667,True,True,1.0,1.0,2.0,2.0
cskh_L1,898b904f94add6bd8e1f3688c54408dd,L1,Chăm sóc khách hàng,Nhân Viên Chăm Sóc Khách Hàng,Chăm sóc khách hàng,E3,"{""E3"": 7}",5.0,5.25,5.0,4.6667,True,True,3.0,1.0,5.0,5.0
cskh_L1,d836cad166294470d91048b6d2ed07ce,L1,Chăm sóc khách hàng,Kế Toán Trưởng - Thu Nhập Từ 25 Triệu Đến 28 Triệu,Chăm sóc khách hàng,E1,"{""E1"": 7}",1.5,1.5,2.0,1.6667,False,False,1.0,1.0,1.0,1.0
cskh_L1,650e7291beecf5ee57806dd4e4524d4f,L1,Chăm sóc khách hàng,Nhân Viên Chăm Sóc Khách Hàng Ca Đêm (4 Tiếng/Đêm - Làm Việc Remote - Yêu Cầu Tiếng Anh),Chăm sóc khách hàng,E3,"{""E3"": 8}",5.5,5.5,5.0,5.3333,True,True,1.0,1.0,3.0,1.0
cskh_L1,92140695d685a6d05fb5a5d3ba61bf4d,L1,Chăm sóc khách hàng,"Nhân Viên Chăm Sóc Khách Hàng Mạng Viettel (Làm Việc Tại Văn Phòng, Không Áp Doanh Số)",Chăm sóc khách hàng,E2,"{""E2"": 8}",6.5,6.25,6.0,6.0,True,True,2.0,2.0,0.0,0.0
cskh_L1,e2a95ee4eb1f005599ac4cbb23651694,L1,Chăm sóc khách hàng,Nhân Viên Chăm Sóc Khách Hàng Kiêm Lễ Tân,Chăm sóc khách hàng,E1,"{""E1"": 8}",6.0,6.0,6.0,5.6667,True,True,2.0,1.0,5.0,5.0
cskh_L1,45fcd06c63fbbd8a70e7214600bf8028,L1,Chăm sóc khách hàng,Nhân Viên Chăm Sóc Khách Hàng - Phòng Sales,Chăm sóc khách hàng,E2,"{""E2"": 9}",4.0,4.0,4.0,4.0,False,False,2.0,2.0,2.0,2.0
cskh_L1,6d343b992049d2f8b2607b9fc0332caa,L1,Chăm sóc khách hàng,Nhân Viên Chăm Sóc Khách Hàng (CSKH Tiếng Trung) - Ngành Thương Mại Điện Tử,Chăm sóc khách hàng,E2,"{""E2"": 10}",5.0,5.0,4.0,4.6667,True,False,4.0,4.0,2.0,2.0
cskh_L1,dadd49246f6c21d87ce754ef103a0c92,L1,Chăm sóc khách hàng,Nhân Viên Chăm Sóc Khách Hàng - Dược Phẩm,Chăm sóc khách hàng,E1,"{""E1"": 10}",4.0,4.25,4.0,4.3333,False,False,1.0,1.0,3.0,3.0
cskh_L1b,6f638be62e7594e2cdee54d7f1cb9712,L1b,Chăm sóc khách hàng,"Nhân Viên Chăm Sóc Khách Hàng, Tư Vấn App Dịch Vụ Parttime (Hà Nội)",Chăm sóc khách hàng,E1|E2|E3|E2t|E3t,"{""E1"": 1, ""E2"": 1, ""E3"": 1, ""E2t"": 1, ""E3t"": 1}",7.0,7.25,7.0,7.3333,True,True,1.0,1.0,1.0,0.0
cskh_L1b,124f4256f0d6a862038089b366463a3e,L1b,Chăm sóc khách hàng,"Nhân Viên Chăm Sóc Khách Hàng Hỗ Trợ Dịch Vụ (Ca Đêm) / Customer Service - Tiếng Anh Tốt, Thu Nhập Hấp Dẫn",Chăm sóc khách hàng,E1|E2|E3|E2t|E3t,"{""E1"": 2, ""E2"": 4, ""E3"": 4, ""E2t"": 4, ""E3t"": 3}",6.0,6.0,6.0,5.6667,True,True,2.0,1.0,0.0,0.0
cskh_L1b,21e374ac9c4191dfb45bdc896cc76ac5,L1b,Chăm sóc khách hàng,Nhân Viên Chăm Sóc Khách Hàng| Telesales,Chăm sóc khách hàng,E2t|E3t,"{""E2t"": 7, ""E3t"": 2}",5.0,5.25,5.0,5.3333,True,True,1.0,1.0,2.0,1.0
cskh_L1b,3d422579adeed12c81f53cbbcbd535bf,L1b,Chăm sóc khách hàng,Nhân Viên Chăm Sóc Khách Hàng/ Tư Vấn Nha Khoa - Thị Trường Nước Ngoài (Tiếng Anh Tốt),Chăm sóc khách hàng,E1|E2|E3|E2t|E3t,"{""E1"": 4, ""E2"": 2, ""E3"": 2, ""E2t"": 3, ""E3t"": 5}",7.0,6.75,7.0,6.6667,True,True,1.0,1.0,2.0,2.0
cskh_L1b,fa6559da44c6fef3e7ad327ac49988a7,L1b,Chăm sóc khách hàng,Nhân Viên Chăm Sóc Khách Hàng Tiếng Anh - Không Yêu Cầu Kinh Nghiệm - Thu Nhập 15 - 23 Triệu - Tại HCM,Chăm sóc khách hàng,E1|E2|E3|E2t|E3t,"{""E1"": 9, ""E2"": 3, ""E3"": 3, ""E2t"": 2, ""E3t"": 4}",7.5,7.75,8.0,8.0,True,True,2.0,2.0,2.0,2.0
cskh_L1b,fadbf9fddd686b0aba832143a92a3355,L1b,Chăm sóc khách hàng,Nhân Viên Chăm Sóc Khách Hàng,Chăm sóc khách hàng,E1|E2|E3|E2t|E3t,"{""E1"": 3, ""E2"": 10, ""E3"": 8, ""E2t"": 5, ""E3t"": 6}",7.0,7.0,7.0,7.0,True,True,0.0,0.0,1.0,1.0
cskh_L1b,1a9b7ca897da9ec5ba2873109ea7e308,L1b,Chăm sóc khách hàng,Nhân Viên Chăm Sóc Khách Hàng/Customer Service/Telesales/Tư Vấn/Hỗ Trợ Học Viên - (Admission Officer) - ILA Thoại Ngọc Hầu,Chăm sóc khách hàng,E2|E3|E3t,"{""E2"": 7, ""E3"": 5, ""E3t"": 7}",5.0,5.25,5.0,5.3333,True,True,1.0,1.0,2.0,2.0
cskh_L1b,591088f37f2ec398caf4ab2d8c94c03f,L1b,Chăm sóc khách hàng,Nhân Viên Chăm Sóc Khách Hàng,Chăm sóc khách hàng,E2|E3|E2t,"{""E2"": 5, ""E3"": 6, ""E2t"": 6}",6.0,6.25,6.0,6.0,True,True,1.0,0.0,3.0,3.0
cskh_L1b,6832943eadf4d88d38290ff03ec26511,L1b,Chăm sóc khách hàng,Nhân Viên Chăm Sóc Khách Hàng - Air Xuất [HCM],Chăm sóc khách hàng,E1|E2t|E3t,"{""E1"": 5, ""E2t"": 8, ""E3t"": 8}",5.0,4.5,5.0,4.3333,True,True,4.0,4.0,2.0,2.0
cskh_L1b,8e8a17b399ccc441b7f1a15e86507f91,L1b,Chăm sóc khách hàng,Nhân Viên Chăm Sóc Khách Hàng Biết Tiếng Trung - Không Yêu Cầu Kinh Nghiệm - Tuyển Nữ - Tháng Nghỉ 8 Ngày Linh Hoạt (Thu Nhập 20 - 22 Triệu),Chăm sóc khách hàng,E1|E2t|E3t,"{""E1"": 6, ""E2t"": 9, ""E3t"": 10}",5.5,5.0,5.0,4.3333,True,True,5.0,4.0,2.0,2.0
cskh_L1b,ff0c632a06ba1578d84d382ed7165e01,L1b,Chăm sóc khách hàng,Nhân Viên Chăm Sóc Khách Hàng - ILA Hà Nội,Chăm sóc khách hàng,E2,"{""E2"": 6}",5.5,5.5,5.0,5.0,True,True,3.0,2.0,2.0,2.0
cskh_L1b,650e7291beecf5ee57806dd4e4524d4f,L1b,Chăm sóc khách hàng,Nhân Viên Chăm Sóc Khách Hàng Ca Đêm (4 Tiếng/Đêm - Làm Việc Remote - Yêu Cầu Tiếng Anh),Chăm sóc khách hàng,E3,"{""E3"": 7}",7.0,7.25,7.0,7.3333,True,True,1.0,1.0,2.0,1.0
cskh_L1b,d836cad166294470d91048b6d2ed07ce,L1b,Chăm sóc khách hàng,Kế Toán Trưởng - Thu Nhập Từ 25 Triệu Đến 28 Triệu,Chăm sóc khách hàng,E1|E2|E2t,"{""E1"": 7, ""E2"": 8, ""E2t"": 10}",1.5,1.5,2.0,1.6667,False,False,1.0,1.0,2.0,1.0
cskh_L1b,e2a95ee4eb1f005599ac4cbb23651694,L1b,Chăm sóc khách hàng,Nhân Viên Chăm Sóc Khách Hàng Kiêm Lễ Tân,Chăm sóc khách hàng,E1,"{""E1"": 8}",7.0,6.75,7.0,6.6667,True,True,1.0,1.0,2.0,1.0
cskh_L1b,1e866941f27c4a08b9de080e35ccae0b,L1b,Chăm sóc khách hàng,Nhân Viên Chăm Sóc Khách Hàng/Customer Service/Telesales/Tư Vấn/Hỗ Trợ Học Viên - (Admission Officer) - ILA Nguyễn Ảnh Thủ,Chăm sóc khách hàng,E3t,"{""E3t"": 9}",6.0,6.0,6.0,6.0,True,True,2.0,2.0,2.0,2.0
cskh_L1b,6d343b992049d2f8b2607b9fc0332caa,L1b,Chăm sóc khách hàng,Nhân Viên Chăm Sóc Khách Hàng (CSKH Tiếng Trung) - Ngành Thương Mại Điện Tử,Chăm sóc khách hàng,E3,"{""E3"": 9}",4.0,4.0,2.0,3.3333,False,False,4.0,4.0,3.0,2.0
cskh_L1b,76abfe7fc1356fe35430a4571c96991a,L1b,Chăm sóc khách hàng,Nhân Viên Chăm Sóc Khách Hàng Sàn Thương Mại Điện Tử (Biết Tiếng Anh),Chăm sóc khách hàng,E2,"{""E2"": 9}",5.5,5.5,6.0,5.6667,True,True,1.0,1.0,2.0,1.0
cskh_L1b,6a0c25cc1e41ba3e704bd495a32c3d83,L1b,Chăm sóc khách hàng,Nhân Viên Chăm Sóc Khách Hàng/Customer Service/Telesales/Tư Vấn/Hỗ Trợ Học Viên - (Admission Officer) - ILA Nguyễn Trãi,Chăm sóc khách hàng,E3,"{""E3"": 10}",6.0,6.25,6.0,6.3333,True,True,1.0,1.0,2.0,1.0
cskh_L1b,dadd49246f6c21d87ce754ef103a0c92,L1b,Chăm sóc khách hàng,Nhân Viên Chăm Sóc Khách Hàng - Dược Phẩm,Chăm sóc khách hàng,E1,"{""E1"": 10}",5.0,5.5,5.0,5.6667,True,True,2.0,2.0,3.0,1.0
cskh_L2,124f4256f0d6a862038089b366463a3e,L2,Chăm sóc khách hàng,"Nhân Viên Chăm Sóc Khách Hàng Hỗ Trợ Dịch Vụ (Ca Đêm) / Customer Service - Tiếng Anh Tốt, Thu Nhập Hấp Dẫn",Chăm sóc khách hàng,E1|E2|E3|E2t|E3t,"{""E1"": 1, ""E2"": 2, ""E3"": 1, ""E2t"": 1, ""E3t"": 1}",7.0,6.75,7.0,6.6667,True,True,1.0,1.0,2.0,1.0
cskh_L2,3d422579adeed12c81f53cbbcbd535bf,L2,Chăm sóc khách hàng,Nhân Viên Chăm Sóc Khách Hàng/ Tư Vấn Nha Khoa - Thị Trường Nước Ngoài (Tiếng Anh Tốt),Chăm sóc khách hàng,E1|E2|E3|E2t|E3t,"{""E1"": 3, ""E2"": 1, ""E3"": 2, ""E2t"": 3, ""E3t"": 4}",8.0,7.75,8.0,8.0,True,True,1.0,0.0,1.0,1.0
cskh_L2,21e374ac9c4191dfb45bdc896cc76ac5,L2,Chăm sóc khách hàng,Nhân Viên Chăm Sóc Khách Hàng| Telesales,Chăm sóc khách hàng,E2t|E3t,"{""E2t"": 2, ""E3t"": 2}",6.0,6.25,6.0,6.3333,True,True,1.0,1.0,1.0,1.0
cskh_L2,fadbf9fddd686b0aba832143a92a3355,L2,Chăm sóc khách hàng,Nhân Viên Chăm Sóc Khách Hàng,Chăm sóc khách hàng,E1|E2|E3|E2t|E3t,"{""E1"": 2, ""E2"": 4, ""E3"": 4, ""E2t"": 4, ""E3t"": 3}",8.0,7.75,8.0,8.0,True,True,1.0,0.0,1.0,1.0
cskh_L2,591088f37f2ec398caf4ab2d8c94c03f,L2,Chăm sóc khách hàng,Nhân Viên Chăm Sóc Khách Hàng,Chăm sóc khách hàng,E2|E3|E2t,"{""E2"": 3, ""E3"": 5, ""E2t"": 5}",6.5,6.5,6.0,6.3333,True,True,1.0,1.0,2.0,2.0
cskh_L2,650e7291beecf5ee57806dd4e4524d4f,L2,Chăm sóc khách hàng,Nhân Viên Chăm Sóc Khách Hàng Ca Đêm (4 Tiếng/Đêm - Làm Việc Remote - Yêu Cầu Tiếng Anh),Chăm sóc khách hàng,E1|E3|E3t,"{""E1"": 8, ""E3"": 3, ""E3t"": 10}",7.5,7.5,8.0,7.6667,True,True,1.0,1.0,2.0,2.0
cskh_L2,6832943eadf4d88d38290ff03ec26511,L2,Chăm sóc khách hàng,Nhân Viên Chăm Sóc Khách Hàng - Air Xuất [HCM],Chăm sóc khách hàng,E1|E2t|E3t,"{""E1"": 4, ""E2t"": 8, ""E3t"": 7}",5.0,4.75,5.0,4.6667,True,True,3.0,3.0,1.0,0.0
cskh_L2,3006e0f5298bde0c4e16a99ec0f96872,L2,Chăm sóc khách hàng,Nhân Viên Chăm Sóc Khách Hàng - Telesales,Chăm sóc khách hàng,E2t|E3t,"{""E2t"": 6, ""E3t"": 5}",6.5,6.25,7.0,6.6667,True,True,2.0,1.0,1.0,1.0
cskh_L2,952659106832a799ee22ef45bd252b0f,L2,Chăm sóc khách hàng,Nhân Viên Chăm Sóc Khách Hàng,Chăm sóc khách hàng,E1|E2|E3,"{""E1"": 10, ""E2"": 5, ""E3"": 8}",6.5,6.25,6.0,6.0,True,True,2.0,2.0,1.0,1.0
cskh_L2,d836cad166294470d91048b6d2ed07ce,L2,Chăm sóc khách hàng,Kế Toán Trưởng - Thu Nhập Từ 25 Triệu Đến 28 Triệu,Chăm sóc khách hàng,E1|E2t|E3t,"{""E1"": 5, ""E2t"": 9, ""E3t"": 9}",1.5,1.5,2.0,1.6667,False,False,1.0,1.0,3.0,1.0
cskh_L2,76abfe7fc1356fe35430a4571c96991a,L2,Chăm sóc khách hàng,Nhân Viên Chăm Sóc Khách Hàng Sàn Thương Mại Điện Tử (Biết Tiếng Anh),Chăm sóc khách hàng,E2|E3|E2t|E3t,"{""E2"": 8, ""E3"": 6, ""E2t"": 7, ""E3t"": 6}",6.0,6.0,6.0,6.3333,True,True,2.0,1.0,2.0,1.0
cskh_L2,e2a95ee4eb1f005599ac4cbb23651694,L2,Chăm sóc khách hàng,Nhân Viên Chăm Sóc Khách Hàng Kiêm Lễ Tân,Chăm sóc khách hàng,E1,"{""E1"": 6}",7.5,7.75,8.0,8.0,True,True,2.0,2.0,2.0,1.0
cskh_L2,fa6559da44c6fef3e7ad327ac49988a7,L2,Chăm sóc khách hàng,Nhân Viên Chăm Sóc Khách Hàng Tiếng Anh - Không Yêu Cầu Kinh Nghiệm - Thu Nhập 15 - 23 Triệu - Tại HCM,Chăm sóc khách hàng,E2,"{""E2"": 6}",8.0,7.75,8.0,8.0,True,True,1.0,0.0,1.0,1.0
cskh_L2,1a9b7ca897da9ec5ba2873109ea7e308,L2,Chăm sóc khách hàng,Nhân Viên Chăm Sóc Khách Hàng/Customer Service/Telesales/Tư Vấn/Hỗ Trợ Học Viên - (Admission Officer) - ILA Thoại Ngọc Hầu,Chăm sóc khách hàng,E3|E3t,"{""E3"": 7, ""E3t"": 8}",7.0,7.0,7.0,7.0,True,True,2.0,2.0,2.0,2.0
cskh_L2,412b235d401485bcd87e7c836720fe93,L2,Chăm sóc khách hàng,Nhân Viên Chăm Sóc Khách Hàng Thu Nhập 7.5 - 11TR - Nhận Việc Ngay,Chăm sóc khách hàng,E2,"{""E2"": 7}",6.0,6.0,6.0,6.3333,True,True,2.0,1.0,1.0,1.0
cskh_L2,dadd49246f6c21d87ce754ef103a0c92,L2,Chăm sóc khách hàng,Nhân Viên Chăm Sóc Khách Hàng - Dược Phẩm,Chăm sóc khách hàng,E1,"{""E1"": 7}",6.0,5.5,6.0,6.0,True,True,2.0,0.0,4.0,2.0
cskh_L2,6a0c25cc1e41ba3e704bd495a32c3d83,L2,Chăm sóc khách hàng,Nhân Viên Chăm Sóc Khách Hàng/Customer Service/Telesales/Tư Vấn/Hỗ Trợ Học Viên - (Admission Officer) - ILA Nguyễn Trãi,Chăm sóc khách hàng,E3,"{""E3"": 9}",7.0,6.75,7.0,6.6667,True,True,1.0,1.0,1.0,0.0
cskh_L2,c62ace810e2c430a09ca543d7d0d37c9,L2,Chăm sóc khách hàng,Nhân Viên Chăm Sóc Khách Hàng - Blackmores Úc,Chăm sóc khách hàng,E1,"{""E1"": 9}",6.0,5.75,6.0,6.0,True,True,1.0,0.0,2.0,1.0
cskh_L2,ff0c632a06ba1578d84d382ed7165e01,L2,Chăm sóc khách hàng,Nhân Viên Chăm Sóc Khách Hàng - ILA Hà Nội,Chăm sóc khách hàng,E2|E2t,"{""E2"": 9, ""E2t"": 10}",6.5,6.5,7.0,6.6667,True,True,1.0,1.0,2.0,1.0
cskh_L2,45fcd06c63fbbd8a70e7214600bf8028,L2,Chăm sóc khách hàng,Nhân Viên Chăm Sóc Khách Hàng - Phòng Sales,Chăm sóc khách hàng,E2,"{""E2"": 10}",5.0,5.0,5.0,5.0,True,True,2.0,2.0,2.0,2.0
cskh_L2,ffc745895e2d0e273c1baed978985d23,L2,Chăm sóc khách hàng,Nhân Viên Chăm Sóc Khách Hàng/Customer Service/Telesales/Tư Vấn/Hỗ Trợ Học Viên - (Admission Officer) - ILA Dương Quảng Hàm,Chăm sóc khách hàng,E3,"{""E3"": 10}",7.0,6.5,7.0,6.3333,True,True,2.0,2.0,1.0,1.0
cskh_L2b,124f4256f0d6a862038089b366463a3e,L2b,Chăm sóc khách hàng,"Nhân Viên Chăm Sóc Khách Hàng Hỗ Trợ Dịch Vụ (Ca Đêm) / Customer Service - Tiếng Anh Tốt, Thu Nhập Hấp Dẫn",Chăm sóc khách hàng,E3|E3t,"{""E3"": 1, ""E3t"": 4}",7.0,6.75,7.0,6.6667,True,True,1.0,1.0,3.0,3.0
cskh_L2b,fa6559da44c6fef3e7ad327ac49988a7,L2b,Chăm sóc khách hàng,Nhân Viên Chăm Sóc Khách Hàng Tiếng Anh - Không Yêu Cầu Kinh Nghiệm - Thu Nhập 15 - 23 Triệu - Tại HCM,Chăm sóc khách hàng,E1|E2|E3|E2t|E3t,"{""E1"": 3, ""E2"": 1, ""E3"": 3, ""E2t"": 3, ""E3t"": 5}",7.5,7.75,8.0,8.0,True,True,2.0,2.0,5.0,5.0
cskh_L2b,fadbf9fddd686b0aba832143a92a3355,L2b,Chăm sóc khách hàng,Nhân Viên Chăm Sóc Khách Hàng,Chăm sóc khách hàng,E1|E2|E3|E2t|E3t,"{""E1"": 1, ""E2"": 6, ""E3"": 4, ""E2t"": 1, ""E3t"": 1}",8.0,8.0,8.0,8.0,True,True,0.0,0.0,2.0,2.0
cskh_L2b,21e374ac9c4191dfb45bdc896cc76ac5,L2b,Chăm sóc khách hàng,Nhân Viên Chăm Sóc Khách Hàng| Telesales,Chăm sóc khách hàng,E2t|E3t,"{""E2t"": 2, ""E3t"": 2}",6.0,6.25,6.0,6.3333,True,True,1.0,1.0,1.0,1.0
cskh_L2b,591088f37f2ec398caf4ab2d8c94c03f,L2b,Chăm sóc khách hàng,Nhân Viên Chăm Sóc Khách Hàng,Chăm sóc khách hàng,E1|E2|E3|E2t|E3t,"{""E1"": 4, ""E2"": 2, ""E3"": 5, ""E2t"": 6, ""E3t"": 6}",8.0,7.75,8.0,7.6667,True,True,1.0,1.0,1.0,1.0
cskh_L2b,650e7291beecf5ee57806dd4e4524d4f,L2b,Chăm sóc khách hàng,Nhân Viên Chăm Sóc Khách Hàng Ca Đêm (4 Tiếng/Đêm - Làm Việc Remote - Yêu Cầu Tiếng Anh),Chăm sóc khách hàng,E1|E3,"{""E1"": 8, ""E3"": 2}",7.0,7.25,7.0,7.3333,True,True,1.0,1.0,2.0,1.0
cskh_L2b,952659106832a799ee22ef45bd252b0f,L2b,Chăm sóc khách hàng,Nhân Viên Chăm Sóc Khách Hàng,Chăm sóc khách hàng,E1|E2|E3|E2t|E3t,"{""E1"": 2, ""E2"": 5, ""E3"": 7, ""E2t"": 4, ""E3t"": 3}",7.0,7.0,7.0,7.0,True,True,2.0,2.0,1.0,1.0
cskh_L2b,412b235d401485bcd87e7c836720fe93,L2b,Chăm sóc khách hàng,Nhân Viên Chăm Sóc Khách Hàng Thu Nhập 7.5 - 11TR - Nhận Việc Ngay,Chăm sóc khách hàng,E2|E3|E2t,"{""E2"": 3, ""E3"": 6, ""E2t"": 9}",7.0,6.75,7.0,7.3333,True,True,3.0,1.0,1.0,1.0
cskh_L2b,27bd943f0a3c8b51fbd229368d1a16fb,L2b,Chăm sóc khách hàng,"Nhân Viên Chăm Sóc Khách Hàng (Tổng Đài Viên), Thu Nhập 7-9 Triệu/Tháng",Chăm sóc khách hàng,E2|E2t,"{""E2"": 4, ""E2t"": 10}",8.0,8.0,8.0,8.0,True,True,0.0,0.0,2.0,1.0
cskh_L2b,6f638be62e7594e2cdee54d7f1cb9712,L2b,Chăm sóc khách hàng,"Nhân Viên Chăm Sóc Khách Hàng, Tư Vấn App Dịch Vụ Parttime (Hà Nội)",Chăm sóc khách hàng,E2t,"{""E2t"": 5}",7.0,7.25,7.0,7.3333,True,True,1.0,1.0,4.0,2.0
cskh_L2b,e6975306ca72773f34cab870d59a72cd,L2b,Chăm sóc khách hàng,Nhân Viên Chăm Sóc Khách Hàng,Chăm sóc khách hàng,E1|E2|E2t|E3t,"{""E1"": 5, ""E2"": 7, ""E2t"": 8, ""E3t"": 8}",8.0,7.75,8.0,7.6667,True,True,1.0,1.0,2.0,1.0
cskh_L2b,fab5a680cfe132d6146c9769d5c68e1a,L2b,Chăm sóc khách hàng,Nhân Viên Chăm Sóc Khách Hàng - Dự Án Shopee Pay CS (Customer Service/ Nhân Viên Văn Phòng) - Tân Bình,Chăm sóc khách hàng,E1,"{""E1"": 6}",8.0,8.25,8.0,8.3333,True,True,1.0,1.0,2.0,2.0
cskh_L2b,3006e0f5298bde0c4e16a99ec0f96872,L2b,Chăm sóc khách hàng,Nhân Viên Chăm Sóc Khách Hàng - Telesales,Chăm sóc khách hàng,E2t|E3t,"{""E2t"": 7, ""E3t"": 7}",7.0,6.5,7.0,7.0,True,True,2.0,0.0,1.0,0.0
cskh_L2b,759492e1cd97907452b12472774c433b,L2b,Chăm sóc khách hàng,Nhân Viên Chăm Sóc Khách Hàng Qua Điện Thoại - Làm Việc Tại Bình Thạnh. HCM,Chăm sóc khách hàng,E1,"{""E1"": 7}",8.0,7.5,8.0,7.3333,True,True,2.0,2.0,1.0,1.0
cskh_L2b,1a9b7ca897da9ec5ba2873109ea7e308,L2b,Chăm sóc khách hàng,Nhân Viên Chăm Sóc Khách Hàng/Customer Service/Telesales/Tư Vấn/Hỗ Trợ Học Viên - (Admission Officer) - ILA Thoại Ngọc Hầu,Chăm sóc khách hàng,E2|E3|E3t,"{""E2"": 10, ""E3"": 8, ""E3t"": 9}",6.5,6.75,6.0,6.6667,True,True,2.0,2.0,3.0,2.0
cskh_L2b,3d422579adeed12c81f53cbbcbd535bf,L2b,Chăm sóc khách hàng,Nhân Viên Chăm Sóc Khách Hàng/ Tư Vấn Nha Khoa - Thị Trường Nước Ngoài (Tiếng Anh Tốt),Chăm sóc khách hàng,E2,"{""E2"": 8}",8.0,8.0,8.0,8.0,True,True,0.0,0.0,2.0,2.0
cskh_L2b,7f0901be6371eb2ee948c8a508540bf7,L2b,Chăm sóc khách hàng,Nhân Viên Chăm Sóc Khách Hàng,Chăm sóc khách hàng,E1,"{""E1"": 9}",8.0,8.0,8.0,8.0,True,True,0.0,0.0,3.0,3.0
cskh_L2b,ff0c632a06ba1578d84d382ed7165e01,L2b,Chăm sóc khách hàng,Nhân Viên Chăm Sóc Khách Hàng - ILA Hà Nội,Chăm sóc khách hàng,E2|E3,"{""E2"": 9, ""E3"": 10}",7.0,6.5,7.0,6.3333,True,True,2.0,2.0,1.0,1.0
cskh_L2b,ffc745895e2d0e273c1baed978985d23,L2b,Chăm sóc khách hàng,Nhân Viên Chăm Sóc Khách Hàng/Customer Service/Telesales/Tư Vấn/Hỗ Trợ Học Viên - (Admission Officer) - ILA Dương Quảng Hàm,Chăm sóc khách hàng,E3,"{""E3"": 9}",6.5,6.75,6.0,6.6667,True,True,2.0,2.0,3.0,2.0
cskh_L2b,58479dc76115d603d13a96f58fdb62f4,L2b,Chăm sóc khách hàng,Nhân Viên Chăm Sóc Khách Hàng (Admin Vận Hành) - Đi Làm Ngay Tại 210 Lê Trọng Tấn - Thanh Xuân,Chăm sóc khách hàng,E1,"{""E1"": 10}",7.0,7.0,7.0,7.0,True,True,2.0,2.0,4.0,4.0
cskh_L2b,76abfe7fc1356fe35430a4571c96991a,L2b,Chăm sóc khách hàng,Nhân Viên Chăm Sóc Khách Hàng Sàn Thương Mại Điện Tử (Biết Tiếng Anh),Chăm sóc khách hàng,E3t,"{""E3t"": 10}",6.5,6.5,7.0,6.6667,True,True,1.0,1.0,1.0,1.0
cskh_L3,124f4256f0d6a862038089b366463a3e,L3,Chăm sóc khách hàng,"Nhân Viên Chăm Sóc Khách Hàng Hỗ Trợ Dịch Vụ (Ca Đêm) / Customer Service - Tiếng Anh Tốt, Thu Nhập Hấp Dẫn",Chăm sóc khách hàng,E1|E2|E3|E2t|E3t,"{""E1"": 1, ""E2"": 1, ""E3"": 1, ""E2t"": 1, ""E3t"": 1}",6.5,6.25,6.0,6.0,True,True,2.0,2.0,5.0,1.0
cskh_L3,21e374ac9c4191dfb45bdc896cc76ac5,L3,Chăm sóc khách hàng,Nhân Viên Chăm Sóc Khách Hàng| Telesales,Chăm sóc khách hàng,E2t|E3t,"{""E2t"": 2, ""E3t"": 2}",6.0,5.75,6.0,5.6667,True,True,1.0,1.0,3.0,3.0
cskh_L3,591088f37f2ec398caf4ab2d8c94c03f,L3,Chăm sóc khách hàng,Nhân Viên Chăm Sóc Khách Hàng,Chăm sóc khách hàng,E1|E2|E3|E2t|E3t,"{""E1"": 4, ""E2"": 2, ""E3"": 2, ""E2t"": 4, ""E3t"": 6}",8.0,7.75,8.0,7.6667,True,True,1.0,1.0,1.0,0.0
cskh_L3,fadbf9fddd686b0aba832143a92a3355,L3,Chăm sóc khách hàng,Nhân Viên Chăm Sóc Khách Hàng,Chăm sóc khách hàng,E1|E2|E3|E2t|E3t,"{""E1"": 2, ""E2"": 4, ""E3"": 4, ""E2t"": 3, ""E3t"": 3}",7.5,7.5,8.0,7.6667,True,True,1.0,1.0,2.0,2.0
cskh_L3,952659106832a799ee22ef45bd252b0f,L3,Chăm sóc khách hàng,Nhân Viên Chăm Sóc Khách Hàng,Chăm sóc khách hàng,E1|E2|E3|E2t|E3t,"{""E1"": 3, ""E2"": 3, ""E3"": 3, ""E2t"": 5, ""E3t"": 4}",8.0,8.25,8.0,8.3333,True,True,1.0,1.0,1.0,0.0
cskh_L3,3006e0f5298bde0c4e16a99ec0f96872,L3,Chăm sóc khách hàng,Nhân Viên Chăm Sóc Khách Hàng - Telesales,Chăm sóc khách hàng,E2t|E3t,"{""E2t"": 6, ""E3t"": 5}",5.5,5.75,6.0,6.0,True,True,2.0,2.0,2.0,2.0
cskh_L3,3d422579adeed12c81f53cbbcbd535bf,L3,Chăm sóc khách hàng,Nhân Viên Chăm Sóc Khách Hàng/ Tư Vấn Nha Khoa - Thị Trường Nước Ngoài (Tiếng Anh Tốt),Chăm sóc khách hàng,E2,"{""E2"": 5}",8.0,7.75,8.0,7.6667,True,True,1.0,1.0,4.0,4.0
cskh_L3,650e7291beecf5ee57806dd4e4524d4f,L3,Chăm sóc khách hàng,Nhân Viên Chăm Sóc Khách Hàng Ca Đêm (4 Tiếng/Đêm - Làm Việc Remote - Yêu Cầu Tiếng Anh),Chăm sóc khách hàng,E1|E3|E2t|E3t,"{""E1"": 6, ""E3"": 5, ""E2t"": 10, ""E3t"": 7}",7.5,7.5,8.0,7.6667,True,True,1.0,1.0,2.0,2.0
cskh_L3,fab5a680cfe132d6146c9769d5c68e1a,L3,Chăm sóc khách hàng,Nhân Viên Chăm Sóc Khách Hàng - Dự Án Shopee Pay CS (Customer Service/ Nhân Viên Văn Phòng) - Tân Bình,Chăm sóc khách hàng,E1|E3|E2t|E3t,"{""E1"": 5, ""E3"": 9, ""E2t"": 9, ""E3t"": 8}",8.0,7.5,8.0,7.3333,True,True,2.0,2.0,5.0,5.0
cskh_L3,412b235d401485bcd87e7c836720fe93,L3,Chăm sóc khách hàng,Nhân Viên Chăm Sóc Khách Hàng Thu Nhập 7.5 - 11TR - Nhận Việc Ngay,Chăm sóc khách hàng,E2,"{""E2"": 6}",6.5,6.25,7.0,6.6667,True,True,2.0,1.0,5.0,5.0
cskh_L3,809a9ba3497d5059ae1137b50f16a251,L3,Chăm sóc khách hàng,Nhân Viên Chăm Sóc Khách Hàng,Chăm sóc khách hàng,E3,"{""E3"": 6}",7.5,7.0,7.0,6.6667,True,True,3.0,3.0,3.0,2.0
cskh_L3,759492e1cd97907452b12472774c433b,L3,Chăm sóc khách hàng,Nhân Viên Chăm Sóc Khách Hàng Qua Điện Thoại - Làm Việc Tại Bình Thạnh. HCM,Chăm sóc khách hàng,E1,"{""E1"": 7}",8.0,7.5,8.0,7.3333,True,True,2.0,2.0,4.0,4.0
cskh_L3,76abfe7fc1356fe35430a4571c96991a,L3,Chăm sóc khách hàng,Nhân Viên Chăm Sóc Khách Hàng Sàn Thương Mại Điện Tử (Biết Tiếng Anh),Chăm sóc khách hàng,E2t|E3t,"{""E2t"": 7, ""E3t"": 9}",6.0,6.25,6.0,6.3333,True,True,1.0,1.0,3.0,3.0
cskh_L3,d768176760a4009a3743ceb2ee19d16a,L3,Chăm sóc khách hàng,Nhân Viên Chăm Sóc Khách Hàng,Chăm sóc khách hàng,E3,"{""E3"": 7}",8.0,8.0,8.0,8.0,True,True,0.0,0.0,2.0,1.0
cskh_L3,fa6559da44c6fef3e7ad327ac49988a7,L3,Chăm sóc khách hàng,Nhân Viên Chăm Sóc Khách Hàng Tiếng Anh - Không Yêu Cầu Kinh Nghiệm - Thu Nhập 15 - 23 Triệu - Tại HCM,Chăm sóc khách hàng,E1|E2,"{""E1"": 10, ""E2"": 7}",8.0,7.75,8.0,7.6667,True,True,1.0,1.0,4.0,4.0
cskh_L3,074c1815a026d244b5b591287e60e973,L3,Chăm sóc khách hàng,Nhân Viên Chăm Sóc Khách Hàng & Vận Hành Đơn Online - 1 Năm Kinh Nghiệm - Đi Làm Ngay,Chăm sóc khách hàng,E1|E2|E3,"{""E1"": 8, ""E2"": 9, ""E3"": 8}",6.5,6.5,6.0,6.3333,True,True,1.0,1.0,3.0,1.0
cskh_L3,45fcd06c63fbbd8a70e7214600bf8028,L3,Chăm sóc khách hàng,Nhân Viên Chăm Sóc Khách Hàng - Phòng Sales,Chăm sóc khách hàng,E2|E2t,"{""E2"": 8, ""E2t"": 8}",6.5,6.5,7.0,6.6667,True,True,1.0,1.0,3.0,2.0
cskh_L3,7f0901be6371eb2ee948c8a508540bf7,L3,Chăm sóc khách hàng,Nhân Viên Chăm Sóc Khách Hàng,Chăm sóc khách hàng,E1,"{""E1"": 9}",8.0,7.75,8.0,7.6667,True,True,1.0,1.0,5.0,5.0
cskh_L3,0bc61718fa8dbce75b97eef2e8d92caa,L3,Chăm sóc khách hàng,Nhân Viên Chăm Sóc Khách Hàng,Chăm sóc khách hàng,E3,"{""E3"": 10}",6.0,6.0,5.0,5.6667,True,True,2.0,2.0,1.0,1.0
cskh_L3,289b97f4e91334ac90cc2cce346762ab,L3,Chăm sóc khách hàng,Nhân Viên Chăm Sóc Khách Hàng,Chăm sóc khách hàng,E3t,"{""E3t"": 10}",5.0,5.25,5.0,5.3333,True,True,1.0,1.0,6.0,6.0
cskh_L3,ff0c632a06ba1578d84d382ed7165e01,L3,Chăm sóc khách hàng,Nhân Viên Chăm Sóc Khách Hàng - ILA Hà Nội,Chăm sóc khách hàng,E2,"{""E2"": 10}",6.5,6.25,6.0,6.0,True,True,2.0,2.0,3.0,1.0
cskh_L3b,985e799c03d1deaafa958732eb687ba4,L3b,Chăm sóc khách hàng,Nhân Viên Chăm Sóc Khách Hàng Logistics (Nam),Chăm sóc khách hàng,E1|E2|E3|E2t|E3t,"{""E1"": 1, ""E2"": 4, ""E3"": 2, ""E2t"": 1, ""E3t"": 1}",7.0,7.25,7.0,7.3333,True,True,1.0,1.0,3.0,2.0
cskh_L3b,e773f342ff6fe845a9dfca2a8efc0a82,L3b,Chăm sóc khách hàng,Nhân Viên Chăm Sóc Khách Hàng,Chăm sóc khách hàng,E1|E2|E3|E2t|E3t,"{""E1"": 9, ""E2"": 2, ""E3"": 1, ""E2t"": 4, ""E3t"": 9}",7.0,7.25,7.0,7.3333,True,True,1.0,1.0,5.0,2.0
cskh_L3b,fa6559da44c6fef3e7ad327ac49988a7,L3b,Chăm sóc khách hàng,Nhân Viên Chăm Sóc Khách Hàng Tiếng Anh - Không Yêu Cầu Kinh Nghiệm - Thu Nhập 15 - 23 Triệu - Tại HCM,Chăm sóc khách hàng,E1|E2|E3|E2t|E3t,"{""E1"": 4, ""E2"": 1, ""E3"": 8, ""E2t"": 5, ""E3t"": 7}",8.0,7.5,8.0,7.3333,True,True,2.0,2.0,5.0,5.0
cskh_L3b,21e374ac9c4191dfb45bdc896cc76ac5,L3b,Chăm sóc khách hàng,Nhân Viên Chăm Sóc Khách Hàng| Telesales,Chăm sóc khách hàng,E2t|E3t,"{""E2t"": 6, ""E3t"": 2}",5.5,5.5,6.0,5.6667,True,True,3.0,3.0,3.0,1.0
cskh_L3b,759492e1cd97907452b12472774c433b,L3b,Chăm sóc khách hàng,Nhân Viên Chăm Sóc Khách Hàng Qua Điện Thoại - Làm Việc Tại Bình Thạnh. HCM,Chăm sóc khách hàng,E1|E2t|E3t,"{""E1"": 2, ""E2t"": 3, ""E3t"": 3}",7.0,6.75,6.0,6.3333,True,True,3.0,3.0,7.0,7.0
cskh_L3b,76abfe7fc1356fe35430a4571c96991a,L3b,Chăm sóc khách hàng,Nhân Viên Chăm Sóc Khách Hàng Sàn Thương Mại Điện Tử (Biết Tiếng Anh),Chăm sóc khách hàng,E2t|E3t,"{""E2t"": 2, ""E3t"": 4}",6.5,6.25,6.0,6.0,True,True,2.0,2.0,4.0,1.0
cskh_L3b,58479dc76115d603d13a96f58fdb62f4,L3b,Chăm sóc khách hàng,Nhân Viên Chăm Sóc Khách Hàng (Admin Vận Hành) - Đi Làm Ngay Tại 210 Lê Trọng Tấn - Thanh Xuân,Chăm sóc khách hàng,E1|E2t|E3t,"{""E1"": 3, ""E2t"": 8, ""E3t"": 5}",6.5,6.75,6.0,6.3333,True,True,2.0,1.0,7.0,3.0
cskh_L3b,591088f37f2ec398caf4ab2d8c94c03f,L3b,Chăm sóc khách hàng,Nhân Viên Chăm Sóc Khách Hàng,Chăm sóc khách hàng,E1|E2|E3|E2t|E3t,"{""E1"": 5, ""E2"": 3, ""E3"": 3, ""E2t"": 7, ""E3t"": 10}",8.0,7.75,8.0,7.6667,True,True,1.0,1.0,3.0,1.0
cskh_L3b,d67111eb08651ad8a3a982cde26c2fd6,L3b,Chăm sóc khách hàng,Nhân Viên Chăm Sóc Khách Hàng,Chăm sóc khách hàng,E2|E3|E3t,"{""E2"": 7, ""E3"": 4, ""E3t"": 8}",7.5,7.5,7.0,7.3333,True,True,1.0,1.0,4.0,1.0
cskh_L3b,27bd943f0a3c8b51fbd229368d1a16fb,L3b,Chăm sóc khách hàng,"Nhân Viên Chăm Sóc Khách Hàng (Tổng Đài Viên), Thu Nhập 7-9 Triệu/Tháng",Chăm sóc khách hàng,E1|E2,"{""E1"": 10, ""E2"": 5}",7.5,7.5,7.0,7.3333,True,True,1.0,1.0,4.0,1.0
cskh_L3b,650e7291beecf5ee57806dd4e4524d4f,L3b,Chăm sóc khách hàng,Nhân Viên Chăm Sóc Khách Hàng Ca Đêm (4 Tiếng/Đêm - Làm Việc Remote - Yêu Cầu Tiếng Anh),Chăm sóc khách hàng,E1|E3,"{""E1"": 8, ""E3"": 5}",7.0,6.75,7.0,6.6667,True,True,1.0,1.0,2.0,0.0
cskh_L3b,289b97f4e91334ac90cc2cce346762ab,L3b,Chăm sóc khách hàng,Nhân Viên Chăm Sóc Khách Hàng,Chăm sóc khách hàng,E2t|E3t,"{""E2t"": 9, ""E3t"": 6}",5.5,5.5,5.0,5.3333,True,True,1.0,1.0,6.0,2.0
cskh_L3b,412b235d401485bcd87e7c836720fe93,L3b,Chăm sóc khách hàng,Nhân Viên Chăm Sóc Khách Hàng Thu Nhập 7.5 - 11TR - Nhận Việc Ngay,Chăm sóc khách hàng,E2|E3,"{""E2"": 6, ""E3"": 6}",6.0,6.25,6.0,6.3333,True,True,1.0,1.0,5.0,5.0
cskh_L3b,e6975306ca72773f34cab870d59a72cd,L3b,Chăm sóc khách hàng,Nhân Viên Chăm Sóc Khách Hàng,Chăm sóc khách hàng,E1|E2|E3|E2t,"{""E1"": 6, ""E2"": 8, ""E3"": 10, ""E2t"": 10}",7.0,7.0,6.0,6.6667,True,True,2.0,2.0,5.0,2.0
cskh_L3b,a27b6df942ce68b76c1f513027c57c39,L3b,Chăm sóc khách hàng,Nhân Viên Chăm Sóc Khách Hàng,Chăm sóc khách hàng,E2|E3,"{""E2"": 10, ""E3"": 7}",8.0,7.75,8.0,7.6667,True,True,1.0,1.0,4.0,2.0
cskh_L3b,fab5a680cfe132d6146c9769d5c68e1a,L3b,Chăm sóc khách hàng,Nhân Viên Chăm Sóc Khách Hàng - Dự Án Shopee Pay CS (Customer Service/ Nhân Viên Văn Phòng) - Tân Bình,Chăm sóc khách hàng,E1,"{""E1"": 7}",8.0,7.5,8.0,7.3333,True,True,2.0,2.0,6.0,6.0
cskh_L3b,952659106832a799ee22ef45bd252b0f,L3b,Chăm sóc khách hàng,Nhân Viên Chăm Sóc Khách Hàng,Chăm sóc khách hàng,E2,"{""E2"": 9}",8.0,8.25,8.0,8.3333,True,True,1.0,1.0,2.0,1.0
cskh_L3b,fadbf9fddd686b0aba832143a92a3355,L3b,Chăm sóc khách hàng,Nhân Viên Chăm Sóc Khách Hàng,Chăm sóc khách hàng,E3,"{""E3"": 9}",8.0,7.75,8.0,7.6667,True,True,1.0,1.0,5.0,3.0
cskh_L4,591088f37f2ec398caf4ab2d8c94c03f,L4,Chăm sóc khách hàng,Nhân Viên Chăm Sóc Khách Hàng,Chăm sóc khách hàng,E1|E2|E3|E2t|E3t,"{""E1"": 3, ""E2"": 1, ""E3"": 1, ""E2t"": 3, ""E3t"": 4}",7.5,7.0,7.0,6.6667,True,True,3.0,3.0,3.0,2.0
cskh_L4,fadbf9fddd686b0aba832143a92a3355,L4,Chăm sóc khách hàng,Nhân Viên Chăm Sóc Khách Hàng,Chăm sóc khách hàng,E1|E2|E3|E2t|E3t,"{""E1"": 1, ""E2"": 4, ""E3"": 2, ""E2t"": 1, ""E3t"": 1}",7.5,7.0,7.0,6.6667,True,True,3.0,3.0,4.0,2.0
cskh_L4,21e374ac9c4191dfb45bdc896cc76ac5,L4,Chăm sóc khách hàng,Nhân Viên Chăm Sóc Khách Hàng| Telesales,Chăm sóc khách hàng,E2|E3|E2t|E3t,"{""E2"": 3, ""E3"": 3, ""E2t"": 2, ""E3t"": 2}",6.0,5.5,6.0,5.3333,True,True,2.0,2.0,3.0,2.0
cskh_L4,952659106832a799ee22ef45bd252b0f,L4,Chăm sóc khách hàng,Nhân Viên Chăm Sóc Khách Hàng,Chăm sóc khách hàng,E1|E2|E3|E2t|E3t,"{""E1"": 2, ""E2"": 2, ""E3"": 4, ""E2t"": 4, ""E3t"": 3}",7.5,7.25,7.0,7.0,True,True,2.0,2.0,4.0,3.0
cskh_L4,fab5a680cfe132d6146c9769d5c68e1a,L4,Chăm sóc khách hàng,Nhân Viên Chăm Sóc Khách Hàng - Dự Án Shopee Pay CS (Customer Service/ Nhân Viên Văn Phòng) - Tân Bình,Chăm sóc khách hàng,E1|E3|E2t|E3t,"{""E1"": 4, ""E3"": 10, ""E2t"": 7, ""E3t"": 8}",6.5,6.25,6.0,5.6667,True,True,4.0,3.0,7.0,7.0
cskh_L4,3006e0f5298bde0c4e16a99ec0f96872,L4,Chăm sóc khách hàng,Nhân Viên Chăm Sóc Khách Hàng - Telesales,Chăm sóc khách hàng,E2t|E3t,"{""E2t"": 6, ""E3t"": 5}",6.0,5.75,6.0,5.6667,True,True,3.0,3.0,4.0,2.0
cskh_L4,650e7291beecf5ee57806dd4e4524d4f,L4,Chăm sóc khách hàng,Nhân Viên Chăm Sóc Khách Hàng Ca Đêm (4 Tiếng/Đêm - Làm Việc Remote - Yêu Cầu Tiếng Anh),Chăm sóc khách hàng,E1|E3|E2t|E3t,"{""E1"": 5, ""E3"": 5, ""E2t"": 8, ""E3t"": 6}",7.0,6.75,7.0,6.6667,True,True,1.0,1.0,3.0,0.0
cskh_L4,76abfe7fc1356fe35430a4571c96991a,L4,Chăm sóc khách hàng,Nhân Viên Chăm Sóc Khách Hàng Sàn Thương Mại Điện Tử (Biết Tiếng Anh),Chăm sóc khách hàng,E2t|E3t,"{""E2t"": 5, ""E3t"": 7}",5.5,5.75,5.0,5.3333,True,True,2.0,1.0,5.0,2.0
cskh_L4,e773f342ff6fe845a9dfca2a8efc0a82,L4,Chăm sóc khách hàng,Nhân Viên Chăm Sóc Khách Hàng,Chăm sóc khách hàng,E2|E3|E2t,"{""E2"": 5, ""E3"": 7, ""E2t"": 9}",6.5,6.5,6.0,6.3333,True,True,1.0,1.0,4.0,2.0
cskh_L4,124f4256f0d6a862038089b366463a3e,L4,Chăm sóc khách hàng,"Nhân Viên Chăm Sóc Khách Hàng Hỗ Trợ Dịch Vụ (Ca Đêm) / Customer Service - Tiếng Anh Tốt, Thu Nhập Hấp Dẫn",Chăm sóc khách hàng,E2|E3|E3t,"{""E2"": 7, ""E3"": 6, ""E3t"": 10}",5.5,5.25,5.0,4.6667,True,True,4.0,3.0,5.0,2.0
cskh_L4,3d422579adeed12c81f53cbbcbd535bf,L4,Chăm sóc khách hàng,Nhân Viên Chăm Sóc Khách Hàng/ Tư Vấn Nha Khoa - Thị Trường Nước Ngoài (Tiếng Anh Tốt),Chăm sóc khách hàng,E2,"{""E2"": 6}",7.0,6.75,7.0,6.3333,True,True,3.0,2.0,7.0,7.0
cskh_L4,759492e1cd97907452b12472774c433b,L4,Chăm sóc khách hàng,Nhân Viên Chăm Sóc Khách Hàng Qua Điện Thoại - Làm Việc Tại Bình Thạnh. HCM,Chăm sóc khách hàng,E1,"{""E1"": 6}",5.5,6.0,5.0,5.3333,True,True,3.0,1.0,7.0,7.0
cskh_L4,074c1815a026d244b5b591287e60e973,L4,Chăm sóc khách hàng,Nhân Viên Chăm Sóc Khách Hàng & Vận Hành Đơn Online - 1 Năm Kinh Nghiệm - Đi Làm Ngay,Chăm sóc khách hàng,E1|E2|E3,"{""E1"": 7, ""E2"": 10, ""E3"": 8}",5.5,5.5,5.0,5.0,True,True,3.0,2.0,6.0,3.0
cskh_L4,45fcd06c63fbbd8a70e7214600bf8028,L4,Chăm sóc khách hàng,Nhân Viên Chăm Sóc Khách Hàng - Phòng Sales,Chăm sóc khách hàng,E2|E2t,"{""E2"": 8, ""E2t"": 10}",6.5,6.25,6.0,6.0,True,True,2.0,2.0,2.0,2.0
cskh_L4,7f0901be6371eb2ee948c8a508540bf7,L4,Chăm sóc khách hàng,Nhân Viên Chăm Sóc Khách Hàng,Chăm sóc khách hàng,E1,"{""E1"": 8}",7.0,6.75,6.0,6.3333,True,True,3.0,3.0,7.0,7.0
cskh_L4,289b97f4e91334ac90cc2cce346762ab,L4,Chăm sóc khách hàng,Nhân Viên Chăm Sóc Khách Hàng,Chăm sóc khách hàng,E3t,"{""E3t"": 9}",4.5,4.75,4.0,4.0,False,False,4.0,2.0,9.0,5.0
cskh_L4,d768176760a4009a3743ceb2ee19d16a,L4,Chăm sóc khách hàng,Nhân Viên Chăm Sóc Khách Hàng,Chăm sóc khách hàng,E3,"{""E3"": 9}",6.5,6.5,6.0,6.0,True,True,3.0,2.0,6.0,2.0
cskh_L4,fa6559da44c6fef3e7ad327ac49988a7,L4,Chăm sóc khách hàng,Nhân Viên Chăm Sóc Khách Hàng Tiếng Anh - Không Yêu Cầu Kinh Nghiệm - Thu Nhập 15 - 23 Triệu - Tại HCM,Chăm sóc khách hàng,E1,"{""E1"": 9}",7.0,7.0,7.0,6.6667,True,True,2.0,1.0,7.0,7.0
cskh_L4,ff0c632a06ba1578d84d382ed7165e01,L4,Chăm sóc khách hàng,Nhân Viên Chăm Sóc Khách Hàng - ILA Hà Nội,Chăm sóc khách hàng,E2,"{""E2"": 9}",6.0,6.0,6.0,5.6667,True,True,2.0,1.0,5.0,2.0
cskh_L4,029d35a017920cc193a156ae13f40e11,L4,Chăm sóc khách hàng,Nhân Viên Chăm Sóc Khách Hàng (Ca Đêm) - Lương 15 Triệu ++ (Nữ),Chăm sóc khách hàng,E1,"{""E1"": 10}",7.0,6.75,7.0,6.3333,True,True,3.0,2.0,7.0,7.0
cskh_L4b,124f4256f0d6a862038089b366463a3e,L4b,Chăm sóc khách hàng,"Nhân Viên Chăm Sóc Khách Hàng Hỗ Trợ Dịch Vụ (Ca Đêm) / Customer Service - Tiếng Anh Tốt, Thu Nhập Hấp Dẫn",Chăm sóc khách hàng,E1|E2|E3|E2t|E3t,"{""E1"": 7, ""E2"": 2, ""E3"": 1, ""E2t"": 8, ""E3t"": 6}",6.0,5.5,5.0,5.0,True,True,4.0,4.0,7.0,4.0
cskh_L4b,985e799c03d1deaafa958732eb687ba4,L4b,Chăm sóc khách hàng,Nhân Viên Chăm Sóc Khách Hàng Logistics (Nam),Chăm sóc khách hàng,E1|E2|E3|E2t|E3t,"{""E1"": 1, ""E2"": 3, ""E3"": 3, ""E2t"": 1, ""E3t"": 1}",6.0,6.25,7.0,6.6667,True,True,3.0,3.0,2.0,2.0
cskh_L4b,e773f342ff6fe845a9dfca2a8efc0a82,L4b,Chăm sóc khách hàng,Nhân Viên Chăm Sóc Khách Hàng,Chăm sóc khách hàng,E1|E2|E3|E2t|E3t,"{""E1"": 6, ""E2"": 1, ""E3"": 2, ""E2t"": 5, ""E3t"": 8}",6.5,6.25,6.0,6.0,True,True,2.0,2.0,4.0,2.0
cskh_L4b,650e7291beecf5ee57806dd4e4524d4f,L4b,Chăm sóc khách hàng,Nhân Viên Chăm Sóc Khách Hàng Ca Đêm (4 Tiếng/Đêm - Làm Việc Remote - Yêu Cầu Tiếng Anh),Chăm sóc khách hàng,E1|E3|E2t|E3t,"{""E1"": 2, ""E3"": 5, ""E2t"": 3, ""E3t"": 3}",6.0,6.25,6.0,6.3333,True,True,1.0,1.0,2.0,2.0
cskh_L4b,76abfe7fc1356fe35430a4571c96991a,L4b,Chăm sóc khách hàng,Nhân Viên Chăm Sóc Khách Hàng Sàn Thương Mại Điện Tử (Biết Tiếng Anh),Chăm sóc khách hàng,E2t|E3t,"{""E2t"": 2, ""E3t"": 2}",6.0,6.0,6.0,5.6667,True,True,2.0,1.0,5.0,2.0
cskh_L4b,fab5a680cfe132d6146c9769d5c68e1a,L4b,Chăm sóc khách hàng,Nhân Viên Chăm Sóc Khách Hàng - Dự Án Shopee Pay CS (Customer Service/ Nhân Viên Văn Phòng) - Tân Bình,Chăm sóc khách hàng,E1|E2t|E3t,"{""E1"": 3, ""E2t"": 6, ""E3t"": 7}",6.5,6.5,6.0,6.0,True,True,3.0,2.0,7.0,7.0
cskh_L4b,21e374ac9c4191dfb45bdc896cc76ac5,L4b,Chăm sóc khách hàng,Nhân Viên Chăm Sóc Khách Hàng| Telesales,Chăm sóc khách hàng,E2t|E3t,"{""E2t"": 4, ""E3t"": 4}",6.0,5.5,6.0,5.3333,True,True,2.0,2.0,5.0,2.0
cskh_L4b,58479dc76115d603d13a96f58fdb62f4,L4b,Chăm sóc khách hàng,Nhân Viên Chăm Sóc Khách Hàng (Admin Vận Hành) - Đi Làm Ngay Tại 210 Lê Trọng Tấn - Thanh Xuân,Chăm sóc khách hàng,E1|E2t|E3t,"{""E1"": 4, ""E2t"": 9, ""E3t"": 9}",5.5,5.25,4.0,4.6667,True,False,4.0,4.0,6.0,3.0
cskh_L4b,952659106832a799ee22ef45bd252b0f,L4b,Chăm sóc khách hàng,Nhân Viên Chăm Sóc Khách Hàng,Chăm sóc khách hàng,E1|E2|E3,"{""E1"": 9, ""E2"": 4, ""E3"": 6}",8.0,7.75,8.0,7.6667,True,True,1.0,1.0,4.0,2.0
cskh_L4b,d67111eb08651ad8a3a982cde26c2fd6,L4b,Chăm sóc khách hàng,Nhân Viên Chăm Sóc Khách Hàng,Chăm sóc khách hàng,E2|E3|E3t,"{""E2"": 5, ""E3"": 4, ""E3t"": 5}",7.0,6.75,6.0,6.3333,True,True,3.0,3.0,5.0,2.0
cskh_L4b,d639b9b72aaf457a04020af45ff907c9,L4b,Chăm sóc khách hàng,Kỹ Sư Giám Sát Hệ Thống Cấp Thoát Nước,Chăm sóc khách hàng,E1,"{""E1"": 5}",2.0,2.5,2.0,2.6667,False,False,4.0,4.0,4.0,3.0
cskh_L4b,27bd943f0a3c8b51fbd229368d1a16fb,L4b,Chăm sóc khách hàng,"Nhân Viên Chăm Sóc Khách Hàng (Tổng Đài Viên), Thu Nhập 7-9 Triệu/Tháng",Chăm sóc khách hàng,E2|E3,"{""E2"": 6, ""E3"": 9}",7.0,7.0,6.0,6.6667,True,True,2.0,2.0,5.0,2.0
cskh_L4b,289b97f4e91334ac90cc2cce346762ab,L4b,Chăm sóc khách hàng,Nhân Viên Chăm Sóc Khách Hàng,Chăm sóc khách hàng,E2t|E3t,"{""E2t"": 7, ""E3t"": 10}",5.5,5.25,5.0,4.6667,True,True,4.0,3.0,6.0,2.0
cskh_L4b,412b235d401485bcd87e7c836720fe93,L4b,Chăm sóc khách hàng,Nhân Viên Chăm Sóc Khách Hàng Thu Nhập 7.5 - 11TR - Nhận Việc Ngay,Chăm sóc khách hàng,E2|E3,"{""E2"": 8, ""E3"": 7}",6.0,6.0,6.0,5.6667,True,True,2.0,1.0,7.0,7.0
cskh_L4b,42bc47bdcde9a3e126e841180df5b247,L4b,Chăm sóc khách hàng,Nhân Viên Chăm Sóc Khách Hàng,Chăm sóc khách hàng,E2|E3,"{""E2"": 7, ""E3"": 8}",6.5,6.5,6.0,6.3333,True,True,3.0,3.0,4.0,1.0
cskh_L4b,30bdafbf9ca262f5019450cbde5cb784,L4b,Chăm sóc khách hàng,Điều Phối Viên Khai Thác (Operation Coordinator),Chăm sóc khách hàng,E1,"{""E1"": 8}",2.0,1.75,2.0,1.6667,False,False,1.0,1.0,3.0,2.0
cskh_L4b,6e270025019eaafb86478b9c09f7e23f,L4b,Chăm sóc khách hàng,Nhân Viên Chăm Sóc Khách Hàng Điện Lực,Chăm sóc khách hàng,E2|E3,"{""E2"": 9, ""E3"": 10}",7.0,7.0,6.0,6.6667,True,True,2.0,2.0,6.0,6.0
cskh_L4b,029d35a017920cc193a156ae13f40e11,L4b,Chăm sóc khách hàng,Nhân Viên Chăm Sóc Khách Hàng (Ca Đêm) - Lương 15 Triệu ++ (Nữ),Chăm sóc khách hàng,E1,"{""E1"": 10}",6.5,6.25,6.0,5.6667,True,True,4.0,3.0,7.0,7.0
cskh_L4b,074c1815a026d244b5b591287e60e973,L4b,Chăm sóc khách hàng,Nhân Viên Chăm Sóc Khách Hàng & Vận Hành Đơn Online - 1 Năm Kinh Nghiệm - Đi Làm Ngay,Chăm sóc khách hàng,E2,"{""E2"": 10}",6.0,5.75,6.0,5.3333,True,True,3.0,2.0,7.0,3.0
cskh_L4b,3006e0f5298bde0c4e16a99ec0f96872,L4b,Chăm sóc khách hàng,Nhân Viên Chăm Sóc Khách Hàng - Telesales,Chăm sóc khách hàng,E2t,"{""E2t"": 10}",5.5,5.75,5.0,5.6667,True,True,2.0,2.0,4.0,2.0
cskh_P,29d48d4363bf19fc33148f8f86ccdb31,P,Chăm sóc khách hàng,Software Engineer (Golang/Python/Java...),IT,E1|E2|E3|E2t|E3t,"{""E1"": 2, ""E2"": 1, ""E3"": 1, ""E2t"": 1, ""E3t"": 1}",6.5,6.75,6.0,6.6667,True,True,2.0,2.0,2.0,2.0
cskh_P,7222c009019dbf5438a77e38fdcb9770,P,Chăm sóc khách hàng,Nhân Viên Kinh Doanh/ Nhân Viên Tư Vấn Tuyển Sinh/ Tư Vấn Khóa Học IELTS (Không Yêu Cầu Kinh Nghiệm Giáo Dục) - Lương 12 - 25 Triệu/Tháng,Nhân viên kinh doanh,E1|E2|E3|E2t|E3t,"{""E1"": 1, ""E2"": 4, ""E3"": 4, ""E2t"": 2, ""E3t"": 2}",3.5,3.5,3.0,3.3333,False,False,3.0,3.0,4.0,4.0
cskh_P,0b76d06d6b3e327518030a7f1303aa56,P,Chăm sóc khách hàng,Giảng Viên Lập Trình IT,Giáo dục,E1|E2|E3|E2t|E3t,"{""E1"": 8, ""E2"": 2, ""E3"": 2, ""E2t"": 4, ""E3t"": 7}",6.0,5.75,6.0,5.6667,True,True,1.0,1.0,3.0,3.0
cskh_P,00423c73f9370feb76096c5e4e362b68,P,Chăm sóc khách hàng,Technical Leader - Lương Up To 3.000$,IT,E2|E3,"{""E2"": 3, ""E3"": 3}",3.0,3.75,3.0,4.0,False,False,3.0,3.0,2.0,1.0
cskh_P,393569e29b4b58bc0f81851017ed3cd8,P,Chăm sóc khách hàng,"CHUYÊN VIÊN TƯ VẤN TÀI CHÍNH -SHINHAN BANK ( Pico Plaza, Phường Bảy Hiền)",Ngân hàng,E1|E2|E3|E2t|E3t,"{""E1"": 3, ""E2"": 6, ""E3"": 7, ""E2t"": 5, ""E3t"": 5}",3.5,3.5,3.0,3.0,False,False,3.0,2.0,6.0,6.0
cskh_P,b838f240ce7695573dbee4b4a0f6d2b2,P,Chăm sóc khách hàng,Java Developer (Senior) - Phần Mềm,IT,E2|E3|E2t|E3t,"{""E2"": 5, ""E3"": 6, ""E2t"": 3, ""E3t"": 4}",4.5,4.75,4.0,4.6667,False,False,2.0,2.0,2.0,1.0
cskh_P,d00ea9a126c6f39b8f810a99686432fa,P,Chăm sóc khách hàng,Nhân Viên Design POD,Thiết kế đồ họa,E3|E3t,"{""E3"": 5, ""E3t"": 3}",2.0,2.0,2.0,1.6667,False,False,2.0,1.0,2.0,1.0
cskh_P,fadbf9fddd686b0aba832143a92a3355,P,Chăm sóc khách hàng,Nhân Viên Chăm Sóc Khách Hàng,Chăm sóc khách hàng,E1|E2|E3|E2t|E3t,"{""E1"": 4, ""E2"": 8, ""E3"": 9, ""E2t"": 7, ""E3t"": 8}",4.0,4.5,3.0,3.6667,False,False,4.0,2.0,4.0,3.0
cskh_P,2a2d604426767b782a443a4987a42188,P,Chăm sóc khách hàng,Trade Marketing Manager,Marketing,E1|E2|E3|E2t|E3t,"{""E1"": 5, ""E2"": 9, ""E3"": 10, ""E2t"": 8, ""E3t"": 9}",2.0,2.25,2.0,1.6667,False,False,3.0,1.0,1.0,1.0
cskh_P,0db390f78779bc010ffe755b73fb4695,P,Chăm sóc khách hàng,Thực Tập Sinh Designer POD,Thiết kế đồ họa,E3|E3t,"{""E3"": 8, ""E3t"": 6}",2.5,2.5,2.0,2.3333,False,False,3.0,3.0,5.0,5.0
cskh_P,c073efc5ec9c7f006494b1ceaf14aad0,P,Chăm sóc khách hàng,Trưởng Nhóm Hạ Tầng Kỹ Thuật,Kỹ sư xây dựng,E2|E2t,"{""E2"": 7, ""E2t"": 6}",2.0,2.25,2.0,2.3333,False,False,1.0,1.0,1.0,1.0
cskh_P,eadb10f792afb06bf250cdce60363583,P,Chăm sóc khách hàng,"Giám Sát Tuyển Sinh - Quản Lý Lớp Học - Sales Supervisor (Quảng Ngãi, Đà Nẵng, Long An) - Có Kinh Nghiệm Quản Lý Đội Nhóm",Telesales,E1|E2t,"{""E1"": 6, ""E2t"": 10}",3.5,4.0,3.0,3.3333,False,False,3.0,1.0,6.0,4.0
cskh_P,92140695d685a6d05fb5a5d3ba61bf4d,P,Chăm sóc khách hàng,"Nhân Viên Chăm Sóc Khách Hàng Mạng Viettel (Làm Việc Tại Văn Phòng, Không Áp Doanh Số)",Chăm sóc khách hàng,E1,"{""E1"": 7}",4.0,4.0,5.0,4.3333,False,True,2.0,2.0,3.0,3.0
cskh_P,164ef62aece4552279181e21216fb2b3,P,Chăm sóc khách hàng,AI Engineer / Vision AI Công Ty IT Hàn Quốc,IT,E2|E2t,"{""E2"": 10, ""E2t"": 9}",3.5,3.25,4.0,3.3333,False,False,2.0,2.0,2.0,2.0
cskh_P,a8bc9b3fa0e4282fe5b1ca0832888316,P,Chăm sóc khách hàng,"Nhân Viên Sales/Tư Vấn Dịch Vụ Đầu Tư Bất Động Sản, Căn Hộ, Biệt Thự| Data Có Sẵn | Hoa Hồng Cao | Không Áp Lực Kinh Nghiệm",Bất động sản,E1,"{""E1"": 9}",2.5,3.0,2.0,2.3333,False,False,3.0,1.0,3.0,3.0
cskh_P,a9ff50156c5c68869371e1ede3adf900,P,Chăm sóc khách hàng,Chuyên Viên Vật Lý (Lương 30 Triệu ++),Giáo dục,E1,"{""E1"": 10}",2.0,1.75,2.0,2.0,False,False,1.0,0.0,2.0,1.0
cskh_P,f224329725039dacca80697c36a5b0fe,P,Chăm sóc khách hàng,AI Machine Learning Lead,Giáo dục,E3t,"{""E3t"": 10}",3.0,3.0,4.0,3.3333,False,False,2.0,2.0,3.0,2.0
cskh_P2,7222c009019dbf5438a77e38fdcb9770,P2,Chăm sóc khách hàng,Nhân Viên Kinh Doanh/ Nhân Viên Tư Vấn Tuyển Sinh/ Tư Vấn Khóa Học IELTS (Không Yêu Cầu Kinh Nghiệm Giáo Dục) - Lương 12 - 25 Triệu/Tháng,Nhân viên kinh doanh,E1|E2|E3|E2t|E3t,"{""E1"": 1, ""E2"": 6, ""E3"": 3, ""E2t"": 1, ""E3t"": 1}",4.0,4.0,4.0,4.0,False,False,2.0,2.0,4.0,4.0
cskh_P2,a0096757dd678ef5163f76a231cebdfc,P2,Chăm sóc khách hàng,Kỹ Sư Thiết Kế Kết Cấu Thép/ Kỹ Thuật Viên Autocad/ Shopdrawing Khung Nhà Thép Tại Thủ Đức - TP.Hồ Chí Minh - Đi Làm Ngay,Kỹ sư xây dựng,E1|E2|E3,"{""E1"": 10, ""E2"": 1, ""E3"": 1}",3.0,3.25,3.0,3.3333,False,False,3.0,3.0,2.0,2.0
cskh_P2,21e374ac9c4191dfb45bdc896cc76ac5,P2,Chăm sóc khách hàng,Nhân Viên Chăm Sóc Khách Hàng| Telesales,Chăm sóc khách hàng,E2|E3|E2t,"{""E2"": 3, ""E3"": 2, ""E2t"": 9}",5.0,5.0,5.0,5.0,True,True,2.0,2.0,3.0,3.0
cskh_P2,34265abc78e946c86b0fca885ec8eaf0,P2,Chăm sóc khách hàng,Giáo Viên Tiếng Anh (Toeic - Giao Tiếp) - Full Time / Part Time,Giáo dục,E2|E2t,"{""E2"": 7, ""E2t"": 2}",1.0,1.75,1.0,2.0,False,False,3.0,3.0,7.0,5.0
cskh_P2,393569e29b4b58bc0f81851017ed3cd8,P2,Chăm sóc khách hàng,"CHUYÊN VIÊN TƯ VẤN TÀI CHÍNH -SHINHAN BANK ( Pico Plaza, Phường Bảy Hiền)",Ngân hàng,E1|E2|E3|E2t|E3t,"{""E1"": 2, ""E2"": 8, ""E3"": 5, ""E2t"": 3, ""E3t"": 3}",4.0,4.0,3.0,3.6667,False,False,2.0,2.0,2.0,2.0
cskh_P2,6598dd7de67b79a37cfb1fda152fdc8b,P2,Chăm sóc khách hàng,Chuyên Viên Dịch Vụ Khách Hàng,Bất động sản,E2,"{""E2"": 2}",3.0,3.25,3.0,3.3333,False,False,3.0,3.0,1.0,1.0
cskh_P2,e92fe0f25fadb955d7462df748dbfb0b,P2,Chăm sóc khách hàng,Trưởng Nhóm Thiết Kế/Graphic Designer,Thiết kế đồ họa,E3|E2t|E3t,"{""E3"": 4, ""E2t"": 8, ""E3t"": 2}",1.0,1.0,1.0,1.0,False,False,2.0,2.0,2.0,2.0
cskh_P2,fadbf9fddd686b0aba832143a92a3355,P2,Chăm sóc khách hàng,Nhân Viên Chăm Sóc Khách Hàng,Chăm sóc khách hàng,E1|E2|E3|E2t|E3t,"{""E1"": 3, ""E2"": 10, ""E3"": 7, ""E2t"": 5, ""E3t"": 5}",5.0,5.0,4.0,4.3333,True,False,4.0,3.0,3.0,3.0
cskh_P2,2a2d604426767b782a443a4987a42188,P2,Chăm sóc khách hàng,Trade Marketing Manager,Marketing,E1|E3|E2t|E3t,"{""E1"": 4, ""E3"": 9, ""E2t"": 7, ""E3t"": 7}",2.0,1.75,2.0,1.6667,False,False,1.0,1.0,2.0,2.0
cskh_P2,6988fa91c747143a0cb8e04a1dc4bdaf,P2,Chăm sóc khách hàng,Nhân Viên Thiết Kế [ Thu Nhập Upto 20 Triệu+++ Được Đào Tạo Bài Bản Từ Đầu...],IT,E3|E3t,"{""E3"": 6, ""E3t"": 4}",3.0,3.25,3.0,3.3333,False,False,3.0,3.0,2.0,2.0
cskh_P2,7252970c22bad90ab16d39f493626756,P2,Chăm sóc khách hàng,Nhân Viên Chăm Sóc Khách Hàng Điện Lực,Chăm sóc khách hàng,E2,"{""E2"": 4}",5.5,5.25,5.0,5.0,True,True,2.0,2.0,4.0,4.0
cskh_P2,c073efc5ec9c7f006494b1ceaf14aad0,P2,Chăm sóc khách hàng,Trưởng Nhóm Hạ Tầng Kỹ Thuật,Kỹ sư xây dựng,E2|E2t,"{""E2"": 9, ""E2t"": 4}",2.0,2.0,2.0,2.0,False,False,0.0,0.0,2.0,2.0
cskh_P2,3006e0f5298bde0c4e16a99ec0f96872,P2,Chăm sóc khách hàng,Nhân Viên Chăm Sóc Khách Hàng - Telesales,Chăm sóc khách hàng,E2,"{""E2"": 5}",5.0,4.25,5.0,4.0,True,True,3.0,3.0,3.0,3.0
cskh_P2,eadb10f792afb06bf250cdce60363583,P2,Chăm sóc khách hàng,"Giám Sát Tuyển Sinh - Quản Lý Lớp Học - Sales Supervisor (Quảng Ngãi, Đà Nẵng, Long An) - Có Kinh Nghiệm Quản Lý Đội Nhóm",Telesales,E1|E2t|E3t,"{""E1"": 5, ""E2t"": 10, ""E3t"": 9}",4.0,4.0,4.0,3.6667,False,False,2.0,1.0,4.0,4.0
cskh_P2,12ada966cc6c022e21dd202477e5af9d,P2,Chăm sóc khách hàng,Hành Chính Nhân Sự,Hành chính nhân sự,E2t,"{""E2t"": 6}",3.5,3.75,3.0,3.6667,False,False,4.0,4.0,2.0,2.0
cskh_P2,92140695d685a6d05fb5a5d3ba61bf4d,P2,Chăm sóc khách hàng,"Nhân Viên Chăm Sóc Khách Hàng Mạng Viettel (Làm Việc Tại Văn Phòng, Không Áp Doanh Số)",Chăm sóc khách hàng,E1,"{""E1"": 6}",5.5,5.25,6.0,5.3333,True,True,2.0,2.0,4.0,4.0
cskh_P2,bf6254db550b12c38e6d2eeb2ab57531,P2,Chăm sóc khách hàng,Thiết Kế,Thiết kế đồ họa,E3|E3t,"{""E3"": 8, ""E3t"": 6}",2.0,2.25,2.0,2.3333,False,False,3.0,3.0,2.0,2.0
cskh_P2,a8bc9b3fa0e4282fe5b1ca0832888316,P2,Chăm sóc khách hàng,"Nhân Viên Sales/Tư Vấn Dịch Vụ Đầu Tư Bất Động Sản, Căn Hộ, Biệt Thự| Data Có Sẵn | Hoa Hồng Cao | Không Áp Lực Kinh Nghiệm",Bất động sản,E1,"{""E1"": 7}",3.0,3.5,3.0,2.6667,False,False,4.0,1.0,3.0,3.0
cskh_P2,a9ff50156c5c68869371e1ede3adf900,P2,Chăm sóc khách hàng,Chuyên Viên Vật Lý (Lương 30 Triệu ++),Giáo dục,E1,"{""E1"": 8}",1.0,1.5,1.0,1.6667,False,False,2.0,2.0,2.0,1.0
cskh_P2,d00ea9a126c6f39b8f810a99686432fa,P2,Chăm sóc khách hàng,Nhân Viên Design POD,Thiết kế đồ họa,E3|E3t,"{""E3"": 10, ""E3t"": 8}",2.0,2.0,2.0,2.0,False,False,2.0,2.0,2.0,2.0
cskh_P2,02c4bdaf39ab21cdf6a72936cb31b802,P2,Chăm sóc khách hàng,"Giám Sát Công Trình Thi Công Hiện Trường (Không Yêu Cầu Kinh Nghiệm, Được Đào Tạo) - Thu Nhập 14 Triệu - 16 Triệu",Giáo dục,E1,"{""E1"": 9}",3.5,3.5,3.0,3.3333,False,False,3.0,3.0,3.0,2.0
cskh_P2,30d04e5ddf720c6949a51fc7b218bf2b,P2,Chăm sóc khách hàng,Nhân Viên Thiết Kế (Graphic Design),Thiết kế đồ họa,E3t,"{""E3t"": 10}",2.0,2.0,2.0,2.0,False,False,2.0,2.0,5.0,2.0
gd_L1,a9ff50156c5c68869371e1ede3adf900,L1,Giáo dục,Chuyên Viên Vật Lý (Lương 30 Triệu ++),Giáo dục,E1|E2t|E3t,"{""E1"": 1, ""E2t"": 1, ""E3t"": 2}",2.0,2.25,2.0,2.3333,False,False,1.0,1.0,0.0,0.0
gd_L1,dce521390d3e06af94978332ba4636a1,L1,Giáo dục,Sales Executive (Nữ) Tư Vấn Khoá Đào Tạo Kỹ Năng Quản Lý CNTT,Giáo dục,E1|E2|E3|E3t,"{""E1"": 9, ""E2"": 8, ""E3"": 1, ""E3t"": 1}",5.5,5.25,5.0,5.0,True,True,4.0,4.0,1.0,1.0
gd_L1,f8efd4f2428268672be73753c4270382,L1,Giáo dục,Nhân Viên Tư Vấn Khóa Học- Tiếng Trung Giao Tiếp,Giáo dục,E1|E2|E3|E2t|E3t,"{""E1"": 3, ""E2"": 1, ""E3"": 4, ""E2t"": 3, ""E3t"": 5}",4.5,4.25,4.0,4.0,False,False,2.0,2.0,3.0,3.0
gd_L1,34265abc78e946c86b0fca885ec8eaf0,L1,Giáo dục,Giáo Viên Tiếng Anh (Toeic - Giao Tiếp) - Full Time / Part Time,Giáo dục,E1|E2|E3|E2t|E3t,"{""E1"": 5, ""E2"": 2, ""E3"": 5, ""E2t"": 7, ""E3t"": 7}",5.0,5.5,5.0,5.0,True,True,2.0,0.0,2.0,2.0
gd_L1,94a6b71a0ae7e1e55b653c217511b8f8,L1,Giáo dục,"Trưởng Nhóm Tư Vấn Định Cư, Đầu Tư (Ưu Tiên Châu Âu)",Giáo dục,E2t,"{""E2t"": 2}",3.0,3.0,2.0,2.6667,False,False,2.0,2.0,2.0,2.0
gd_L1,a4a067d01daa32bb7293f11bed773e80,L1,Giáo dục,Chuyên Viên Tuyển Dụng Đào Tạo,Giáo dục,E1|E2t|E3t,"{""E1"": 2, ""E2t"": 4, ""E3t"": 4}",2.5,2.75,2.0,2.6667,False,False,2.0,2.0,2.0,1.0
gd_L1,d8513f4d81b4553be6d704e58e7e0bbc,L1,Giáo dục,Chuyên Viên Phát Triển Chương Trình Đào Tạo,Giáo dục,E2|E3|E3t,"{""E2"": 7, ""E3"": 2, ""E3t"": 6}",5.5,5.75,5.0,5.3333,True,True,2.0,1.0,5.0,4.0
gd_L1,3027b3cd07aed405be513b4109f4f06f,L1,Giáo dục,"Giảng Viên Đào Tạo Cấp Cao - Thu Nhập, Chế Độ Đãi Ngộ Hấp Dẫn",Giáo dục,E2|E3|E3t,"{""E2"": 6, ""E3"": 3, ""E3t"": 3}",3.5,3.5,3.0,3.0,False,False,3.0,2.0,3.0,1.0
gd_L1,6b9b3b313c3dbf64c2ac7be65ff8905c,L1,Giáo dục,Learning & Development Specialist,Giáo dục,E2|E3|E2t|E3t,"{""E2"": 3, ""E3"": 6, ""E2t"": 5, ""E3t"": 8}",3.5,3.75,4.0,4.0,False,False,2.0,2.0,2.0,2.0
gd_L1,010e3fe2ae4b66151bcbabb4228a88a8,L1,Giáo dục,Nhân Viên Tư Vấn Du Học Trung Quốc - Không Yêu Cầu Kinh Nghiệm,Giáo dục,E1|E2t|E3t,"{""E1"": 4, ""E2t"": 10, ""E3t"": 9}",3.5,4.25,3.0,3.3333,False,False,4.0,1.0,0.0,0.0
gd_L1,50cdbdf44c6a4679afe42424cfa1aab7,L1,Giáo dục,Trưởng Nhóm Học Liệu/Thiết Kế Bài Giảng Tiếng Anh Gia Sư Online ( Tiểu Học/THCS),Giáo dục,E1|E2|E3|E2t|E3t,"{""E1"": 10, ""E2"": 4, ""E3"": 7, ""E2t"": 9, ""E3t"": 10}",2.5,2.5,2.0,2.3333,False,False,1.0,1.0,2.0,1.0
gd_L1,403c0fcc6385a30b7c71339d1791cc24,L1,Giáo dục,Nhân Viên Hướng Nghiệp Và Đại Học,Giáo dục,E2|E3|E2t,"{""E2"": 5, ""E3"": 8, ""E2t"": 8}",4.5,4.75,4.0,4.0,False,False,4.0,2.0,3.0,3.0
gd_L1,b55df244d55b2a7b6e1f01de7f251dfa,L1,Giáo dục,Senior Sales Closer (Vietnamese & English-Speaking) — Fast Track To Team Lead,Giáo dục,E2t,"{""E2t"": 6}",2.5,2.5,2.0,2.3333,False,False,1.0,1.0,2.0,2.0
gd_L1,befbe5886c64c532ebcb20cdc3bb472b,L1,Giáo dục,Hiệu Trưởng/Hiệu Phó Trường Mầm Non,Giáo dục,E1|E2|E3,"{""E1"": 6, ""E2"": 9, ""E3"": 10}",2.5,2.75,2.0,2.3333,False,False,2.0,1.0,2.0,0.0
gd_L1,390832a428cb84075ea26219b2347336,L1,Giáo dục,Giáo Viên Văn,Giáo dục,E1,"{""E1"": 7}",3.5,3.5,3.0,3.0,False,False,3.0,2.0,5.0,2.0
gd_L1,098ff6b1bdf68feaaf6185e73244b507,L1,Giáo dục,Chuyên Viên Đào Tạo Ngành F&B Lương 15-20tr Tại Hà Nội,Giáo dục,E1,"{""E1"": 8}",4.5,4.5,4.0,4.3333,False,False,1.0,1.0,3.0,3.0
gd_L1,b240950fc566b08ffb3775c0671099ce,L1,Giáo dục,"Chuyên Viên Tuyển Dụng Và Đào Tạo (BĐS, FnB)",Giáo dục,E3,"{""E3"": 9}",2.5,2.75,2.0,2.6667,False,False,2.0,2.0,1.0,1.0
gd_L1,269107b44c629dff072b60722f589270,L1,Giáo dục,Chuyên Viên Tuyển Dụng Và Đào Tạo - Talent Acquisition,Giáo dục,E2,"{""E2"": 10}",4.5,4.5,4.0,4.3333,False,False,3.0,3.0,3.0,3.0
gd_L1b,34265abc78e946c86b0fca885ec8eaf0,L1b,Giáo dục,Giáo Viên Tiếng Anh (Toeic - Giao Tiếp) - Full Time / Part Time,Giáo dục,E1|E2|E3|E2t|E3t,"{""E1"": 5, ""E2"": 1, ""E3"": 5, ""E2t"": 6, ""E3t"": 7}",6.5,6.25,6.0,6.0,True,True,2.0,2.0,2.0,0.0
gd_L1b,a9ff50156c5c68869371e1ede3adf900,L1b,Giáo dục,Chuyên Viên Vật Lý (Lương 30 Triệu ++),Giáo dục,E1|E2t|E3t,"{""E1"": 1, ""E2t"": 1, ""E3t"": 2}",2.0,2.5,2.0,2.6667,False,False,2.0,2.0,2.0,0.0
gd_L1b,dce521390d3e06af94978332ba4636a1,L1b,Giáo dục,Sales Executive (Nữ) Tư Vấn Khoá Đào Tạo Kỹ Năng Quản Lý CNTT,Giáo dục,E1|E2|E3|E3t,"{""E1"": 9, ""E2"": 8, ""E3"": 1, ""E3t"": 1}",5.0,5.0,4.0,4.6667,True,False,2.0,2.0,1.0,0.0
gd_L1b,94a6b71a0ae7e1e55b653c217511b8f8,L1b,Giáo dục,"Trưởng Nhóm Tư Vấn Định Cư, Đầu Tư (Ưu Tiên Châu Âu)",Giáo dục,E2t,"{""E2t"": 2}",2.5,2.5,2.0,2.3333,False,False,1.0,1.0,4.0,4.0
gd_L1b,a4a067d01daa32bb7293f11bed773e80,L1b,Giáo dục,Chuyên Viên Tuyển Dụng Đào Tạo,Giáo dục,E1|E2t|E3t,"{""E1"": 2, ""E2t"": 4, ""E3t"": 4}",3.0,3.0,2.0,2.6667,False,False,2.0,2.0,2.0,1.0
gd_L1b,d8513f4d81b4553be6d704e58e7e0bbc,L1b,Giáo dục,Chuyên Viên Phát Triển Chương Trình Đào Tạo,Giáo dục,E2|E3|E3t,"{""E2"": 6, ""E3"": 2, ""E3t"": 6}",6.5,6.25,6.0,6.0,True,True,2.0,2.0,3.0,2.0
gd_L1b,f8efd4f2428268672be73753c4270382,L1b,Giáo dục,Nhân Viên Tư Vấn Khóa Học- Tiếng Trung Giao Tiếp,Giáo dục,E1|E2|E3|E2t|E3t,"{""E1"": 3, ""E2"": 2, ""E3"": 4, ""E2t"": 3, ""E3t"": 5}",4.0,4.25,4.0,4.3333,False,False,1.0,1.0,3.0,2.0
gd_L1b,3027b3cd07aed405be513b4109f4f06f,L1b,Giáo dục,"Giảng Viên Đào Tạo Cấp Cao - Thu Nhập, Chế Độ Đãi Ngộ Hấp Dẫn",Giáo dục,E2|E3|E3t,"{""E2"": 7, ""E3"": 3, ""E3t"": 3}",4.5,4.25,4.0,4.0,False,False,2.0,2.0,1.0,1.0
gd_L1b,6b9b3b313c3dbf64c2ac7be65ff8905c,L1b,Giáo dục,Learning & Development Specialist,Giáo dục,E2|E3|E2t|E3t,"{""E2"": 3, ""E3"": 6, ""E2t"": 9, ""E3t"": 8}",4.5,4.5,5.0,4.6667,False,True,1.0,1.0,1.0,1.0
gd_L1b,010e3fe2ae4b66151bcbabb4228a88a8,L1b,Giáo dục,Nhân Viên Tư Vấn Du Học Trung Quốc - Không Yêu Cầu Kinh Nghiệm,Giáo dục,E1|E3t,"{""E1"": 4, ""E3t"": 9}",4.5,5.0,4.0,4.3333,False,False,3.0,1.0,2.0,2.0
gd_L1b,50cdbdf44c6a4679afe42424cfa1aab7,L1b,Giáo dục,Trưởng Nhóm Học Liệu/Thiết Kế Bài Giảng Tiếng Anh Gia Sư Online ( Tiểu Học/THCS),Giáo dục,E1|E2|E3|E2t|E3t,"{""E1"": 10, ""E2"": 4, ""E3"": 7, ""E2t"": 10, ""E3t"": 10}",4.0,4.0,4.0,4.0,False,False,2.0,2.0,2.0,2.0
gd_L1b,403c0fcc6385a30b7c71339d1791cc24,L1b,Giáo dục,Nhân Viên Hướng Nghiệp Và Đại Học,Giáo dục,E2|E3|E2t,"{""E2"": 5, ""E3"": 8, ""E2t"": 8}",5.5,5.25,5.0,5.0,True,True,2.0,2.0,2.0,1.0
gd_L1b,b55df244d55b2a7b6e1f01de7f251dfa,L1b,Giáo dục,Senior Sales Closer (Vietnamese & English-Speaking) — Fast Track To Team Lead,Giáo dục,E2t,"{""E2t"": 5}",3.5,3.25,4.0,3.3333,False,False,2.0,2.0,1.0,1.0
gd_L1b,befbe5886c64c532ebcb20cdc3bb472b,L1b,Giáo dục,Hiệu Trưởng/Hiệu Phó Trường Mầm Non,Giáo dục,E1|E2|E3,"{""E1"": 6, ""E2"": 10, ""E3"": 10}",2.5,2.75,2.0,2.6667,False,False,2.0,2.0,2.0,1.0
gd_L1b,269107b44c629dff072b60722f589270,L1b,Giáo dục,Chuyên Viên Tuyển Dụng Và Đào Tạo - Talent Acquisition,Giáo dục,E2|E2t,"{""E2"": 9, ""E2t"": 7}",4.5,4.75,4.0,4.3333,False,False,2.0,1.0,0.0,0.0
gd_L1b,390832a428cb84075ea26219b2347336,L1b,Giáo dục,Giáo Viên Văn,Giáo dục,E1,"{""E1"": 7}",4.5,4.5,5.0,5.0,False,True,3.0,2.0,2.0,2.0
gd_L1b,098ff6b1bdf68feaaf6185e73244b507,L1b,Giáo dục,Chuyên Viên Đào Tạo Ngành F&B Lương 15-20tr Tại Hà Nội,Giáo dục,E1,"{""E1"": 8}",5.5,5.25,5.0,4.6667,True,True,4.0,3.0,2.0,1.0
gd_L1b,b240950fc566b08ffb3775c0671099ce,L1b,Giáo dục,"Chuyên Viên Tuyển Dụng Và Đào Tạo (BĐS, FnB)",Giáo dục,E3,"{""E3"": 9}",2.5,2.75,2.0,2.6667,False,False,2.0,2.0,0.0,0.0
gd_L2,754c1669b1ced6e23061ec40847a8ef1,L2,Giáo dục,"Giáo Viên IELTS/ IELTS Instructor/ Giáo Viên Tiếng Anh (Mức Lương 20 - 50 Triệu , Được Lựa Chọn Cơ Sở Làm Việc)",Giáo dục,E1|E2|E3|E2t|E3t,"{""E1"": 2, ""E2"": 1, ""E3"": 1, ""E2t"": 1, ""E3t"": 1}",7.0,6.75,7.0,6.6667,True,True,1.0,1.0,1.0,0.0
gd_L2,a9ff50156c5c68869371e1ede3adf900,L2,Giáo dục,Chuyên Viên Vật Lý (Lương 30 Triệu ++),Giáo dục,E1|E2t|E3t,"{""E1"": 1, ""E2t"": 2, ""E3t"": 3}",2.5,2.75,2.0,2.6667,False,False,2.0,2.0,1.0,1.0
gd_L2,50cdbdf44c6a4679afe42424cfa1aab7,L2,Giáo dục,Trưởng Nhóm Học Liệu/Thiết Kế Bài Giảng Tiếng Anh Gia Sư Online ( Tiểu Học/THCS),Giáo dục,E2|E3|E2t|E3t,"{""E2"": 2, ""E3"": 3, ""E2t"": 3, ""E3t"": 2}",4.0,4.25,4.0,4.3333,False,False,1.0,1.0,1.0,1.0
gd_L2,f8efd4f2428268672be73753c4270382,L2,Giáo dục,Nhân Viên Tư Vấn Khóa Học- Tiếng Trung Giao Tiếp,Giáo dục,E1|E2|E3|E2t|E3t,"{""E1"": 3, ""E2"": 5, ""E3"": 2, ""E2t"": 4, ""E3t"": 4}",4.0,4.25,4.0,4.3333,False,False,1.0,1.0,3.0,2.0
gd_L2,3027b3cd07aed405be513b4109f4f06f,L2,Giáo dục,"Giảng Viên Đào Tạo Cấp Cao - Thu Nhập, Chế Độ Đãi Ngộ Hấp Dẫn",Giáo dục,E1|E2|E3|E2t|E3t,"{""E1"": 8, ""E2"": 3, ""E3"": 4, ""E2t"": 7, ""E3t"": 6}",4.5,4.75,4.0,4.6667,False,False,2.0,2.0,3.0,3.0
gd_L2,19649b93c5f94708cab4c62d206b6281,L2,Giáo dục,Quản Lý Đào Tạo Và Phát Triển Văn Hóa,Giáo dục,E1|E2t|E3t,"{""E1"": 4, ""E2t"": 8, ""E3t"": 8}",2.0,2.25,2.0,2.0,False,False,1.0,0.0,3.0,1.0
gd_L2,743804969f5194d5a888ab3c47957513,L2,Giáo dục,HEAD OF IELTS ACADEMIC (Trưởng Nhóm Học Thuật IELTS),Giáo dục,E2|E3|E2t|E3t,"{""E2"": 4, ""E3"": 5, ""E2t"": 5, ""E3t"": 5}",4.5,4.5,5.0,4.6667,False,True,1.0,1.0,0.0,0.0
gd_L2,befbe5886c64c532ebcb20cdc3bb472b,L2,Giáo dục,Hiệu Trưởng/Hiệu Phó Trường Mầm Non,Giáo dục,E1|E2t|E3t,"{""E1"": 5, ""E2t"": 10, ""E3t"": 10}",2.5,2.75,2.0,2.6667,False,False,2.0,2.0,1.0,1.0
gd_L2,403c0fcc6385a30b7c71339d1791cc24,L2,Giáo dục,Nhân Viên Hướng Nghiệp Và Đại Học,Giáo dục,E2|E3|E2t|E3t,"{""E2"": 7, ""E3"": 7, ""E2t"": 6, ""E3t"": 9}",5.5,5.5,5.0,5.3333,True,True,1.0,1.0,3.0,3.0
gd_L2,9e1f7a76f127a5d54c8a28da3f8aadcf,L2,Giáo dục,Quản Lý Trung Tâm Anh Ngữ/Center Leader/Center Manager/Giám Đốc Trung Tâm (Có Kinh Nghiệm Ngành Giáo Dục),Giáo dục,E1|E2|E3|E2t,"{""E1"": 7, ""E2"": 6, ""E3"": 6, ""E2t"": 9}",5.5,5.25,5.0,4.6667,True,True,4.0,3.0,2.0,2.0
gd_L2,d8513f4d81b4553be6d704e58e7e0bbc,L2,Giáo dục,Chuyên Viên Phát Triển Chương Trình Đào Tạo,Giáo dục,E1|E2|E3,"{""E1"": 6, ""E2"": 9, ""E3"": 9}",5.5,5.75,5.0,5.3333,True,True,2.0,1.0,4.0,4.0
gd_L2,c3aa6631fa5ece9fcee2f41c528c5a82,L2,Giáo dục,Giáo Viên Tiếng Anh Online,Giáo dục,E3|E3t,"{""E3"": 8, ""E3t"": 7}",7.0,7.0,7.0,7.0,True,True,2.0,2.0,1.0,0.0
gd_L2,269107b44c629dff072b60722f589270,L2,Giáo dục,Chuyên Viên Tuyển Dụng Và Đào Tạo - Talent Acquisition,Giáo dục,E2,"{""E2"": 8}",5.0,5.0,4.0,4.6667,True,False,4.0,4.0,3.0,3.0
gd_L2,c4fc56eb99063dd42772f6d50f803e5e,L2,Giáo dục,Nhân Viên Kinh Doanh Không Yêu Cầu Kinh Nghiệm Thu Nhập Từ 30 - 50 Triệu,Giáo dục,E1,"{""E1"": 9}",5.5,5.75,5.0,5.3333,True,True,2.0,1.0,1.0,1.0
gd_L2,1c06090a4cbc30f40d79e368565878f8,L2,Giáo dục,Nhân Viên Kỹ Thuật - Đi Công Trình - Thu Nhập 11 - 13 Triệu - Không Kinh Nghiệm Được Đào Tạo,Giáo dục,E1,"{""E1"": 10}",3.0,2.75,2.0,2.3333,False,False,3.0,3.0,4.0,2.0
gd_L2,6b9b3b313c3dbf64c2ac7be65ff8905c,L2,Giáo dục,Learning & Development Specialist,Giáo dục,E2|E3,"{""E2"": 10, ""E3"": 10}",5.0,5.25,5.0,5.3333,True,True,3.0,3.0,2.0,2.0
gd_L2b,743804969f5194d5a888ab3c47957513,L2b,Giáo dục,HEAD OF IELTS ACADEMIC (Trưởng Nhóm Học Thuật IELTS),Giáo dục,E1|E2|E3|E2t,"{""E1"": 9, ""E2"": 1, ""E3"": 7, ""E2t"": 5}",5.0,5.5,5.0,5.6667,True,True,4.0,4.0,6.0,6.0
gd_L2b,a9ff50156c5c68869371e1ede3adf900,L2b,Giáo dục,Chuyên Viên Vật Lý (Lương 30 Triệu ++),Giáo dục,E1|E2t|E3t,"{""E1"": 1, ""E2t"": 1, ""E3t"": 1}",2.5,2.75,2.0,2.6667,False,False,2.0,2.0,1.0,1.0
gd_L2b,f8efd4f2428268672be73753c4270382,L2b,Giáo dục,Nhân Viên Tư Vấn Khóa Học- Tiếng Trung Giao Tiếp,Giáo dục,E1|E2|E3|E2t|E3t,"{""E1"": 2, ""E2"": 3, ""E3"": 1, ""E2t"": 3, ""E3t"": 3}",5.5,5.25,6.0,5.3333,True,True,2.0,2.0,3.0,3.0
gd_L2b,50cdbdf44c6a4679afe42424cfa1aab7,L2b,Giáo dục,Trưởng Nhóm Học Liệu/Thiết Kế Bài Giảng Tiếng Anh Gia Sư Online ( Tiểu Học/THCS),Giáo dục,E2|E3|E2t|E3t,"{""E2"": 2, ""E3"": 2, ""E2t"": 4, ""E3t"": 8}",5.0,4.75,5.0,4.6667,True,True,1.0,1.0,1.0,1.0
gd_L2b,754c1669b1ced6e23061ec40847a8ef1,L2b,Giáo dục,"Giáo Viên IELTS/ IELTS Instructor/ Giáo Viên Tiếng Anh (Mức Lương 20 - 50 Triệu , Được Lựa Chọn Cơ Sở Làm Việc)",Giáo dục,E2t,"{""E2t"": 2}",6.5,6.75,6.0,6.3333,True,True,2.0,1.0,4.0,3.0
gd_L2b,de752eac062317ff758a5137be7ac742,L2b,Giáo dục,Tư Vấn Tuyển Sinh Online / Telesales / Sale Giáo Dục ( Quận 2),Giáo dục,E3t,"{""E3t"": 2}",6.5,6.25,6.0,6.0,True,True,2.0,2.0,2.0,1.0
gd_L2b,403c0fcc6385a30b7c71339d1791cc24,L2b,Giáo dục,Nhân Viên Hướng Nghiệp Và Đại Học,Giáo dục,E2|E3|E3t,"{""E2"": 6, ""E3"": 3, ""E3t"": 4}",6.0,6.25,5.0,6.0,True,True,3.0,3.0,5.0,4.0
gd_L2b,befbe5886c64c532ebcb20cdc3bb472b,L2b,Giáo dục,Hiệu Trưởng/Hiệu Phó Trường Mầm Non,Giáo dục,E1|E2t|E3t,"{""E1"": 3, ""E2t"": 6, ""E3t"": 5}",4.0,3.75,4.0,3.6667,False,False,3.0,3.0,1.0,1.0
gd_L2b,9e1f7a76f127a5d54c8a28da3f8aadcf,L2b,Giáo dục,Quản Lý Trung Tâm Anh Ngữ/Center Leader/Center Manager/Giám Đốc Trung Tâm (Có Kinh Nghiệm Ngành Giáo Dục),Giáo dục,E1|E2|E3|E2t|E3t,"{""E1"": 6, ""E2"": 4, ""E3"": 4, ""E2t"": 7, ""E3t"": 10}",7.0,6.5,7.0,6.3333,True,True,4.0,4.0,5.0,4.0
gd_L2b,d8513f4d81b4553be6d704e58e7e0bbc,L2b,Giáo dục,Chuyên Viên Phát Triển Chương Trình Đào Tạo,Giáo dục,E1|E2|E3|E2t|E3t,"{""E1"": 4, ""E2"": 9, ""E3"": 6, ""E2t"": 8, ""E3t"": 7}",6.5,6.75,6.0,6.6667,True,True,2.0,2.0,2.0,1.0
gd_L2b,3027b3cd07aed405be513b4109f4f06f,L2b,Giáo dục,"Giảng Viên Đào Tạo Cấp Cao - Thu Nhập, Chế Độ Đãi Ngộ Hấp Dẫn",Giáo dục,E1|E2|E3|E2t,"{""E1"": 7, ""E2"": 5, ""E3"": 5, ""E2t"": 10}",6.0,5.25,6.0,5.0,True,True,3.0,3.0,2.0,2.0
gd_L2b,a02f0157b7dbf83d1fbb1b30b374ec33,L2b,Giáo dục,Nhân Viên Tư Vấn Tuyển Sinh Du Học Hàn Quốc |Thu Nhập 30 - 50 Triệu,Giáo dục,E1,"{""E1"": 5}",5.0,5.0,5.0,5.0,True,True,2.0,2.0,1.0,1.0
gd_L2b,dce521390d3e06af94978332ba4636a1,L2b,Giáo dục,Sales Executive (Nữ) Tư Vấn Khoá Đào Tạo Kỹ Năng Quản Lý CNTT,Giáo dục,E3t,"{""E3t"": 6}",5.0,5.5,5.0,5.0,True,True,2.0,0.0,3.0,2.0
gd_L2b,269107b44c629dff072b60722f589270,L2b,Giáo dục,Chuyên Viên Tuyển Dụng Và Đào Tạo - Talent Acquisition,Giáo dục,E2,"{""E2"": 7}",5.5,5.25,5.0,4.6667,True,True,4.0,3.0,5.0,3.0
gd_L2b,94a6b71a0ae7e1e55b653c217511b8f8,L2b,Giáo dục,"Trưởng Nhóm Tư Vấn Định Cư, Đầu Tư (Ưu Tiên Châu Âu)",Giáo dục,E2|E3|E2t,"{""E2"": 8, ""E3"": 8, ""E2t"": 9}",4.5,4.75,5.0,5.0,False,True,2.0,2.0,6.0,3.0
gd_L2b,c4fc56eb99063dd42772f6d50f803e5e,L2b,Giáo dục,Nhân Viên Kinh Doanh Không Yêu Cầu Kinh Nghiệm Thu Nhập Từ 30 - 50 Triệu,Giáo dục,E1,"{""E1"": 8}",6.5,6.5,6.0,6.3333,True,True,1.0,1.0,2.0,2.0
gd_L2b,c3aa6631fa5ece9fcee2f41c528c5a82,L2b,Giáo dục,Giáo Viên Tiếng Anh Online,Giáo dục,E2|E3,"{""E2"": 10, ""E3"": 9}",7.0,7.0,7.0,7.0,True,True,2.0,2.0,1.0,1.0
gd_L2b,f224329725039dacca80697c36a5b0fe,L2b,Giáo dục,AI Machine Learning Lead,Giáo dục,E3|E3t,"{""E3"": 10, ""E3t"": 9}",1.5,1.5,2.0,1.6667,False,False,1.0,1.0,2.0,2.0
gd_L2b,a9bc3e1697e72806404571a154578fce,L2b,Giáo dục,Chuyên Viên Tư Vấn Giáo Dục – Thu Nhập Up To 30tr | Không Cần Kinh Nghiệm | Data Có Sẵn,Giáo dục,E1,"{""E1"": 10}",6.5,6.75,6.0,6.6667,True,True,2.0,2.0,2.0,2.0
gd_L3,370d7a3065590352c712f630620ff77f,L3,Giáo dục,Giám Đốc Kinh Doanh,Giáo dục,E1|E2|E3|E2t|E3t,"{""E1"": 3, ""E2"": 8, ""E3"": 1, ""E2t"": 6, ""E3t"": 3}",5.0,5.0,5.0,5.0,True,True,2.0,2.0,1.0,1.0
gd_L3,9e1f7a76f127a5d54c8a28da3f8aadcf,L3,Giáo dục,Quản Lý Trung Tâm Anh Ngữ/Center Leader/Center Manager/Giám Đốc Trung Tâm (Có Kinh Nghiệm Ngành Giáo Dục),Giáo dục,E1|E2|E3|E2t|E3t,"{""E1"": 1, ""E2"": 1, ""E3"": 2, ""E2t"": 1, ""E3t"": 1}",7.5,7.5,8.0,7.6667,True,True,1.0,1.0,2.0,1.0
gd_L3,403c0fcc6385a30b7c71339d1791cc24,L3,Giáo dục,Nhân Viên Hướng Nghiệp Và Đại Học,Giáo dục,E2|E3|E2t|E3t,"{""E2"": 2, ""E3"": 3, ""E2t"": 5, ""E3t"": 6}",7.0,7.0,7.0,7.0,True,True,2.0,2.0,1.0,0.0
gd_L3,50cdbdf44c6a4679afe42424cfa1aab7,L3,Giáo dục,Trưởng Nhóm Học Liệu/Thiết Kế Bài Giảng Tiếng Anh Gia Sư Online ( Tiểu Học/THCS),Giáo dục,E2|E3|E2t|E3t,"{""E2"": 5, ""E3"": 4, ""E2t"": 4, ""E3t"": 2}",6.0,6.0,6.0,5.6667,True,True,2.0,1.0,2.0,2.0
gd_L3,754c1669b1ced6e23061ec40847a8ef1,L3,Giáo dục,"Giáo Viên IELTS/ IELTS Instructor/ Giáo Viên Tiếng Anh (Mức Lương 20 - 50 Triệu , Được Lựa Chọn Cơ Sở Làm Việc)",Giáo dục,E2t,"{""E2t"": 2}",6.5,6.25,6.0,6.0,True,True,2.0,2.0,6.0,6.0
gd_L3,76b4406266d79e9c24483fc083249412,L3,Giáo dục,Phó Phòng Kinh Doanh Dự Án,Giáo dục,E1|E2|E3|E2t|E3t,"{""E1"": 2, ""E2"": 7, ""E3"": 9, ""E2t"": 3, ""E3t"": 4}",6.5,6.5,6.0,6.3333,True,True,1.0,1.0,2.0,0.0
gd_L3,525204f7197acb81a93ebacebc564bc8,L3,Giáo dục,Trưởng Nhóm Kinh Doanh | Giáo Dục/ Dịch Vụ,Giáo dục,E1|E2|E3|E2t|E3t,"{""E1"": 5, ""E2"": 3, ""E3"": 10, ""E2t"": 7, ""E3t"": 8}",7.0,7.0,6.0,6.6667,True,True,2.0,2.0,4.0,3.0
gd_L3,2889184fde9829b076527001be47d9de,L3,Giáo dục,Nhân Viên Kinh Doanh B2B,Giáo dục,E1|E2|E3|E2t|E3t,"{""E1"": 4, ""E2"": 9, ""E3"": 8, ""E2t"": 8, ""E3t"": 7}",5.0,5.0,5.0,5.0,True,True,2.0,2.0,2.0,1.0
gd_L3,f8efd4f2428268672be73753c4270382,L3,Giáo dục,Nhân Viên Tư Vấn Khóa Học- Tiếng Trung Giao Tiếp,Giáo dục,E1|E2|E3|E2t|E3t,"{""E1"": 8, ""E2"": 4, ""E3"": 5, ""E2t"": 10, ""E3t"": 9}",6.0,6.0,6.0,5.6667,True,True,2.0,1.0,2.0,1.0
gd_L3,3027b3cd07aed405be513b4109f4f06f,L3,Giáo dục,"Giảng Viên Đào Tạo Cấp Cao - Thu Nhập, Chế Độ Đãi Ngộ Hấp Dẫn",Giáo dục,E2|E3|E3t,"{""E2"": 10, ""E3"": 6, ""E3t"": 5}",7.0,7.25,7.0,7.3333,True,True,1.0,1.0,1.0,0.0
gd_L3,743804969f5194d5a888ab3c47957513,L3,Giáo dục,HEAD OF IELTS ACADEMIC (Trưởng Nhóm Học Thuật IELTS),Giáo dục,E2|E2t,"{""E2"": 6, ""E2t"": 9}",7.0,6.25,7.0,6.0,True,True,3.0,3.0,1.0,0.0
gd_L3,e33a2066fa7d73c51916c7e601d28133,L3,Giáo dục,"Nhân Viên Tư Vấn Tuyển Sinh (Telesales) DATA SẴN VÀ NÓNG 100% (Thu Nhập 20-30 Triệu, Yêu Cầu 6 Tháng Kinh Nghiệm, Làm Việc Từ T2- T6 Tại Vp Và 2t7 Online)",Giáo dục,E1,"{""E1"": 6}",5.0,5.5,5.0,5.0,True,True,2.0,0.0,7.0,3.0
gd_L3,6b9b3b313c3dbf64c2ac7be65ff8905c,L3,Giáo dục,Learning & Development Specialist,Giáo dục,E3,"{""E3"": 7}",7.0,7.0,7.0,7.0,True,True,2.0,2.0,1.0,1.0
gd_L3,a9ff50156c5c68869371e1ede3adf900,L3,Giáo dục,Chuyên Viên Vật Lý (Lương 30 Triệu ++),Giáo dục,E1,"{""E1"": 7}",3.0,3.0,3.0,3.0,False,False,2.0,2.0,3.0,2.0
gd_L3,befbe5886c64c532ebcb20cdc3bb472b,L3,Giáo dục,Hiệu Trưởng/Hiệu Phó Trường Mầm Non,Giáo dục,E1,"{""E1"": 9}",6.0,6.0,6.0,5.6667,True,True,2.0,1.0,2.0,1.0
gd_L3,d8513f4d81b4553be6d704e58e7e0bbc,L3,Giáo dục,Chuyên Viên Phát Triển Chương Trình Đào Tạo,Giáo dục,E1,"{""E1"": 10}",7.5,7.5,7.0,7.3333,True,True,1.0,1.0,1.0,0.0
gd_L3,dce521390d3e06af94978332ba4636a1,L3,Giáo dục,Sales Executive (Nữ) Tư Vấn Khoá Đào Tạo Kỹ Năng Quản Lý CNTT,Giáo dục,E3t,"{""E3t"": 10}",5.5,5.5,5.0,5.0,True,True,3.0,2.0,7.0,6.0
gd_L3b,403c0fcc6385a30b7c71339d1791cc24,L3b,Giáo dục,Nhân Viên Hướng Nghiệp Và Đại Học,Giáo dục,E2|E3|E3t,"{""E2"": 5, ""E3"": 1, ""E3t"": 5}",6.0,6.0,5.0,5.6667,True,True,2.0,2.0,1.0,1.0
gd_L3b,50cdbdf44c6a4679afe42424cfa1aab7,L3b,Giáo dục,Trưởng Nhóm Học Liệu/Thiết Kế Bài Giảng Tiếng Anh Gia Sư Online ( Tiểu Học/THCS),Giáo dục,E1|E2|E3|E2t|E3t,"{""E1"": 9, ""E2"": 1, ""E3"": 2, ""E2t"": 3, ""E3t"": 8}",6.0,6.0,7.0,6.3333,True,True,4.0,4.0,5.0,5.0
gd_L3b,a9ff50156c5c68869371e1ede3adf900,L3b,Giáo dục,Chuyên Viên Vật Lý (Lương 30 Triệu ++),Giáo dục,E1|E2t|E3t,"{""E1"": 1, ""E2t"": 1, ""E3t"": 1}",2.5,3.25,2.0,3.3333,False,False,4.0,4.0,2.0,1.0
gd_L3b,9e1f7a76f127a5d54c8a28da3f8aadcf,L3b,Giáo dục,Quản Lý Trung Tâm Anh Ngữ/Center Leader/Center Manager/Giám Đốc Trung Tâm (Có Kinh Nghiệm Ngành Giáo Dục),Giáo dục,E1|E2|E3|E2t|E3t,"{""E1"": 4, ""E2"": 2, ""E3"": 4, ""E2t"": 5, ""E3t"": 6}",8.0,7.75,8.0,8.0,True,True,1.0,0.0,1.0,1.0
gd_L3b,dce521390d3e06af94978332ba4636a1,L3b,Giáo dục,Sales Executive (Nữ) Tư Vấn Khoá Đào Tạo Kỹ Năng Quản Lý CNTT,Giáo dục,E2|E3|E2t|E3t,"{""E2"": 8, ""E3"": 10, ""E2t"": 2, ""E3t"": 4}",6.5,6.25,6.0,6.0,True,True,2.0,2.0,6.0,5.0
gd_L3b,f224329725039dacca80697c36a5b0fe,L3b,Giáo dục,AI Machine Learning Lead,Giáo dục,E3|E3t,"{""E3"": 6, ""E3t"": 2}",1.5,1.75,2.0,2.0,False,False,2.0,2.0,5.0,4.0
gd_L3b,f8efd4f2428268672be73753c4270382,L3b,Giáo dục,Nhân Viên Tư Vấn Khóa Học- Tiếng Trung Giao Tiếp,Giáo dục,E1|E2|E3|E2t|E3t,"{""E1"": 2, ""E2"": 3, ""E3"": 3, ""E2t"": 4, ""E3t"": 3}",5.5,5.5,6.0,5.6667,True,True,1.0,1.0,1.0,1.0
gd_L3b,c4fc56eb99063dd42772f6d50f803e5e,L3b,Giáo dục,Nhân Viên Kinh Doanh Không Yêu Cầu Kinh Nghiệm Thu Nhập Từ 30 - 50 Triệu,Giáo dục,E1|E2t|E3t,"{""E1"": 3, ""E2t"": 7, ""E3t"": 7}",7.0,7.25,7.0,7.3333,True,True,1.0,1.0,5.0,5.0
gd_L3b,743804969f5194d5a888ab3c47957513,L3b,Giáo dục,HEAD OF IELTS ACADEMIC (Trưởng Nhóm Học Thuật IELTS),Giáo dục,E2|E2t,"{""E2"": 4, ""E2t"": 8}",6.0,6.0,6.0,6.3333,True,True,2.0,1.0,4.0,4.0
gd_L3b,befbe5886c64c532ebcb20cdc3bb472b,L3b,Giáo dục,Hiệu Trưởng/Hiệu Phó Trường Mầm Non,Giáo dục,E1|E2t,"{""E1"": 5, ""E2t"": 10}",5.0,5.25,4.0,4.6667,True,False,3.0,2.0,2.0,2.0
gd_L3b,d8513f4d81b4553be6d704e58e7e0bbc,L3b,Giáo dục,Chuyên Viên Phát Triển Chương Trình Đào Tạo,Giáo dục,E1|E2|E3|E3t,"{""E1"": 6, ""E2"": 9, ""E3"": 5, ""E3t"": 9}",7.5,7.5,7.0,7.3333,True,True,1.0,1.0,3.0,2.0
gd_L3b,269107b44c629dff072b60722f589270,L3b,Giáo dục,Chuyên Viên Tuyển Dụng Và Đào Tạo - Talent Acquisition,Giáo dục,E2,"{""E2"": 6}",7.0,6.75,7.0,6.6667,True,True,3.0,3.0,2.0,2.0
gd_L3b,94a6b71a0ae7e1e55b653c217511b8f8,L3b,Giáo dục,"Trưởng Nhóm Tư Vấn Định Cư, Đầu Tư (Ưu Tiên Châu Âu)",Giáo dục,E2|E3|E2t,"{""E2"": 7, ""E3"": 7, ""E2t"": 6}",5.5,5.25,6.0,5.3333,True,True,4.0,4.0,2.0,2.0
gd_L3b,a02f0157b7dbf83d1fbb1b30b374ec33,L3b,Giáo dục,Nhân Viên Tư Vấn Tuyển Sinh Du Học Hàn Quốc |Thu Nhập 30 - 50 Triệu,Giáo dục,E1,"{""E1"": 7}",6.0,5.75,5.0,5.3333,True,True,3.0,3.0,4.0,4.0
gd_L3b,3027b3cd07aed405be513b4109f4f06f,L3b,Giáo dục,"Giảng Viên Đào Tạo Cấp Cao - Thu Nhập, Chế Độ Đãi Ngộ Hấp Dẫn",Giáo dục,E2|E3,"{""E2"": 10, ""E3"": 8}",7.0,7.25,7.0,7.3333,True,True,1.0,1.0,2.0,1.0
gd_L3b,cad8e37dd8ba374b2d8d7c8307151b22,L3b,Giáo dục,Nhân Viên Kế Toán Tại Hà Nội [Lương Upto 25 Triệu... Có Đào Tạo] Đi Làm Ngay,Giáo dục,E1,"{""E1"": 8}",4.0,3.75,4.0,3.6667,False,False,3.0,3.0,1.0,1.0
gd_L3b,6b9b3b313c3dbf64c2ac7be65ff8905c,L3b,Giáo dục,Learning & Development Specialist,Giáo dục,E3,"{""E3"": 9}",8.0,8.0,8.0,8.0,True,True,0.0,0.0,1.0,0.0
gd_L3b,754c1669b1ced6e23061ec40847a8ef1,L3b,Giáo dục,"Giáo Viên IELTS/ IELTS Instructor/ Giáo Viên Tiếng Anh (Mức Lương 20 - 50 Triệu , Được Lựa Chọn Cơ Sở Làm Việc)",Giáo dục,E2t,"{""E2t"": 9}",6.0,6.0,6.0,5.6667,True,True,2.0,1.0,5.0,1.0
gd_L3b,d5d9c8d3a4ebffb6a88aa1f72208ddd9,L3b,Giáo dục,Chuyên Viên Đào Tạo L&D,Giáo dục,E1,"{""E1"": 10}",8.0,8.25,8.0,8.3333,True,True,1.0,1.0,1.0,1.0
gd_L3b,de752eac062317ff758a5137be7ac742,L3b,Giáo dục,Tư Vấn Tuyển Sinh Online / Telesales / Sale Giáo Dục ( Quận 2),Giáo dục,E3t,"{""E3t"": 10}",6.0,6.25,6.0,6.0,True,True,1.0,0.0,5.0,1.0
gd_L4,2d8278d809f4f7357c190d7d0ab46756,L4,Giáo dục,Telesale Tư Vấn Tuyển Sinh Khóa Học - Upto 20M (Lương Cứng 8-12M) - Khu Vực Đống Đa,Giáo dục,E1|E2|E3|E2t|E3t,"{""E1"": 3, ""E2"": 1, ""E3"": 1, ""E2t"": 4, ""E3t"": 5}",5.5,5.5,5.0,5.0,True,True,3.0,2.0,6.0,2.0
gd_L4,97ca5bca1870fae989b24213f6d96411,L4,Giáo dục,"Cố Vấn Học Tập/ Nhân Viên Tư Vấn Tuyển Sinh/ Nhân Viên Kinh Doanh Khóa Học (Không Yêu Cầu Kinh Nghiệm) Tại Hà Nội (Thu Nhập Từ 20 Triệu, Đóng Bảo Hiểm Full Lương)",Giáo dục,E1|E2t|E3t,"{""E1"": 1, ""E2t"": 1, ""E3t"": 1}",6.5,6.25,6.0,6.0,True,True,2.0,2.0,6.0,6.0
gd_L4,403c0fcc6385a30b7c71339d1791cc24,L4,Giáo dục,Nhân Viên Hướng Nghiệp Và Đại Học,Giáo dục,E2|E3|E2t|E3t,"{""E2"": 5, ""E3"": 5, ""E2t"": 5, ""E3t"": 2}",7.0,7.0,6.0,6.6667,True,True,2.0,2.0,3.0,2.0
gd_L4,754c1669b1ced6e23061ec40847a8ef1,L4,Giáo dục,"Giáo Viên IELTS/ IELTS Instructor/ Giáo Viên Tiếng Anh (Mức Lương 20 - 50 Triệu , Được Lựa Chọn Cơ Sở Làm Việc)",Giáo dục,E2t,"{""E2t"": 2}",6.0,5.75,6.0,5.3333,True,True,3.0,2.0,6.0,2.0
gd_L4,b55df244d55b2a7b6e1f01de7f251dfa,L4,Giáo dục,Senior Sales Closer (Vietnamese & English-Speaking) — Fast Track To Team Lead,Giáo dục,E1|E2|E3|E2t|E3t,"{""E1"": 2, ""E2"": 8, ""E3"": 10, ""E2t"": 3, ""E3t"": 3}",6.0,5.75,6.0,6.0,True,True,1.0,0.0,1.0,1.0
gd_L4,f8efd4f2428268672be73753c4270382,L4,Giáo dục,Nhân Viên Tư Vấn Khóa Học- Tiếng Trung Giao Tiếp,Giáo dục,E2|E3|E2t|E3t,"{""E2"": 2, ""E3"": 2, ""E2t"": 7, ""E3t"": 6}",5.5,5.75,6.0,6.0,True,True,2.0,2.0,3.0,3.0
gd_L4,dce521390d3e06af94978332ba4636a1,L4,Giáo dục,Sales Executive (Nữ) Tư Vấn Khoá Đào Tạo Kỹ Năng Quản Lý CNTT,Giáo dục,E2|E3|E2t|E3t,"{""E2"": 3, ""E3"": 3, ""E2t"": 8, ""E3t"": 7}",6.0,5.75,5.0,5.3333,True,True,3.0,3.0,7.0,2.0
gd_L4,50cdbdf44c6a4679afe42424cfa1aab7,L4,Giáo dục,Trưởng Nhóm Học Liệu/Thiết Kế Bài Giảng Tiếng Anh Gia Sư Online ( Tiểu Học/THCS),Giáo dục,E2|E3|E2t|E3t,"{""E2"": 10, ""E3"": 8, ""E2t"": 6, ""E3t"": 4}",7.5,7.0,7.0,6.6667,True,True,3.0,3.0,3.0,3.0
gd_L4,9e1f7a76f127a5d54c8a28da3f8aadcf,L4,Giáo dục,Quản Lý Trung Tâm Anh Ngữ/Center Leader/Center Manager/Giám Đốc Trung Tâm (Có Kinh Nghiệm Ngành Giáo Dục),Giáo dục,E1|E2|E3|E2t,"{""E1"": 10, ""E2"": 4, ""E3"": 4, ""E2t"": 9}",8.0,8.0,8.0,8.0,True,True,0.0,0.0,3.0,1.0
gd_L4,a9bc3e1697e72806404571a154578fce,L4,Giáo dục,Chuyên Viên Tư Vấn Giáo Dục – Thu Nhập Up To 30tr | Không Cần Kinh Nghiệm | Data Có Sẵn,Giáo dục,E1|E2t|E3t,"{""E1"": 4, ""E2t"": 10, ""E3t"": 9}",7.5,7.0,7.0,6.6667,True,True,3.0,3.0,7.0,7.0
gd_L4,03ae70d8a34c02c68faf5f81b8b446e7,L4,Giáo dục,Sales Manager (Giám Đốc Kinh Doanh),Giáo dục,E1|E3t,"{""E1"": 5, ""E3t"": 10}",8.0,7.5,8.0,7.3333,True,True,2.0,2.0,2.0,2.0
gd_L4,370d7a3065590352c712f630620ff77f,L4,Giáo dục,Giám Đốc Kinh Doanh,Giáo dục,E3,"{""E3"": 6}",8.0,7.75,8.0,7.6667,True,True,3.0,3.0,2.0,2.0
gd_L4,de752eac062317ff758a5137be7ac742,L4,Giáo dục,Tư Vấn Tuyển Sinh Online / Telesales / Sale Giáo Dục ( Quận 2),Giáo dục,E1|E2|E3,"{""E1"": 8, ""E2"": 6, ""E3"": 7}",6.5,6.5,6.0,6.0,True,True,3.0,2.0,6.0,2.0
gd_L4,f9bfa98a2b7222962e1c23ae342fa11f,L4,Giáo dục,"Nhân Viên Kinh Doanh /Tư Vấn /Sales - Thu Nhập Lên Đến 35 Triệu+/Tháng, Data Có Sẵn – Cơ Hội Thăng Tiến Cao",Giáo dục,E1|E2,"{""E1"": 6, ""E2"": 7}",7.5,7.25,7.0,7.0,True,True,2.0,2.0,4.0,1.0
gd_L4,afb6c780dd7c949b93ea778b2f6a3d7e,L4,Giáo dục,Nhân Viên Tư Vấn Tuyển Sinh - Tại Trung Tâm TP.HCM/ Hà Nội (Thu Nhập 08 - 15 Triệu/Tháng),Giáo dục,E1,"{""E1"": 7}",7.0,7.0,7.0,6.6667,True,True,2.0,1.0,6.0,6.0
gd_L4,3027b3cd07aed405be513b4109f4f06f,L4,Giáo dục,"Giảng Viên Đào Tạo Cấp Cao - Thu Nhập, Chế Độ Đãi Ngộ Hấp Dẫn",Giáo dục,E3|E3t,"{""E3"": 9, ""E3t"": 8}",7.0,6.75,7.0,6.6667,True,True,1.0,1.0,2.0,2.0
gd_L4,743804969f5194d5a888ab3c47957513,L4,Giáo dục,HEAD OF IELTS ACADEMIC (Trưởng Nhóm Học Thuật IELTS),Giáo dục,E2,"{""E2"": 9}",6.0,6.0,5.0,5.6667,True,True,4.0,4.0,4.0,4.0
gd_L4,e0c0a70e31a982575dcfea2beecab601,L4,Giáo dục,Chuyên Viên Tư Vấn Tuyển Sinh - Part Time - Đi Làm Ngay,Giáo dục,E1,"{""E1"": 9}",6.5,6.25,6.0,5.6667,True,True,4.0,3.0,7.0,7.0
gd_L4b,94a6b71a0ae7e1e55b653c217511b8f8,L4b,Giáo dục,"Trưởng Nhóm Tư Vấn Định Cư, Đầu Tư (Ưu Tiên Châu Âu)",Giáo dục,E1|E2|E3|E2t|E3t,"{""E1"": 7, ""E2"": 1, ""E3"": 1, ""E2t"": 4, ""E3t"": 6}",6.0,5.75,6.0,5.6667,True,True,3.0,3.0,1.0,0.0
gd_L4b,a9ff50156c5c68869371e1ede3adf900,L4b,Giáo dục,Chuyên Viên Vật Lý (Lương 30 Triệu ++),Giáo dục,E1|E2t|E3t,"{""E1"": 1, ""E2t"": 1, ""E3t"": 1}",3.5,3.5,2.0,3.0,False,False,3.0,3.0,3.0,3.0
gd_L4b,9e1f7a76f127a5d54c8a28da3f8aadcf,L4b,Giáo dục,Quản Lý Trung Tâm Anh Ngữ/Center Leader/Center Manager/Giám Đốc Trung Tâm (Có Kinh Nghiệm Ngành Giáo Dục),Giáo dục,E1|E2|E3|E2t|E3t,"{""E1"": 8, ""E2"": 2, ""E3"": 2, ""E2t"": 9, ""E3t"": 9}",7.5,7.75,8.0,8.0,True,True,2.0,2.0,2.0,1.0
gd_L4b,dce521390d3e06af94978332ba4636a1,L4b,Giáo dục,Sales Executive (Nữ) Tư Vấn Khoá Đào Tạo Kỹ Năng Quản Lý CNTT,Giáo dục,E2|E3|E2t|E3t,"{""E2"": 7, ""E3"": 7, ""E2t"": 2, ""E3t"": 2}",5.5,5.75,5.0,5.3333,True,True,2.0,1.0,2.0,1.0
gd_L4b,faeca562c0bbfd72c7c1e78679c698be,L4b,Giáo dục,Trưởng Phòng Đào Tạo,Giáo dục,E1|E2t|E3t,"{""E1"": 2, ""E2t"": 3, ""E3t"": 3}",7.5,7.5,7.0,7.3333,True,True,1.0,1.0,1.0,1.0
gd_L4b,50cdbdf44c6a4679afe42424cfa1aab7,L4b,Giáo dục,Trưởng Nhóm Học Liệu/Thiết Kế Bài Giảng Tiếng Anh Gia Sư Online ( Tiểu Học/THCS),Giáo dục,E2|E3|E2t,"{""E2"": 3, ""E3"": 6, ""E2t"": 8}",6.5,6.25,6.0,6.0,True,True,4.0,4.0,2.0,2.0
gd_L4b,f8efd4f2428268672be73753c4270382,L4b,Giáo dục,Nhân Viên Tư Vấn Khóa Học- Tiếng Trung Giao Tiếp,Giáo dục,E1|E2|E3|E2t|E3t,"{""E1"": 3, ""E2"": 4, ""E3"": 3, ""E2t"": 5, ""E3t"": 5}",5.5,5.25,6.0,5.3333,True,True,2.0,2.0,5.0,5.0
gd_L4b,2889184fde9829b076527001be47d9de,L4b,Giáo dục,Nhân Viên Kinh Doanh B2B,Giáo dục,E2t|E3t,"{""E2t"": 6, ""E3t"": 4}",6.5,6.5,6.0,6.3333,True,True,1.0,1.0,3.0,3.0
gd_L4b,403c0fcc6385a30b7c71339d1791cc24,L4b,Giáo dục,Nhân Viên Hướng Nghiệp Và Đại Học,Giáo dục,E2|E3,"{""E2"": 6, ""E3"": 4}",6.0,6.25,6.0,5.6667,True,True,3.0,1.0,4.0,3.0
gd_L4b,befbe5886c64c532ebcb20cdc3bb472b,L4b,Giáo dục,Hiệu Trưởng/Hiệu Phó Trường Mầm Non,Giáo dục,E1|E2t|E3t,"{""E1"": 4, ""E2t"": 10, ""E3t"": 8}",7.5,7.25,8.0,7.3333,True,True,2.0,2.0,2.0,2.0
gd_L4b,743804969f5194d5a888ab3c47957513,L4b,Giáo dục,HEAD OF IELTS ACADEMIC (Trưởng Nhóm Học Thuật IELTS),Giáo dục,E2,"{""E2"": 5}",6.0,5.75,6.0,5.3333,True,True,3.0,2.0,4.0,3.0
gd_L4b,7a7ca4b9a9cee9ae27d0a2cbc84d06c8,L4b,Giáo dục,"Nhân Viên Telesales/Nhân Viên Kinh Doanh/Tư Vấn Khóa Học DATA NÓNG 100% (Lương Cứng 8 Triệu - 15 Triệu, Thu Nhập Upto 40 Triệu, Không Yêu Cầu Kinh Nghiệm, Không OT, Làm Giờ Hành Chính)",Giáo dục,E2|E3,"{""E2"": 8, ""E3"": 5}",5.0,5.25,5.0,4.6667,True,True,3.0,1.0,6.0,1.0
gd_L4b,c4fc56eb99063dd42772f6d50f803e5e,L4b,Giáo dục,Nhân Viên Kinh Doanh Không Yêu Cầu Kinh Nghiệm Thu Nhập Từ 30 - 50 Triệu,Giáo dục,E1,"{""E1"": 5}",7.0,6.75,7.0,6.6667,True,True,1.0,1.0,6.0,6.0
gd_L4b,a02f0157b7dbf83d1fbb1b30b374ec33,L4b,Giáo dục,Nhân Viên Tư Vấn Tuyển Sinh Du Học Hàn Quốc |Thu Nhập 30 - 50 Triệu,Giáo dục,E1,"{""E1"": 6}",7.0,7.0,7.0,6.6667,True,True,2.0,1.0,4.0,2.0
gd_L4b,370d7a3065590352c712f630620ff77f,L4b,Giáo dục,Giám Đốc Kinh Doanh,Giáo dục,E3t,"{""E3t"": 7}",8.0,8.0,8.0,8.0,True,True,0.0,0.0,1.0,1.0
gd_L4b,b55df244d55b2a7b6e1f01de7f251dfa,L4b,Giáo dục,Senior Sales Closer (Vietnamese & English-Speaking) — Fast Track To Team Lead,Giáo dục,E2t,"{""E2t"": 7}",5.5,5.25,6.0,5.6667,True,True,2.0,1.0,2.0,2.0
gd_L4b,d8513f4d81b4553be6d704e58e7e0bbc,L4b,Giáo dục,Chuyên Viên Phát Triển Chương Trình Đào Tạo,Giáo dục,E1|E2|E3,"{""E1"": 10, ""E2"": 10, ""E3"": 8}",7.5,7.25,7.0,7.0,True,True,2.0,2.0,6.0,5.0
gd_L4b,269107b44c629dff072b60722f589270,L4b,Giáo dục,Chuyên Viên Tuyển Dụng Và Đào Tạo - Talent Acquisition,Giáo dục,E2,"{""E2"": 9}",7.5,7.25,7.0,7.0,True,True,2.0,2.0,4.0,2.0
gd_L4b,a9bc3e1697e72806404571a154578fce,L4b,Giáo dục,Chuyên Viên Tư Vấn Giáo Dục – Thu Nhập Up To 30tr | Không Cần Kinh Nghiệm | Data Có Sẵn,Giáo dục,E1,"{""E1"": 9}",6.5,6.25,6.0,6.0,True,True,2.0,2.0,7.0,7.0
gd_L4b,f4ba3fd1982705e747650b9cdc4354b6,L4b,Giáo dục,Product Trainer - Chuyên Viên Đào Tạo Sản Phẩm An Ninh Mạng/Công Nghệ Thông Tin,Giáo dục,E3,"{""E3"": 9}",5.0,4.5,5.0,4.3333,True,True,4.0,4.0,2.0,1.0
gd_L4b,de752eac062317ff758a5137be7ac742,L4b,Giáo dục,Tư Vấn Tuyển Sinh Online / Telesales / Sale Giáo Dục ( Quận 2),Giáo dục,E3t,"{""E3t"": 10}",5.5,5.75,5.0,5.3333,True,True,2.0,1.0,6.0,1.0
gd_L4b,f224329725039dacca80697c36a5b0fe,L4b,Giáo dục,AI Machine Learning Lead,Giáo dục,E3,"{""E3"": 10}",2.0,1.75,2.0,1.6667,False,False,1.0,1.0,4.0,1.0
gd_P,8fde593eb96f322bd444a2af0574f40c,P,Giáo dục,Kỹ Sư Phát Triển Phần Mềm (Java Developer) - VTS,IT,E1|E2|E3|E2t|E3t,"{""E1"": 7, ""E2"": 1, ""E3"": 1, ""E2t"": 3, ""E3t"": 3}",6.0,5.75,6.0,5.6667,True,True,1.0,1.0,1.0,1.0
gd_P,fadbf9fddd686b0aba832143a92a3355,P,Giáo dục,Nhân Viên Chăm Sóc Khách Hàng,Chăm sóc khách hàng,E1|E2|E3|E2t|E3t,"{""E1"": 1, ""E2"": 6, ""E3"": 5, ""E2t"": 1, ""E3t"": 1}",4.0,4.0,2.0,3.3333,False,False,4.0,4.0,5.0,5.0
gd_P,0b76d06d6b3e327518030a7f1303aa56,P,Giáo dục,Giảng Viên Lập Trình IT,Giáo dục,E2|E3|E2t|E3t,"{""E2"": 3, ""E3"": 2, ""E2t"": 7, ""E3t"": 10}",7.0,7.0,7.0,7.0,True,True,2.0,2.0,3.0,3.0
gd_P,29d48d4363bf19fc33148f8f86ccdb31,P,Giáo dục,Software Engineer (Golang/Python/Java...),IT,E1|E2|E3|E2t|E3t,"{""E1"": 2, ""E2"": 2, ""E3"": 3, ""E2t"": 4, ""E3t"": 4}",6.5,6.75,6.0,6.6667,True,True,2.0,2.0,2.0,2.0
gd_P,b838f240ce7695573dbee4b4a0f6d2b2,P,Giáo dục,Java Developer (Senior) - Phần Mềm,IT,E2|E3|E2t|E3t,"{""E2"": 7, ""E3"": 6, ""E2t"": 2, ""E3t"": 2}",4.5,4.5,4.0,4.3333,False,False,3.0,3.0,2.0,2.0
gd_P,a9ff50156c5c68869371e1ede3adf900,P,Giáo dục,Chuyên Viên Vật Lý (Lương 30 Triệu ++),Giáo dục,E1|E2|E3|E2t|E3t,"{""E1"": 3, ""E2"": 8, ""E3"": 7, ""E2t"": 5, ""E3t"": 5}",2.0,2.5,2.0,2.6667,False,False,2.0,2.0,2.0,0.0
gd_P,34265abc78e946c86b0fca885ec8eaf0,P,Giáo dục,Giáo Viên Tiếng Anh (Toeic - Giao Tiếp) - Full Time / Part Time,Giáo dục,E2,"{""E2"": 4}",3.0,3.25,3.0,3.3333,False,False,3.0,3.0,3.0,3.0
gd_P,7222c009019dbf5438a77e38fdcb9770,P,Giáo dục,Nhân Viên Kinh Doanh/ Nhân Viên Tư Vấn Tuyển Sinh/ Tư Vấn Khóa Học IELTS (Không Yêu Cầu Kinh Nghiệm Giáo Dục) - Lương 12 - 25 Triệu/Tháng,Nhân viên kinh doanh,E1|E2|E3|E2t|E3t,"{""E1"": 4, ""E2"": 10, ""E3"": 9, ""E2t"": 8, ""E3t"": 7}",4.0,4.0,3.0,3.6667,False,False,2.0,2.0,6.0,6.0
gd_P,a7ecf8ebd26e1a98be1146cf6b9a8b57,P,Giáo dục,Senior Front-End Engineer (ReactJS/ Angular),IT,E3,"{""E3"": 4}",4.0,4.0,4.0,3.6667,False,False,2.0,1.0,0.0,0.0
gd_P,124f4256f0d6a862038089b366463a3e,P,Giáo dục,"Nhân Viên Chăm Sóc Khách Hàng Hỗ Trợ Dịch Vụ (Ca Đêm) / Customer Service - Tiếng Anh Tốt, Thu Nhập Hấp Dẫn",Chăm sóc khách hàng,E1|E2t|E3t,"{""E1"": 5, ""E2t"": 9, ""E3t"": 9}",5.0,4.75,6.0,5.0,True,True,3.0,3.0,3.0,3.0
gd_P,f8efd4f2428268672be73753c4270382,P,Giáo dục,Nhân Viên Tư Vấn Khóa Học- Tiếng Trung Giao Tiếp,Giáo dục,E2,"{""E2"": 5}",3.5,3.5,3.0,3.3333,False,False,3.0,3.0,5.0,3.0
gd_P,6ab62df42ffa0205400bb950ba3b7ab6,P,Giáo dục,"Lập Trình Viên Java (Product Domain Bank, Fintech)",Ngân hàng,E3|E3t,"{""E3"": 8, ""E3t"": 6}",5.0,5.0,5.0,5.0,True,True,2.0,2.0,0.0,0.0
gd_P,e2a95ee4eb1f005599ac4cbb23651694,P,Giáo dục,Nhân Viên Chăm Sóc Khách Hàng Kiêm Lễ Tân,Chăm sóc khách hàng,E1,"{""E1"": 6}",3.5,3.5,3.0,3.3333,False,False,3.0,3.0,4.0,4.0
gd_P,f16690d387dede7dad20743492e4eccf,P,Giáo dục,Developer,IT,E2|E2t,"{""E2"": 9, ""E2t"": 6}",6.5,6.25,7.0,6.3333,True,True,2.0,2.0,1.0,0.0
gd_P,720794ec272ac8e46040a471a59a7ec2,P,Giáo dục,Nhân Viên Lễ Tân (Giao Tiếp Tiếng Anh) - Thu Nhập Hấp Dẫn - Làm Việc Tại Phường Bình Chiểu Hồ Chí Minh,Hành chính nhân sự,E1,"{""E1"": 8}",3.0,3.0,3.0,3.0,False,False,2.0,2.0,1.0,1.0
gd_P,7c9fb473473e08e1bf2da55f5e932433,P,Giáo dục,Backend Developer - Java - Dự Án Bank - 5 Năm Kinh Nghiệm,Ngân hàng,E3|E3t,"{""E3"": 10, ""E3t"": 8}",4.0,3.5,4.0,3.3333,False,False,2.0,2.0,1.0,1.0
gd_P,eadb10f792afb06bf250cdce60363583,P,Giáo dục,"Giám Sát Tuyển Sinh - Quản Lý Lớp Học - Sales Supervisor (Quảng Ngãi, Đà Nẵng, Long An) - Có Kinh Nghiệm Quản Lý Đội Nhóm",Telesales,E1,"{""E1"": 9}",3.5,3.5,3.0,3.3333,False,False,3.0,3.0,5.0,2.0
gd_P,37908f0603e24219d1b931aa809ea5a8,P,Giáo dục,Nhân Viên Chăm Sóc Khách Hàng,Chăm sóc khách hàng,E1,"{""E1"": 10}",4.0,3.75,3.0,3.3333,False,False,3.0,3.0,5.0,2.0
gd_P,94a6b71a0ae7e1e55b653c217511b8f8,P,Giáo dục,"Trưởng Nhóm Tư Vấn Định Cư, Đầu Tư (Ưu Tiên Châu Âu)",Giáo dục,E2t,"{""E2t"": 10}",3.0,3.25,3.0,3.3333,False,False,3.0,3.0,6.0,1.0
gd_P2,8b66d5f347292912c56ea3a07c519889,P2,Giáo dục,Nhân Viên Hành Chính - Lễ Tân,Hành chính nhân sự,E1|E2|E3|E2t|E3t,"{""E1"": 1, ""E2"": 6, ""E3"": 9, ""E2t"": 1, ""E3t"": 1}",5.5,5.75,6.0,6.0,True,True,2.0,2.0,3.0,3.0
gd_P2,a150d85738fbdc3f02a5822e0d2f4f6e,P2,Giáo dục,Nhân Viên Nhân Sự (Quản Lý Cán Bộ),Hành chính nhân sự,E2|E3|E2t|E3t,"{""E2"": 1, ""E3"": 2, ""E2t"": 3, ""E3t"": 4}",4.5,4.75,5.0,5.0,False,True,2.0,2.0,3.0,3.0
gd_P2,c7d8611403d266205390aeb749e06def,P2,Giáo dục,"Admin Clerk (District 9, HCMC)",Hành chính nhân sự,E1|E2|E3|E2t|E3t,"{""E1"": 3, ""E2"": 2, ""E3"": 1, ""E2t"": 5, ""E3t"": 3}",4.5,4.75,4.0,4.6667,False,False,2.0,2.0,3.0,3.0
gd_P2,64b1e71dea663d996c04cab49eb142c6,P2,Giáo dục,Nhân Viên Nhân Sự Tổng Hợp,Hành chính nhân sự,E2|E3|E2t|E3t,"{""E2"": 4, ""E3"": 3, ""E2t"": 2, ""E3t"": 2}",5.5,5.25,6.0,5.3333,True,True,2.0,2.0,2.0,2.0
gd_P2,fadbf9fddd686b0aba832143a92a3355,P2,Giáo dục,Nhân Viên Chăm Sóc Khách Hàng,Chăm sóc khách hàng,E1|E3|E2t|E3t,"{""E1"": 2, ""E3"": 10, ""E2t"": 4, ""E3t"": 5}",6.5,6.25,6.0,6.0,True,True,2.0,2.0,3.0,2.0
gd_P2,158c8fc83b4db02b2ba03290c1137618,P2,Giáo dục,Chuyên Viên Nhân Sự Tổng Hợp,Hành chính nhân sự,E2|E3|E2t,"{""E2"": 3, ""E3"": 7, ""E2t"": 8}",4.5,4.75,5.0,5.0,False,True,2.0,2.0,2.0,2.0
gd_P2,45eafbcae32c5b03b363c18a6207c797,P2,Giáo dục,TTS Nhân Sự C&B Có Hỗ Trợ Lương,Hành chính nhân sự,E2|E3,"{""E2"": 7, ""E3"": 4}",5.0,5.25,5.0,5.3333,True,True,1.0,1.0,3.0,3.0
gd_P2,4d7b6ab5bdeae63a5ec39a040e221f57,P2,Giáo dục,Nhân Viên Lễ Tân Tòa Nhà (Resident Receptionist) - Tiếng Anh,Lao động phổ thông,E1|E2t|E3t,"{""E1"": 4, ""E2t"": 7, ""E3t"": 7}",3.5,4.0,4.0,4.3333,False,False,3.0,3.0,2.0,1.0
gd_P2,2d94d588b2b949008b375ed7a7ae60cd,P2,Giáo dục,Nhân Viên Hành Chính Nhân Sự,Hành chính nhân sự,E1|E2,"{""E1"": 10, ""E2"": 5}",3.5,3.5,4.0,3.6667,False,False,1.0,1.0,1.0,1.0
gd_P2,4ed17f963ffc2112ec677279bf58945c,P2,Giáo dục,Trưởng Nhóm Quản Nhiệm Lớp Học,Giáo dục,E1|E3,"{""E1"": 8, ""E3"": 5}",5.0,4.75,5.0,4.6667,True,True,1.0,1.0,1.0,1.0
gd_P2,a9ff50156c5c68869371e1ede3adf900,P2,Giáo dục,Chuyên Viên Vật Lý (Lương 30 Triệu ++),Giáo dục,E1|E2t|E3t,"{""E1"": 5, ""E2t"": 10, ""E3t"": 9}",1.5,2.0,2.0,2.3333,False,False,3.0,3.0,2.0,0.0
gd_P2,378b9a045ce0970b852f88147ea974f5,P2,Giáo dục,Nhân Viên Hành Chính Nhân Sự- Đi Làm Ngay,Hành chính nhân sự,E1,"{""E1"": 6}",3.5,4.0,4.0,4.3333,False,False,3.0,3.0,2.0,2.0
gd_P2,42bc47bdcde9a3e126e841180df5b247,P2,Giáo dục,Nhân Viên Chăm Sóc Khách Hàng,Chăm sóc khách hàng,E3,"{""E3"": 6}",4.0,4.0,4.0,4.0,False,False,2.0,2.0,5.0,2.0
gd_P2,6fac573d96428d42ae0025ed2644c3ad,P2,Giáo dục,Thực Tập Sinh Nhân Sự (HR Intern),Hành chính nhân sự,E3t,"{""E3t"": 6}",6.5,6.75,6.0,6.6667,True,True,2.0,2.0,5.0,5.0
gd_P2,95cbf319869796a4d0aa08c6e13b9587,P2,Giáo dục,Hành Chính Nhân Sự,Hành chính nhân sự,E2t,"{""E2t"": 6}",5.5,5.5,5.0,5.0,True,True,3.0,2.0,5.0,1.0
gd_P2,7222c009019dbf5438a77e38fdcb9770,P2,Giáo dục,Nhân Viên Kinh Doanh/ Nhân Viên Tư Vấn Tuyển Sinh/ Tư Vấn Khóa Học IELTS (Không Yêu Cầu Kinh Nghiệm Giáo Dục) - Lương 12 - 25 Triệu/Tháng,Nhân viên kinh doanh,E1,"{""E1"": 7}",5.5,5.75,5.0,5.3333,True,True,2.0,1.0,4.0,4.0
gd_P2,0541a36f20ae3bb34d5611611cdf2575,P2,Giáo dục,Trưởng Nhóm Marketing,Marketing,E3,"{""E3"": 8}",2.0,2.0,2.0,2.0,False,False,0.0,0.0,1.0,1.0
gd_P2,21e374ac9c4191dfb45bdc896cc76ac5,P2,Giáo dục,Nhân Viên Chăm Sóc Khách Hàng| Telesales,Chăm sóc khách hàng,E3t,"{""E3t"": 8}",4.0,4.0,4.0,4.0,False,False,2.0,2.0,3.0,3.0
gd_P2,eadb10f792afb06bf250cdce60363583,P2,Giáo dục,"Giám Sát Tuyển Sinh - Quản Lý Lớp Học - Sales Supervisor (Quảng Ngãi, Đà Nẵng, Long An) - Có Kinh Nghiệm Quản Lý Đội Nhóm",Telesales,E2,"{""E2"": 8}",5.5,5.25,6.0,5.3333,True,True,2.0,2.0,3.0,3.0
gd_P2,16617adf17ee61ed74e69e567aa545ca,P2,Giáo dục,Trưởng Phòng Kinh Doanh Bất Động Sản,Bất động sản,E1,"{""E1"": 9}",2.0,2.75,2.0,3.0,False,False,3.0,3.0,4.0,1.0
gd_P2,3a1cb946e9e411285690e2b339f16812,P2,Giáo dục,"Quản Lý Phòng Hành Chính Tổng Hợp (Lương Thoả Thuận Cao, Đãi Ngộ Tốt) - Làm Việc Tại Bà Rịa - Vũng Tàu (Cũ)",Hành chính nhân sự,E2,"{""E2"": 9}",2.5,3.0,2.0,3.0,False,False,3.0,3.0,1.0,1.0
gd_P2,b177e6ea995d45835a248c54124fa95b,P2,Giáo dục,Trợ Lý Kinh Doanh (Thành Thạo Tiếng Trung),Hành chính nhân sự,E2t,"{""E2t"": 9}",4.5,4.5,4.0,4.3333,False,False,1.0,1.0,2.0,2.0
gd_P2,180cb3864dc2ecf680ead994c23e90ba,P2,Giáo dục,Trưởng Phòng Vận Hành - Telesales (Lĩnh Vực Enabler/Logistic),Telesales,E3t,"{""E3t"": 10}",4.0,4.0,4.0,4.0,False,False,2.0,2.0,3.0,3.0
gd_P2,623b21ee5d44aef2cb3d628b21b3d971,P2,Giáo dục,TRƯỞNG NHÓM HÀNH CHÍNH NHÂN SỰ( Mảng Bất Động Sản),Bất động sản,E2,"{""E2"": 10}",5.0,4.75,5.0,4.6667,True,True,1.0,1.0,0.0,0.0
hcns_L1,b056721a82c64a44dbf133de424b11be,L1,Hành chính nhân sự,Nhân Viên Hành Chính Nhân Sự - Tuyển Dụng Thu Nhập 11 - 14 Triệu,Hành chính nhân sự,E1|E3|E2t|E3t,"{""E1"": 1, ""E3"": 9, ""E2t"": 2, ""E3t"": 1}",6.0,5.75,6.0,5.6667,True,True,1.0,1.0,6.0,5.0
hcns_L1,b177e6ea995d45835a248c54124fa95b,L1,Hành chính nhân sự,Trợ Lý Kinh Doanh (Thành Thạo Tiếng Trung),Hành chính nhân sự,E1|E2|E3|E2t|E3t,"{""E1"": 10, ""E2"": 2, ""E3"": 2, ""E2t"": 1, ""E3t"": 5}",4.5,4.5,4.0,4.3333,False,False,1.0,1.0,0.0,0.0
hcns_L1,c7d8611403d266205390aeb749e06def,L1,Hành chính nhân sự,"Admin Clerk (District 9, HCMC)",Hành chính nhân sự,E1|E2|E3|E2t|E3t,"{""E1"": 5, ""E2"": 1, ""E3"": 1, ""E2t"": 4, ""E3t"": 3}",5.0,5.25,4.0,4.6667,True,False,3.0,2.0,7.0,6.0
hcns_L1,720794ec272ac8e46040a471a59a7ec2,L1,Hành chính nhân sự,Nhân Viên Lễ Tân (Giao Tiếp Tiếng Anh) - Thu Nhập Hấp Dẫn - Làm Việc Tại Phường Bình Chiểu Hồ Chí Minh,Hành chính nhân sự,E1|E2t|E3t,"{""E1"": 2, ""E2t"": 3, ""E3t"": 4}",4.0,4.25,4.0,4.3333,False,False,3.0,3.0,0.0,0.0
hcns_L1,a150d85738fbdc3f02a5822e0d2f4f6e,L1,Hành chính nhân sự,Nhân Viên Nhân Sự (Quản Lý Cán Bộ),Hành chính nhân sự,E2t|E3t,"{""E2t"": 5, ""E3t"": 2}",5.0,5.0,5.0,5.3333,True,True,2.0,1.0,6.0,6.0
hcns_L1,158c8fc83b4db02b2ba03290c1137618,L1,Hành chính nhân sự,Chuyên Viên Nhân Sự Tổng Hợp,Hành chính nhân sự,E1|E2|E3|E2t|E3t,"{""E1"": 4, ""E2"": 3, ""E3"": 4, ""E2t"": 8, ""E3t"": 8}",4.5,4.25,4.0,4.0,False,False,2.0,2.0,2.0,1.0
hcns_L1,378b9a045ce0970b852f88147ea974f5,L1,Hành chính nhân sự,Nhân Viên Hành Chính Nhân Sự- Đi Làm Ngay,Hành chính nhân sự,E1|E2|E3|E2t|E3t,"{""E1"": 3, ""E2"": 6, ""E3"": 5, ""E2t"": 6, ""E3t"": 7}",3.5,3.25,3.0,3.0,False,False,2.0,2.0,3.0,1.0
hcns_L1,9ea5a8d0a8d87049801994e436f38909,L1,Hành chính nhân sự,"Admin Executive - District 7, HCMC",Hành chính nhân sự,E1|E2|E3|E2t|E3t,"{""E1"": 7, ""E2"": 7, ""E3"": 3, ""E2t"": 10, ""E3t"": 9}",4.5,4.25,4.0,4.0,False,False,2.0,2.0,3.0,2.0
hcns_L1,be050078bb1932abd9f27f85493ff537,L1,Hành chính nhân sự,Nhân Sự Kế Hoạch Tổng Hợp,Hành chính nhân sự,E1|E2|E2t,"{""E1"": 6, ""E2"": 4, ""E2t"": 9}",6.5,6.0,6.0,5.6667,True,True,3.0,3.0,1.0,1.0
hcns_L1,3a1cb946e9e411285690e2b339f16812,L1,Hành chính nhân sự,"Quản Lý Phòng Hành Chính Tổng Hợp (Lương Thoả Thuận Cao, Đãi Ngộ Tốt) - Làm Việc Tại Bà Rịa - Vũng Tàu (Cũ)",Hành chính nhân sự,E1|E2,"{""E1"": 8, ""E2"": 5}",2.0,2.25,2.0,2.3333,False,False,1.0,1.0,1.0,1.0
hcns_L1,4947c04e57c5f23bc02d633024589ab6,L1,Hành chính nhân sự,Trưởng Phòng Hành Chính Nhân Sự,Hành chính nhân sự,E2|E3,"{""E2"": 10, ""E3"": 6}",3.5,3.5,3.0,3.0,False,False,3.0,2.0,3.0,1.0
hcns_L1,68c6937a9784bdfed36d2973954de5a4,L1,Hành chính nhân sự,HR & Administration Executive,Hành chính nhân sự,E3t,"{""E3t"": 6}",4.0,4.0,4.0,4.3333,False,False,2.0,1.0,10.0,8.0
hcns_L1,95cbf319869796a4d0aa08c6e13b9587,L1,Hành chính nhân sự,Hành Chính Nhân Sự,Hành chính nhân sự,E3,"{""E3"": 7}",5.5,5.5,5.0,5.0,True,True,3.0,2.0,7.0,3.0
hcns_L1,ceef33355a399ac1553e73c712174b46,L1,Hành chính nhân sự,Nhân Viên Hành Chính,Hành chính nhân sự,E2|E3|E2t,"{""E2"": 9, ""E3"": 10, ""E2t"": 7}",7.0,6.5,7.0,6.3333,True,True,2.0,2.0,2.0,2.0
hcns_L1,78f10fd0ef3c09994e2abd21861c9e41,L1,Hành chính nhân sự,Nhân Viên Nhân Sự,Hành chính nhân sự,E3,"{""E3"": 8}",2.0,2.25,2.0,2.0,False,False,1.0,0.0,1.0,1.0
hcns_L1,e912f74eb63aee94277291ae31255438,L1,Hành chính nhân sự,Nhân Viên Hành Chính Nhân Sự,Hành chính nhân sự,E2,"{""E2"": 8}",7.5,7.75,7.0,7.6667,True,True,2.0,2.0,1.0,1.0
hcns_L1,0de9a86a17339c2b2dd93beaa6beb399,L1,Hành chính nhân sự,"Chuyên Viên Hành Chính - Nhân Sự Tại Duy Tiên, Hà Nam ( Cũ ) - Thu Nhập Hấp Dẫn - Đi Làm Ngay",Hành chính nhân sự,E1,"{""E1"": 9}",5.0,5.0,5.0,4.6667,True,True,2.0,1.0,2.0,1.0
hcns_L1,6fac573d96428d42ae0025ed2644c3ad,L1,Hành chính nhân sự,Thực Tập Sinh Nhân Sự (HR Intern),Hành chính nhân sự,E3t,"{""E3t"": 10}",8.0,7.75,8.0,8.0,True,True,1.0,0.0,1.0,1.0
hcns_L1b,b056721a82c64a44dbf133de424b11be,L1b,Hành chính nhân sự,Nhân Viên Hành Chính Nhân Sự - Tuyển Dụng Thu Nhập 11 - 14 Triệu,Hành chính nhân sự,E1|E3|E2t|E3t,"{""E1"": 1, ""E3"": 9, ""E2t"": 2, ""E3t"": 1}",5.5,5.75,5.0,5.3333,True,True,2.0,1.0,2.0,1.0
hcns_L1b,b177e6ea995d45835a248c54124fa95b,L1b,Hành chính nhân sự,Trợ Lý Kinh Doanh (Thành Thạo Tiếng Trung),Hành chính nhân sự,E1|E2|E3|E2t|E3t,"{""E1"": 10, ""E2"": 2, ""E3"": 2, ""E2t"": 1, ""E3t"": 5}",5.0,5.25,4.0,4.6667,True,False,3.0,2.0,1.0,1.0
hcns_L1b,c7d8611403d266205390aeb749e06def,L1b,Hành chính nhân sự,"Admin Clerk (District 9, HCMC)",Hành chính nhân sự,E1|E2|E3|E2t|E3t,"{""E1"": 5, ""E2"": 1, ""E3"": 1, ""E2t"": 4, ""E3t"": 3}",6.0,6.0,6.0,5.6667,True,True,2.0,1.0,2.0,1.0
hcns_L1b,720794ec272ac8e46040a471a59a7ec2,L1b,Hành chính nhân sự,Nhân Viên Lễ Tân (Giao Tiếp Tiếng Anh) - Thu Nhập Hấp Dẫn - Làm Việc Tại Phường Bình Chiểu Hồ Chí Minh,Hành chính nhân sự,E1|E2t|E3t,"{""E1"": 2, ""E2t"": 3, ""E3t"": 4}",4.0,4.0,4.0,4.3333,False,False,2.0,1.0,1.0,1.0
hcns_L1b,a150d85738fbdc3f02a5822e0d2f4f6e,L1b,Hành chính nhân sự,Nhân Viên Nhân Sự (Quản Lý Cán Bộ),Hành chính nhân sự,E2t|E3t,"{""E2t"": 5, ""E3t"": 2}",5.0,5.0,6.0,5.6667,True,True,4.0,3.0,2.0,1.0
hcns_L1b,158c8fc83b4db02b2ba03290c1137618,L1b,Hành chính nhân sự,Chuyên Viên Nhân Sự Tổng Hợp,Hành chính nhân sự,E1|E2|E3|E2t|E3t,"{""E1"": 4, ""E2"": 3, ""E3"": 4, ""E2t"": 8, ""E3t"": 8}",4.0,4.0,4.0,4.0,False,False,2.0,2.0,2.0,2.0
hcns_L1b,378b9a045ce0970b852f88147ea974f5,L1b,Hành chính nhân sự,Nhân Viên Hành Chính Nhân Sự- Đi Làm Ngay,Hành chính nhân sự,E1|E2|E3|E2t|E3t,"{""E1"": 3, ""E2"": 6, ""E3"": 5, ""E2t"": 6, ""E3t"": 7}",4.0,4.25,4.0,4.3333,False,False,3.0,3.0,0.0,0.0
hcns_L1b,9ea5a8d0a8d87049801994e436f38909,L1b,Hành chính nhân sự,"Admin Executive - District 7, HCMC",Hành chính nhân sự,E1|E2|E3|E2t|E3t,"{""E1"": 7, ""E2"": 7, ""E3"": 3, ""E2t"": 10, ""E3t"": 9}",6.0,5.75,6.0,5.3333,True,True,3.0,2.0,3.0,2.0
hcns_L1b,be050078bb1932abd9f27f85493ff537,L1b,Hành chính nhân sự,Nhân Sự Kế Hoạch Tổng Hợp,Hành chính nhân sự,E1|E2|E2t,"{""E1"": 6, ""E2"": 4, ""E2t"": 9}",6.5,5.75,6.0,5.3333,True,True,4.0,4.0,1.0,1.0
hcns_L1b,3a1cb946e9e411285690e2b339f16812,L1b,Hành chính nhân sự,"Quản Lý Phòng Hành Chính Tổng Hợp (Lương Thoả Thuận Cao, Đãi Ngộ Tốt) - Làm Việc Tại Bà Rịa - Vũng Tàu (Cũ)",Hành chính nhân sự,E1|E2,"{""E1"": 8, ""E2"": 5}",2.0,2.25,2.0,2.0,False,False,1.0,0.0,2.0,1.0
hcns_L1b,4947c04e57c5f23bc02d633024589ab6,L1b,Hành chính nhân sự,Trưởng Phòng Hành Chính Nhân Sự,Hành chính nhân sự,E2|E3,"{""E2"": 10, ""E3"": 6}",4.0,4.0,4.0,4.0,False,False,2.0,2.0,2.0,2.0
hcns_L1b,68c6937a9784bdfed36d2973954de5a4,L1b,Hành chính nhân sự,HR & Administration Executive,Hành chính nhân sự,E3t,"{""E3t"": 6}",4.5,4.5,5.0,4.6667,False,True,1.0,1.0,3.0,2.0
hcns_L1b,95cbf319869796a4d0aa08c6e13b9587,L1b,Hành chính nhân sự,Hành Chính Nhân Sự,Hành chính nhân sự,E3,"{""E3"": 7}",6.5,6.25,6.0,6.0,True,True,2.0,2.0,2.0,1.0
hcns_L1b,ceef33355a399ac1553e73c712174b46,L1b,Hành chính nhân sự,Nhân Viên Hành Chính,Hành chính nhân sự,E2|E3|E2t,"{""E2"": 9, ""E3"": 10, ""E2t"": 7}",7.0,6.75,7.0,6.6667,True,True,3.0,3.0,2.0,1.0
hcns_L1b,78f10fd0ef3c09994e2abd21861c9e41,L1b,Hành chính nhân sự,Nhân Viên Nhân Sự,Hành chính nhân sự,E3,"{""E3"": 8}",2.0,2.25,2.0,2.0,False,False,1.0,0.0,1.0,1.0
hcns_L1b,e912f74eb63aee94277291ae31255438,L1b,Hành chính nhân sự,Nhân Viên Hành Chính Nhân Sự,Hành chính nhân sự,E2,"{""E2"": 8}",7.5,7.5,7.0,7.3333,True,True,3.0,3.0,0.0,0.0
hcns_L1b,0de9a86a17339c2b2dd93beaa6beb399,L1b,Hành chính nhân sự,"Chuyên Viên Hành Chính - Nhân Sự Tại Duy Tiên, Hà Nam ( Cũ ) - Thu Nhập Hấp Dẫn - Đi Làm Ngay",Hành chính nhân sự,E1,"{""E1"": 9}",6.0,5.75,6.0,5.6667,True,True,1.0,1.0,2.0,1.0
hcns_L1b,6fac573d96428d42ae0025ed2644c3ad,L1b,Hành chính nhân sự,Thực Tập Sinh Nhân Sự (HR Intern),Hành chính nhân sự,E3t,"{""E3t"": 10}",7.0,7.25,7.0,7.3333,True,True,1.0,1.0,4.0,4.0
hcns_L2,45eafbcae32c5b03b363c18a6207c797,L2,Hành chính nhân sự,TTS Nhân Sự C&B Có Hỗ Trợ Lương,Hành chính nhân sự,E1|E2|E3|E2t|E3t,"{""E1"": 5, ""E2"": 1, ""E3"": 1, ""E2t"": 3, ""E3t"": 3}",7.5,7.5,8.0,7.6667,True,True,1.0,1.0,2.0,1.0
hcns_L2,720794ec272ac8e46040a471a59a7ec2,L2,Hành chính nhân sự,Nhân Viên Lễ Tân (Giao Tiếp Tiếng Anh) - Thu Nhập Hấp Dẫn - Làm Việc Tại Phường Bình Chiểu Hồ Chí Minh,Hành chính nhân sự,E1|E2t|E3t,"{""E1"": 1, ""E2t"": 1, ""E3t"": 2}",4.5,4.5,5.0,4.6667,False,True,1.0,1.0,3.0,3.0
hcns_L2,a150d85738fbdc3f02a5822e0d2f4f6e,L2,Hành chính nhân sự,Nhân Viên Nhân Sự (Quản Lý Cán Bộ),Hành chính nhân sự,E2|E3|E2t|E3t,"{""E2"": 3, ""E3"": 2, ""E2t"": 4, ""E3t"": 1}",6.5,6.25,7.0,6.6667,True,True,2.0,1.0,2.0,2.0
hcns_L2,2bba834f07b26b2684dfeb5471132128,L2,Hành chính nhân sự,Chuyên Viên Chính Sách - Tiền Lương,Hành chính nhân sự,E1|E2|E3|E2t|E3t,"{""E1"": 6, ""E2"": 2, ""E3"": 5, ""E2t"": 7, ""E3t"": 9}",6.0,5.75,6.0,5.6667,True,True,3.0,3.0,2.0,1.0
hcns_L2,64b1e71dea663d996c04cab49eb142c6,L2,Hành chính nhân sự,Nhân Viên Nhân Sự Tổng Hợp,Hành chính nhân sự,E2|E3|E2t|E3t,"{""E2"": 6, ""E3"": 6, ""E2t"": 2, ""E3t"": 5}",7.0,6.75,7.0,6.6667,True,True,1.0,1.0,2.0,2.0
hcns_L2,cffcef9b0c3846950c66e7605bdebdd9,L2,Hành chính nhân sự,Business Analyst – Dự Án Hệ Thống Nhân Sự (Hợp Đồng 6 Tháng),Hành chính nhân sự,E1|E2t|E3t,"{""E1"": 2, ""E2t"": 5, ""E3t"": 4}",4.5,4.5,4.0,4.3333,False,False,3.0,3.0,4.0,4.0
hcns_L2,3791e6bf673ac48990b1d18390ad4aae,L2,Hành chính nhân sự,Chuyên Viên Nhân Sự Cao Cấp,Hành chính nhân sự,E1|E2|E3|E2t|E3t,"{""E1"": 3, ""E2"": 9, ""E3"": 7, ""E2t"": 6, ""E3t"": 6}",4.0,3.75,4.0,3.6667,False,False,1.0,1.0,0.0,0.0
hcns_L2,e912f74eb63aee94277291ae31255438,L2,Hành chính nhân sự,Nhân Viên Hành Chính Nhân Sự,Hành chính nhân sự,E1|E2|E3|E2t|E3t,"{""E1"": 7, ""E2"": 4, ""E3"": 3, ""E2t"": 8, ""E3t"": 10}",8.0,8.25,8.0,8.3333,True,True,1.0,1.0,0.0,0.0
hcns_L2,0b541953165c946460fb6e1203b4d84d,L2,Hành chính nhân sự,Trưởng Phòng Nhân Sự - HR Manager (Ngành F&B),Hành chính nhân sự,E1|E2t|E3t,"{""E1"": 4, ""E2t"": 9, ""E3t"": 8}",4.0,3.5,4.0,3.3333,False,False,2.0,2.0,1.0,1.0
hcns_L2,ceef33355a399ac1553e73c712174b46,L2,Hành chính nhân sự,Nhân Viên Hành Chính,Hành chính nhân sự,E1|E2|E3|E2t,"{""E1"": 8, ""E2"": 5, ""E3"": 4, ""E2t"": 10}",7.5,7.25,7.0,7.0,True,True,2.0,2.0,3.0,2.0
hcns_L2,68c6937a9784bdfed36d2973954de5a4,L2,Hành chính nhân sự,HR & Administration Executive,Hành chính nhân sự,E3t,"{""E3t"": 7}",4.5,4.75,5.0,5.0,False,True,2.0,2.0,3.0,2.0
hcns_L2,786001bf891ae27f27458347c866147b,L2,Hành chính nhân sự,Chuyên Viên C&B Và Hành Chính,Hành chính nhân sự,E2,"{""E2"": 7}",6.5,6.75,6.0,6.6667,True,True,2.0,2.0,3.0,3.0
hcns_L2,b177e6ea995d45835a248c54124fa95b,L2,Hành chính nhân sự,Trợ Lý Kinh Doanh (Thành Thạo Tiếng Trung),Hành chính nhân sự,E2|E3,"{""E2"": 8, ""E3"": 8}",6.5,6.0,6.0,5.6667,True,True,5.0,5.0,2.0,2.0
hcns_L2,0107098cbf835e6d46c43133499ce9f0,L2,Hành chính nhân sự,Trưởng Phòng Nhân Sự - Yêu Cầu Từ 5 Năm Kinh Nghiệm - Quận 2 Cũ,Hành chính nhân sự,E1,"{""E1"": 9}",4.0,4.0,4.0,3.6667,False,False,2.0,1.0,2.0,1.0
hcns_L2,d2e063b11be6aa2abcb27bc4353f9e81,L2,Hành chính nhân sự,Nhân Viên Admin Tuyển Sinh (Thu Nhập Từ 15M Trở Lên),Hành chính nhân sự,E2|E3,"{""E2"": 10, ""E3"": 9}",5.0,5.5,5.0,5.6667,True,True,2.0,2.0,4.0,4.0
hcns_L2,4947c04e57c5f23bc02d633024589ab6,L2,Hành chính nhân sự,Trưởng Phòng Hành Chính Nhân Sự,Hành chính nhân sự,E3,"{""E3"": 10}",5.0,4.75,5.0,4.6667,True,True,1.0,1.0,1.0,1.0
hcns_L2,e3c72cd8a4dcc59153af98be78734bda,L2,Hành chính nhân sự,Nhân Viên Hành Chính (Admin) - Lương Up To 15 Triệu (Làm Việc Tại TP.HCM),Hành chính nhân sự,E1,"{""E1"": 10}",7.0,6.75,7.0,6.6667,True,True,1.0,1.0,2.0,0.0
hcns_L2b,3a1cb946e9e411285690e2b339f16812,L2b,Hành chính nhân sự,"Quản Lý Phòng Hành Chính Tổng Hợp (Lương Thoả Thuận Cao, Đãi Ngộ Tốt) - Làm Việc Tại Bà Rịa - Vũng Tàu (Cũ)",Hành chính nhân sự,E1|E2|E3|E2t|E3t,"{""E1"": 1, ""E2"": 3, ""E3"": 7, ""E2t"": 1, ""E3t"": 1}",4.5,4.25,5.0,4.3333,False,True,2.0,2.0,0.0,0.0
hcns_L2b,786001bf891ae27f27458347c866147b,L2b,Hành chính nhân sự,Chuyên Viên C&B Và Hành Chính,Hành chính nhân sự,E1|E2|E3|E2t|E3t,"{""E1"": 5, ""E2"": 1, ""E3"": 1, ""E2t"": 4, ""E3t"": 5}",8.0,8.25,8.0,8.3333,True,True,1.0,1.0,1.0,0.0
hcns_L2b,45eafbcae32c5b03b363c18a6207c797,L2b,Hành chính nhân sự,TTS Nhân Sự C&B Có Hỗ Trợ Lương,Hành chính nhân sự,E1|E2|E3|E2t|E3t,"{""E1"": 9, ""E2"": 2, ""E3"": 2, ""E2t"": 5, ""E3t"": 4}",6.5,6.75,6.0,6.6667,True,True,2.0,2.0,5.0,2.0
hcns_L2b,64b1e71dea663d996c04cab49eb142c6,L2b,Hành chính nhân sự,Nhân Viên Nhân Sự Tổng Hợp,Hành chính nhân sự,E2t|E3t,"{""E2t"": 2, ""E3t"": 2}",8.0,8.0,8.0,8.0,True,True,2.0,2.0,1.0,0.0
hcns_L2b,cf25a8186ebec8c5eb5f2eda7c9dd7b2,L2b,Hành chính nhân sự,Nhân Viên Hành Chính Nhân Sự - Không Có Kinh Nghiệm Sẽ Được Đào Tạo - Đi Làm Ngay,Hành chính nhân sự,E1|E2|E2t|E3t,"{""E1"": 2, ""E2"": 6, ""E2t"": 3, ""E3t"": 3}",6.0,6.0,5.0,5.6667,True,True,2.0,2.0,6.0,5.0
hcns_L2b,4947c04e57c5f23bc02d633024589ab6,L2b,Hành chính nhân sự,Trưởng Phòng Hành Chính Nhân Sự,Hành chính nhân sự,E1|E2|E3|E2t|E3t,"{""E1"": 7, ""E2"": 4, ""E3"": 3, ""E2t"": 8, ""E3t"": 8}",5.5,5.5,5.0,5.3333,True,True,1.0,1.0,1.0,1.0
hcns_L2b,cffcef9b0c3846950c66e7605bdebdd9,L2b,Hành chính nhân sự,Business Analyst – Dự Án Hệ Thống Nhân Sự (Hợp Đồng 6 Tháng),Hành chính nhân sự,E1|E2|E3|E2t|E3t,"{""E1"": 3, ""E2"": 10, ""E3"": 8, ""E2t"": 7, ""E3t"": 7}",5.0,4.75,4.0,4.3333,True,False,3.0,3.0,4.0,4.0
hcns_L2b,0de9a86a17339c2b2dd93beaa6beb399,L2b,Hành chính nhân sự,"Chuyên Viên Hành Chính - Nhân Sự Tại Duy Tiên, Hà Nam ( Cũ ) - Thu Nhập Hấp Dẫn - Đi Làm Ngay",Hành chính nhân sự,E1|E2t|E3t,"{""E1"": 4, ""E2t"": 9, ""E3t"": 9}",8.0,8.25,8.0,8.3333,True,True,1.0,1.0,1.0,0.0
hcns_L2b,2d94d588b2b949008b375ed7a7ae60cd,L2b,Hành chính nhân sự,Nhân Viên Hành Chính Nhân Sự,Hành chính nhân sự,E1|E2|E3,"{""E1"": 10, ""E2"": 5, ""E3"": 4}",4.0,4.5,4.0,4.6667,False,False,2.0,2.0,1.0,0.0
hcns_L2b,6fac573d96428d42ae0025ed2644c3ad,L2b,Hành chính nhân sự,Thực Tập Sinh Nhân Sự (HR Intern),Hành chính nhân sự,E3,"{""E3"": 5}",7.5,7.0,8.0,7.0,True,True,3.0,3.0,7.0,7.0
hcns_L2b,0b541953165c946460fb6e1203b4d84d,L2b,Hành chính nhân sự,Trưởng Phòng Nhân Sự - HR Manager (Ngành F&B),Hành chính nhân sự,E1,"{""E1"": 6}",5.0,5.0,5.0,5.0,True,True,2.0,2.0,2.0,2.0
hcns_L2b,a150d85738fbdc3f02a5822e0d2f4f6e,L2b,Hành chính nhân sự,Nhân Viên Nhân Sự (Quản Lý Cán Bộ),Hành chính nhân sự,E2t|E3t,"{""E2t"": 6, ""E3t"": 6}",7.0,6.5,7.0,6.3333,True,True,2.0,2.0,1.0,0.0
hcns_L2b,d2e063b11be6aa2abcb27bc4353f9e81,L2b,Hành chính nhân sự,Nhân Viên Admin Tuyển Sinh (Thu Nhập Từ 15M Trở Lên),Hành chính nhân sự,E3,"{""E3"": 6}",5.5,5.0,5.0,4.6667,True,True,3.0,3.0,2.0,2.0
hcns_L2b,2bba834f07b26b2684dfeb5471132128,L2b,Hành chính nhân sự,Chuyên Viên Chính Sách - Tiền Lương,Hành chính nhân sự,E2|E2t,"{""E2"": 7, ""E2t"": 10}",6.0,6.25,6.0,6.0,True,True,1.0,0.0,2.0,1.0
hcns_L2b,9c6720d1e69defd6c41198107eb09ca2,L2b,Hành chính nhân sự,Chuyên Viên Nhân Sự Tổng Hợp - Lương Từ 18 Triệu Tại Đồng Nai (Đi Làm Ngay),Hành chính nhân sự,E1,"{""E1"": 8}",8.0,8.0,8.0,8.0,True,True,0.0,0.0,1.0,0.0
hcns_L2b,b177e6ea995d45835a248c54124fa95b,L2b,Hành chính nhân sự,Trợ Lý Kinh Doanh (Thành Thạo Tiếng Trung),Hành chính nhân sự,E2|E3,"{""E2"": 8, ""E3"": 9}",6.0,5.75,6.0,5.3333,True,True,3.0,2.0,2.0,2.0
hcns_L2b,e912f74eb63aee94277291ae31255438,L2b,Hành chính nhân sự,Nhân Viên Hành Chính Nhân Sự,Hành chính nhân sự,E2|E3,"{""E2"": 9, ""E3"": 10}",8.0,7.75,8.0,7.6667,True,True,1.0,1.0,3.0,3.0
hcns_L2b,68c6937a9784bdfed36d2973954de5a4,L2b,Hành chính nhân sự,HR & Administration Executive,Hành chính nhân sự,E3t,"{""E3t"": 10}",6.0,5.75,6.0,6.0,True,True,1.0,0.0,2.0,2.0
hcns_L3,3a1cb946e9e411285690e2b339f16812,L3,Hành chính nhân sự,"Quản Lý Phòng Hành Chính Tổng Hợp (Lương Thoả Thuận Cao, Đãi Ngộ Tốt) - Làm Việc Tại Bà Rịa - Vũng Tàu (Cũ)",Hành chính nhân sự,E1|E2|E3|E2t|E3t,"{""E1"": 1, ""E2"": 2, ""E3"": 9, ""E2t"": 1, ""E3t"": 1}",5.0,4.75,6.0,5.0,True,True,3.0,3.0,2.0,1.0
hcns_L3,45eafbcae32c5b03b363c18a6207c797,L3,Hành chính nhân sự,TTS Nhân Sự C&B Có Hỗ Trợ Lương,Hành chính nhân sự,E1|E2|E3|E2t|E3t,"{""E1"": 8, ""E2"": 3, ""E3"": 1, ""E2t"": 8, ""E3t"": 6}",6.5,6.25,6.0,5.6667,True,True,4.0,3.0,7.0,2.0
hcns_L3,ceef33355a399ac1553e73c712174b46,L3,Hành chính nhân sự,Nhân Viên Hành Chính,Hành chính nhân sự,E2|E3|E2t|E3t,"{""E2"": 1, ""E3"": 2, ""E2t"": 3, ""E3t"": 7}",7.0,6.75,6.0,6.3333,True,True,3.0,3.0,6.0,2.0
hcns_L3,64b1e71dea663d996c04cab49eb142c6,L3,Hành chính nhân sự,Nhân Viên Nhân Sự Tổng Hợp,Hành chính nhân sự,E2t|E3t,"{""E2t"": 2, ""E3t"": 2}",8.0,8.0,8.0,8.0,True,True,2.0,2.0,2.0,1.0
hcns_L3,730a8607dce82e9c4877cd107cb6b17d,L3,Hành chính nhân sự,Trưởng Phòng Hành Chính Tổng Vụ-Tiếng Trung,Hành chính nhân sự,E1|E2t|E3t,"{""E1"": 2, ""E2t"": 4, ""E3t"": 3}",5.0,4.75,5.0,4.6667,True,True,3.0,3.0,1.0,1.0
hcns_L3,786001bf891ae27f27458347c866147b,L3,Hành chính nhân sự,Chuyên Viên C&B Và Hành Chính,Hành chính nhân sự,E1|E2|E3,"{""E1"": 9, ""E2"": 4, ""E3"": 3}",8.0,8.25,8.0,8.3333,True,True,1.0,1.0,2.0,1.0
hcns_L3,f15bc3e422cf60b855b0295ebfbf47fc,L3,Hành chính nhân sự,Chuyên Viên Nhân Sự (Lương Từ 12 - 20 Triệu+ Thưởng) Tại Cầu Giấy Hà Nội,Hành chính nhân sự,E1|E2|E2t|E3t,"{""E1"": 3, ""E2"": 10, ""E2t"": 5, ""E3t"": 5}",7.0,6.75,7.0,6.6667,True,True,1.0,1.0,2.0,2.0
hcns_L3,0b541953165c946460fb6e1203b4d84d,L3,Hành chính nhân sự,Trưởng Phòng Nhân Sự - HR Manager (Ngành F&B),Hành chính nhân sự,E1|E2t|E3t,"{""E1"": 4, ""E2t"": 7, ""E3t"": 9}",6.0,6.25,6.0,6.3333,True,True,1.0,1.0,2.0,2.0
hcns_L3,a150d85738fbdc3f02a5822e0d2f4f6e,L3,Hành chính nhân sự,Nhân Viên Nhân Sự (Quản Lý Cán Bộ),Hành chính nhân sự,E2t|E3t,"{""E2t"": 6, ""E3t"": 4}",7.0,6.75,7.0,7.0,True,True,1.0,0.0,4.0,3.0
hcns_L3,b177e6ea995d45835a248c54124fa95b,L3,Hành chính nhân sự,Trợ Lý Kinh Doanh (Thành Thạo Tiếng Trung),Hành chính nhân sự,E2|E3,"{""E2"": 9, ""E3"": 4}",5.5,5.25,5.0,4.6667,True,True,4.0,3.0,4.0,4.0
hcns_L3,0de9a86a17339c2b2dd93beaa6beb399,L3,Hành chính nhân sự,"Chuyên Viên Hành Chính - Nhân Sự Tại Duy Tiên, Hà Nam ( Cũ ) - Thu Nhập Hấp Dẫn - Đi Làm Ngay",Hành chính nhân sự,E1,"{""E1"": 5}",8.0,8.25,8.0,8.3333,True,True,1.0,1.0,1.0,0.0
hcns_L3,3791e6bf673ac48990b1d18390ad4aae,L3,Hành chính nhân sự,Chuyên Viên Nhân Sự Cao Cấp,Hành chính nhân sự,E1|E3,"{""E1"": 7, ""E3"": 5}",7.0,6.5,7.0,6.3333,True,True,2.0,2.0,3.0,2.0
hcns_L3,e912f74eb63aee94277291ae31255438,L3,Hành chính nhân sự,Nhân Viên Hành Chính Nhân Sự,Hành chính nhân sự,E2|E3,"{""E2"": 5, ""E3"": 10}",7.0,7.0,6.0,6.6667,True,True,2.0,2.0,6.0,3.0
hcns_L3,4947c04e57c5f23bc02d633024589ab6,L3,Hành chính nhân sự,Trưởng Phòng Hành Chính Nhân Sự,Hành chính nhân sự,E2|E3,"{""E2"": 6, ""E3"": 7}",7.5,7.5,8.0,7.6667,True,True,1.0,1.0,2.0,2.0
hcns_L3,6fac573d96428d42ae0025ed2644c3ad,L3,Hành chính nhân sự,Thực Tập Sinh Nhân Sự (HR Intern),Hành chính nhân sự,E3,"{""E3"": 6}",7.0,6.5,7.0,6.3333,True,True,2.0,2.0,7.0,7.0
hcns_L3,cffcef9b0c3846950c66e7605bdebdd9,L3,Hành chính nhân sự,Business Analyst – Dự Án Hệ Thống Nhân Sự (Hợp Đồng 6 Tháng),Hành chính nhân sự,E1,"{""E1"": 6}",5.5,5.0,5.0,4.6667,True,True,3.0,3.0,5.0,3.0
hcns_L3,2d94d588b2b949008b375ed7a7ae60cd,L3,Hành chính nhân sự,Nhân Viên Hành Chính Nhân Sự,Hành chính nhân sự,E2|E2t,"{""E2"": 7, ""E2t"": 10}",5.0,5.25,5.0,5.3333,True,True,1.0,1.0,2.0,1.0
hcns_L3,2bba834f07b26b2684dfeb5471132128,L3,Hành chính nhân sự,Chuyên Viên Chính Sách - Tiền Lương,Hành chính nhân sự,E2|E3,"{""E2"": 8, ""E3"": 8}",8.0,7.75,8.0,7.6667,True,True,1.0,1.0,2.0,1.0
hcns_L3,68c6937a9784bdfed36d2973954de5a4,L3,Hành chính nhân sự,HR & Administration Executive,Hành chính nhân sự,E3t,"{""E3t"": 8}",5.0,5.25,5.0,5.3333,True,True,1.0,1.0,0.0,0.0
hcns_L3,9cf06aaf744851aaa3f6ba230908ed8a,L3,Hành chính nhân sự,Nhân Viên Hành Chính (Hỗ Trợ Nhân Sự & Vận Hành),Hành chính nhân sự,E2t|E3t,"{""E2t"": 9, ""E3t"": 10}",5.5,5.25,6.0,5.6667,True,True,2.0,1.0,2.0,2.0
hcns_L3,2730725c61bf543b831ddecf71f9d4fe,L3,Hành chính nhân sự,"Chuyên Viên Hành Chính Nhân Sự (Senior) [Hà Nội] - Thu Nhập Upto 30 Triệu, Từ 3 Năm Kinh Nghiệm",Hành chính nhân sự,E1,"{""E1"": 10}",8.0,8.0,8.0,8.3333,True,True,2.0,1.0,1.0,0.0
hcns_L3b,3a1cb946e9e411285690e2b339f16812,L3b,Hành chính nhân sự,"Quản Lý Phòng Hành Chính Tổng Hợp (Lương Thoả Thuận Cao, Đãi Ngộ Tốt) - Làm Việc Tại Bà Rịa - Vũng Tàu (Cũ)",Hành chính nhân sự,E1|E2|E3|E2t|E3t,"{""E1"": 1, ""E2"": 1, ""E3"": 5, ""E2t"": 1, ""E3t"": 1}",5.5,5.5,6.0,5.6667,True,True,1.0,1.0,4.0,3.0
hcns_L3b,786001bf891ae27f27458347c866147b,L3b,Hành chính nhân sự,Chuyên Viên C&B Và Hành Chính,Hành chính nhân sự,E1|E2|E3|E2t|E3t,"{""E1"": 6, ""E2"": 3, ""E3"": 1, ""E2t"": 8, ""E3t"": 8}",8.0,7.75,8.0,7.6667,True,True,1.0,1.0,3.0,1.0
hcns_L3b,45eafbcae32c5b03b363c18a6207c797,L3b,Hành chính nhân sự,TTS Nhân Sự C&B Có Hỗ Trợ Lương,Hành chính nhân sự,E2|E3|E3t,"{""E2"": 4, ""E3"": 2, ""E3t"": 7}",5.5,5.5,4.0,4.6667,True,False,5.0,4.0,7.0,2.0
hcns_L3b,4947c04e57c5f23bc02d633024589ab6,L3b,Hành chính nhân sự,Trưởng Phòng Hành Chính Nhân Sự,Hành chính nhân sự,E1|E2|E3|E2t,"{""E1"": 10, ""E2"": 2, ""E3"": 3, ""E2t"": 5}",8.5,8.5,9.0,8.6667,True,True,1.0,1.0,2.0,2.0
hcns_L3b,64b1e71dea663d996c04cab49eb142c6,L3b,Hành chính nhân sự,Nhân Viên Nhân Sự Tổng Hợp,Hành chính nhân sự,E2t|E3t,"{""E2t"": 4, ""E3t"": 2}",8.0,7.5,8.0,7.3333,True,True,2.0,2.0,4.0,2.0
hcns_L3b,730a8607dce82e9c4877cd107cb6b17d,L3b,Hành chính nhân sự,Trưởng Phòng Hành Chính Tổng Vụ-Tiếng Trung,Hành chính nhân sự,E1|E2|E3|E2t|E3t,"{""E1"": 2, ""E2"": 8, ""E3"": 9, ""E2t"": 3, ""E3t"": 3}",6.0,5.75,6.0,5.3333,True,True,3.0,2.0,2.0,2.0
hcns_L3b,ceef33355a399ac1553e73c712174b46,L3b,Hành chính nhân sự,Nhân Viên Hành Chính,Hành chính nhân sự,E2|E3|E2t,"{""E2"": 7, ""E3"": 10, ""E2t"": 2}",6.0,6.25,5.0,5.6667,True,True,3.0,2.0,7.0,2.0
hcns_L3b,d1674eada10ed93f2a19b96526b480a4,L3b,Hành chính nhân sự,Trưởng Phòng Hành Chính Nhân Sự - Đi Làm Ngay Tại Hà Nội - Thu Nhập Từ 25 - 35 Triệu/Tháng. Nghỉ Thứ 7 & Chủ Nhật,Hành chính nhân sự,E1|E2t|E3t,"{""E1"": 3, ""E2t"": 6, ""E3t"": 5}",8.0,7.5,8.0,7.3333,True,True,2.0,2.0,4.0,2.0
hcns_L3b,0b541953165c946460fb6e1203b4d84d,L3b,Hành chính nhân sự,Trưởng Phòng Nhân Sự - HR Manager (Ngành F&B),Hành chính nhân sự,E1|E2t|E3t,"{""E1"": 4, ""E2t"": 9, ""E3t"": 9}",7.5,7.5,7.0,7.3333,True,True,1.0,1.0,2.0,1.0
hcns_L3b,2d94d588b2b949008b375ed7a7ae60cd,L3b,Hành chính nhân sự,Nhân Viên Hành Chính Nhân Sự,Hành chính nhân sự,E2|E3,"{""E2"": 5, ""E3"": 4}",5.5,5.5,5.0,5.0,True,True,3.0,2.0,5.0,3.0
hcns_L3b,a150d85738fbdc3f02a5822e0d2f4f6e,L3b,Hành chính nhân sự,Nhân Viên Nhân Sự (Quản Lý Cán Bộ),Hành chính nhân sự,E2t|E3t,"{""E2t"": 7, ""E3t"": 4}",6.0,6.0,5.0,5.6667,True,True,2.0,2.0,3.0,1.0
hcns_L3b,0de9a86a17339c2b2dd93beaa6beb399,L3b,Hành chính nhân sự,"Chuyên Viên Hành Chính - Nhân Sự Tại Duy Tiên, Hà Nam ( Cũ ) - Thu Nhập Hấp Dẫn - Đi Làm Ngay",Hành chính nhân sự,E1|E2t,"{""E1"": 5, ""E2t"": 10}",7.5,7.25,7.0,7.0,True,True,2.0,2.0,4.0,2.0
hcns_L3b,68c6937a9784bdfed36d2973954de5a4,L3b,Hành chính nhân sự,HR & Administration Executive,Hành chính nhân sự,E3t,"{""E3t"": 6}",6.0,5.75,6.0,6.0,True,True,1.0,0.0,2.0,2.0
hcns_L3b,6fac573d96428d42ae0025ed2644c3ad,L3b,Hành chính nhân sự,Thực Tập Sinh Nhân Sự (HR Intern),Hành chính nhân sự,E3,"{""E3"": 6}",5.5,5.25,4.0,4.6667,True,False,4.0,4.0,7.0,7.0
hcns_L3b,e912f74eb63aee94277291ae31255438,L3b,Hành chính nhân sự,Nhân Viên Hành Chính Nhân Sự,Hành chính nhân sự,E2|E3,"{""E2"": 6, ""E3"": 8}",6.5,6.25,6.0,5.6667,True,True,4.0,3.0,6.0,2.0
hcns_L3b,95cbf319869796a4d0aa08c6e13b9587,L3b,Hành chính nhân sự,Hành Chính Nhân Sự,Hành chính nhân sự,E3,"{""E3"": 7}",8.0,7.75,8.0,7.6667,True,True,1.0,1.0,4.0,1.0
hcns_L3b,cf25a8186ebec8c5eb5f2eda7c9dd7b2,L3b,Hành chính nhân sự,Nhân Viên Hành Chính Nhân Sự - Không Có Kinh Nghiệm Sẽ Được Đào Tạo - Đi Làm Ngay,Hành chính nhân sự,E1|E2,"{""E1"": 7, ""E2"": 9}",6.0,6.0,6.0,5.6667,True,True,2.0,1.0,6.0,2.0
hcns_L3b,cffcef9b0c3846950c66e7605bdebdd9,L3b,Hành chính nhân sự,Business Analyst – Dự Án Hệ Thống Nhân Sự (Hợp Đồng 6 Tháng),Hành chính nhân sự,E1,"{""E1"": 8}",5.0,5.25,4.0,4.6667,True,False,3.0,2.0,5.0,2.0
hcns_L3b,f15bc3e422cf60b855b0295ebfbf47fc,L3b,Hành chính nhân sự,Chuyên Viên Nhân Sự (Lương Từ 12 - 20 Triệu+ Thưởng) Tại Cầu Giấy Hà Nội,Hành chính nhân sự,E1,"{""E1"": 9}",7.0,6.75,7.0,6.6667,True,True,1.0,1.0,3.0,1.0
hcns_L3b,9cf06aaf744851aaa3f6ba230908ed8a,L3b,Hành chính nhân sự,Nhân Viên Hành Chính (Hỗ Trợ Nhân Sự & Vận Hành),Hành chính nhân sự,E3t,"{""E3t"": 10}",5.5,5.75,6.0,6.0,True,True,2.0,2.0,1.0,1.0
hcns_L3b,b177e6ea995d45835a248c54124fa95b,L3b,Hành chính nhân sự,Trợ Lý Kinh Doanh (Thành Thạo Tiếng Trung),Hành chính nhân sự,E2,"{""E2"": 10}",6.0,5.75,6.0,5.3333,True,True,3.0,2.0,4.0,4.0
hcns_L4,3a1cb946e9e411285690e2b339f16812,L4,Hành chính nhân sự,"Quản Lý Phòng Hành Chính Tổng Hợp (Lương Thoả Thuận Cao, Đãi Ngộ Tốt) - Làm Việc Tại Bà Rịa - Vũng Tàu (Cũ)",Hành chính nhân sự,E1|E2|E2t|E3t,"{""E1"": 1, ""E2"": 2, ""E2t"": 1, ""E3t"": 1}",6.0,6.0,6.0,6.0,True,True,2.0,2.0,3.0,3.0
hcns_L4,4947c04e57c5f23bc02d633024589ab6,L4,Hành chính nhân sự,Trưởng Phòng Hành Chính Nhân Sự,Hành chính nhân sự,E2|E3|E2t,"{""E2"": 1, ""E3"": 1, ""E2t"": 7}",9.0,8.75,9.0,9.0,True,True,1.0,0.0,1.0,0.0
hcns_L4,45eafbcae32c5b03b363c18a6207c797,L4,Hành chính nhân sự,TTS Nhân Sự C&B Có Hỗ Trợ Lương,Hành chính nhân sự,E2|E3,"{""E2"": 5, ""E3"": 2}",4.0,4.25,3.0,3.3333,False,False,5.0,3.0,7.0,4.0
hcns_L4,730a8607dce82e9c4877cd107cb6b17d,L4,Hành chính nhân sự,Trưởng Phòng Hành Chính Tổng Vụ-Tiếng Trung,Hành chính nhân sự,E1|E2|E2t|E3t,"{""E1"": 2, ""E2"": 10, ""E2t"": 3, ""E3t"": 3}",6.5,6.25,6.0,6.0,True,True,4.0,4.0,3.0,3.0
hcns_L4,a150d85738fbdc3f02a5822e0d2f4f6e,L4,Hành chính nhân sự,Nhân Viên Nhân Sự (Quản Lý Cán Bộ),Hành chính nhân sự,E2t|E3t,"{""E2t"": 2, ""E3t"": 2}",6.5,6.25,7.0,6.3333,True,True,2.0,2.0,3.0,2.0
hcns_L4,786001bf891ae27f27458347c866147b,L4,Hành chính nhân sự,Chuyên Viên C&B Và Hành Chính,Hành chính nhân sự,E1|E2|E3,"{""E1"": 10, ""E2"": 4, ""E3"": 3}",8.0,7.75,8.0,7.6667,True,True,1.0,1.0,3.0,1.0
hcns_L4,d1674eada10ed93f2a19b96526b480a4,L4,Hành chính nhân sự,Trưởng Phòng Hành Chính Nhân Sự - Đi Làm Ngay Tại Hà Nội - Thu Nhập Từ 25 - 35 Triệu/Tháng. Nghỉ Thứ 7 & Chủ Nhật,Hành chính nhân sự,E1|E2t|E3t,"{""E1"": 3, ""E2t"": 6, ""E3t"": 5}",8.5,8.5,9.0,8.6667,True,True,1.0,1.0,1.0,1.0
hcns_L4,e912f74eb63aee94277291ae31255438,L4,Hành chính nhân sự,Nhân Viên Hành Chính Nhân Sự,Hành chính nhân sự,E2|E3|E2t,"{""E2"": 3, ""E3"": 5, ""E2t"": 10}",5.5,5.75,4.0,5.0,True,False,4.0,3.0,6.0,2.0
hcns_L4,0b541953165c946460fb6e1203b4d84d,L4,Hành chính nhân sự,Trưởng Phòng Nhân Sự - HR Manager (Ngành F&B),Hành chính nhân sự,E1|E2t|E3t,"{""E1"": 4, ""E2t"": 8, ""E3t"": 7}",8.0,8.0,8.0,8.0,True,True,0.0,0.0,2.0,1.0
hcns_L4,64b1e71dea663d996c04cab49eb142c6,L4,Hành chính nhân sự,Nhân Viên Nhân Sự Tổng Hợp,Hành chính nhân sự,E2t|E3t,"{""E2t"": 4, ""E3t"": 4}",7.5,7.25,7.0,7.0,True,True,2.0,2.0,6.0,2.0
hcns_L4,95cbf319869796a4d0aa08c6e13b9587,L4,Hành chính nhân sự,Hành Chính Nhân Sự,Hành chính nhân sự,E2|E3|E3t,"{""E2"": 9, ""E3"": 4, ""E3t"": 8}",8.0,7.25,8.0,7.0,True,True,3.0,3.0,6.0,2.0
hcns_L4,0107098cbf835e6d46c43133499ce9f0,L4,Hành chính nhân sự,Trưởng Phòng Nhân Sự - Yêu Cầu Từ 5 Năm Kinh Nghiệm - Quận 2 Cũ,Hành chính nhân sự,E1|E3|E2t|E3t,"{""E1"": 5, ""E3"": 9, ""E2t"": 9, ""E3t"": 9}",9.0,8.75,9.0,9.0,True,True,1.0,0.0,1.0,0.0
hcns_L4,ceef33355a399ac1553e73c712174b46,L4,Hành chính nhân sự,Nhân Viên Hành Chính,Hành chính nhân sự,E2|E3|E2t,"{""E2"": 6, ""E3"": 10, ""E2t"": 5}",5.5,5.75,4.0,5.3333,True,False,4.0,4.0,5.0,2.0
hcns_L4,2730725c61bf543b831ddecf71f9d4fe,L4,Hành chính nhân sự,"Chuyên Viên Hành Chính Nhân Sự (Senior) [Hà Nội] - Thu Nhập Upto 30 Triệu, Từ 3 Năm Kinh Nghiệm",Hành chính nhân sự,E1,"{""E1"": 6}",8.0,7.75,8.0,7.6667,True,True,1.0,1.0,2.0,2.0
hcns_L4,2bba834f07b26b2684dfeb5471132128,L4,Hành chính nhân sự,Chuyên Viên Chính Sách - Tiền Lương,Hành chính nhân sự,E2|E3,"{""E2"": 8, ""E3"": 6}",8.0,8.0,8.0,8.0,True,True,0.0,0.0,3.0,3.0
hcns_L4,68c6937a9784bdfed36d2973954de5a4,L4,Hành chính nhân sự,HR & Administration Executive,Hành chính nhân sự,E3t,"{""E3t"": 6}",6.0,6.0,6.0,6.3333,True,True,2.0,1.0,4.0,4.0
hcns_L4,2d94d588b2b949008b375ed7a7ae60cd,L4,Hành chính nhân sự,Nhân Viên Hành Chính Nhân Sự,Hành chính nhân sự,E2|E3,"{""E2"": 7, ""E3"": 8}",8.0,7.75,8.0,8.0,True,True,1.0,0.0,1.0,1.0
hcns_L4,6fac573d96428d42ae0025ed2644c3ad,L4,Hành chính nhân sự,Thực Tập Sinh Nhân Sự (HR Intern),Hành chính nhân sự,E3,"{""E3"": 7}",5.5,5.25,5.0,5.0,True,True,2.0,2.0,7.0,0.0
hcns_L4,f15bc3e422cf60b855b0295ebfbf47fc,L4,Hành chính nhân sự,Chuyên Viên Nhân Sự (Lương Từ 12 - 20 Triệu+ Thưởng) Tại Cầu Giấy Hà Nội,Hành chính nhân sự,E1,"{""E1"": 7}",7.0,7.0,7.0,7.0,True,True,2.0,2.0,5.0,4.0
hcns_L4,0de9a86a17339c2b2dd93beaa6beb399,L4,Hành chính nhân sự,"Chuyên Viên Hành Chính - Nhân Sự Tại Duy Tiên, Hà Nam ( Cũ ) - Thu Nhập Hấp Dẫn - Đi Làm Ngay",Hành chính nhân sự,E1,"{""E1"": 8}",8.0,7.75,8.0,7.6667,True,True,1.0,1.0,4.0,3.0
hcns_L4,beaf6ba8efb186e08b3f8fe314c3a6b7,L4,Hành chính nhân sự,Giám Đốc Nhân Sự (Quận 7),Hành chính nhân sự,E1,"{""E1"": 9}",7.0,7.25,7.0,7.3333,True,True,1.0,1.0,4.0,4.0
hcns_L4,9cf06aaf744851aaa3f6ba230908ed8a,L4,Hành chính nhân sự,Nhân Viên Hành Chính (Hỗ Trợ Nhân Sự & Vận Hành),Hành chính nhân sự,E3t,"{""E3t"": 10}",6.0,6.0,6.0,6.3333,True,True,2.0,1.0,4.0,2.0
hcns_L4b,3a1cb946e9e411285690e2b339f16812,L4b,Hành chính nhân sự,"Quản Lý Phòng Hành Chính Tổng Hợp (Lương Thoả Thuận Cao, Đãi Ngộ Tốt) - Làm Việc Tại Bà Rịa - Vũng Tàu (Cũ)",Hành chính nhân sự,E1|E2|E2t|E3t,"{""E1"": 1, ""E2"": 1, ""E2t"": 1, ""E3t"": 1}",6.0,6.25,5.0,6.0,True,True,3.0,3.0,3.0,3.0
hcns_L4b,786001bf891ae27f27458347c866147b,L4b,Hành chính nhân sự,Chuyên Viên C&B Và Hành Chính,Hành chính nhân sự,E1|E2|E3|E2t|E3t,"{""E1"": 7, ""E2"": 3, ""E3"": 1, ""E2t"": 10, ""E3t"": 9}",7.0,7.0,6.0,6.6667,True,True,2.0,2.0,4.0,1.0
hcns_L4b,4947c04e57c5f23bc02d633024589ab6,L4b,Hành chính nhân sự,Trưởng Phòng Hành Chính Nhân Sự,Hành chính nhân sự,E2|E3|E2t,"{""E2"": 2, ""E3"": 2, ""E2t"": 5}",8.0,7.75,8.0,7.6667,True,True,1.0,1.0,4.0,2.0
hcns_L4b,730a8607dce82e9c4877cd107cb6b17d,L4b,Hành chính nhân sự,Trưởng Phòng Hành Chính Tổng Vụ-Tiếng Trung,Hành chính nhân sự,E1|E2|E2t|E3t,"{""E1"": 2, ""E2"": 8, ""E2t"": 3, ""E3t"": 3}",6.0,5.75,6.0,5.3333,True,True,3.0,2.0,3.0,2.0
hcns_L4b,a150d85738fbdc3f02a5822e0d2f4f6e,L4b,Hành chính nhân sự,Nhân Viên Nhân Sự (Quản Lý Cán Bộ),Hành chính nhân sự,E2t|E3t,"{""E2t"": 2, ""E3t"": 2}",5.0,5.0,5.0,5.0,True,True,2.0,2.0,3.0,3.0
hcns_L4b,95cbf319869796a4d0aa08c6e13b9587,L4b,Hành chính nhân sự,Hành Chính Nhân Sự,Hành chính nhân sự,E2|E3|E3t,"{""E2"": 9, ""E3"": 3, ""E3t"": 7}",6.5,6.5,6.0,6.0,True,True,3.0,2.0,6.0,2.0
hcns_L4b,d1674eada10ed93f2a19b96526b480a4,L4b,Hành chính nhân sự,Trưởng Phòng Hành Chính Nhân Sự - Đi Làm Ngay Tại Hà Nội - Thu Nhập Từ 25 - 35 Triệu/Tháng. Nghỉ Thứ 7 & Chủ Nhật,Hành chính nhân sự,E1|E2t|E3t,"{""E1"": 3, ""E2t"": 6, ""E3t"": 5}",9.0,9.0,9.0,9.0,True,True,0.0,0.0,2.0,1.0
hcns_L4b,0b541953165c946460fb6e1203b4d84d,L4b,Hành chính nhân sự,Trưởng Phòng Nhân Sự - HR Manager (Ngành F&B),Hành chính nhân sự,E1|E2t|E3t,"{""E1"": 4, ""E2t"": 8, ""E3t"": 8}",8.0,7.75,8.0,7.6667,True,True,1.0,1.0,2.0,1.0
hcns_L4b,2d94d588b2b949008b375ed7a7ae60cd,L4b,Hành chính nhân sự,Nhân Viên Hành Chính Nhân Sự,Hành chính nhân sự,E2|E3,"{""E2"": 5, ""E3"": 4}",7.5,6.75,8.0,6.6667,True,True,4.0,4.0,3.0,3.0
hcns_L4b,64b1e71dea663d996c04cab49eb142c6,L4b,Hành chính nhân sự,Nhân Viên Nhân Sự Tổng Hợp,Hành chính nhân sự,E2t|E3t,"{""E2t"": 4, ""E3t"": 6}",6.5,6.5,6.0,6.0,True,True,3.0,2.0,6.0,1.0
hcns_L4b,68c6937a9784bdfed36d2973954de5a4,L4b,Hành chính nhân sự,HR & Administration Executive,Hành chính nhân sự,E3t,"{""E3t"": 4}",5.5,5.5,6.0,5.6667,True,True,1.0,1.0,4.0,3.0
hcns_L4b,e912f74eb63aee94277291ae31255438,L4b,Hành chính nhân sự,Nhân Viên Hành Chính Nhân Sự,Hành chính nhân sự,E2|E3|E2t,"{""E2"": 4, ""E3"": 8, ""E2t"": 9}",5.5,5.5,4.0,5.0,True,False,3.0,3.0,5.0,1.0
hcns_L4b,0107098cbf835e6d46c43133499ce9f0,L4b,Hành chính nhân sự,Trưởng Phòng Nhân Sự - Yêu Cầu Từ 5 Năm Kinh Nghiệm - Quận 2 Cũ,Hành chính nhân sự,E1|E3t,"{""E1"": 5, ""E3t"": 10}",8.5,8.5,8.0,8.3333,True,True,1.0,1.0,2.0,1.0
hcns_L4b,45eafbcae32c5b03b363c18a6207c797,L4b,Hành chính nhân sự,TTS Nhân Sự C&B Có Hỗ Trợ Lương,Hành chính nhân sự,E2|E3,"{""E2"": 6, ""E3"": 5}",5.0,4.75,3.0,4.0,True,False,5.0,5.0,5.0,2.0
hcns_L4b,598572f1c3160532df17a3e433ec8504,L4b,Hành chính nhân sự,Giám Đốc Nhân Sự,Hành chính nhân sự,E1|E3,"{""E1"": 6, ""E3"": 10}",9.0,8.75,9.0,8.6667,True,True,1.0,1.0,2.0,1.0
hcns_L4b,6fac573d96428d42ae0025ed2644c3ad,L4b,Hành chính nhân sự,Thực Tập Sinh Nhân Sự (HR Intern),Hành chính nhân sự,E3,"{""E3"": 6}",3.0,3.25,3.0,3.3333,False,False,3.0,3.0,8.0,2.0
hcns_L4b,2bba834f07b26b2684dfeb5471132128,L4b,Hành chính nhân sự,Chuyên Viên Chính Sách - Tiền Lương,Hành chính nhân sự,E2|E3,"{""E2"": 7, ""E3"": 9}",7.5,7.25,7.0,7.0,True,True,2.0,2.0,5.0,3.0
hcns_L4b,c425044d8aa66c21b7273192fe94aec4,L4b,Hành chính nhân sự,Head Of HR,Hành chính nhân sự,E3,"{""E3"": 7}",6.0,6.0,6.0,6.3333,True,True,2.0,1.0,1.0,1.0
hcns_L4b,ceef33355a399ac1553e73c712174b46,L4b,Hành chính nhân sự,Nhân Viên Hành Chính,Hành chính nhân sự,E2t,"{""E2t"": 7}",4.5,4.75,4.0,4.0,False,False,4.0,2.0,5.0,1.0
hcns_L4b,0de9a86a17339c2b2dd93beaa6beb399,L4b,Hành chính nhân sự,"Chuyên Viên Hành Chính - Nhân Sự Tại Duy Tiên, Hà Nam ( Cũ ) - Thu Nhập Hấp Dẫn - Đi Làm Ngay",Hành chính nhân sự,E1,"{""E1"": 8}",7.0,6.75,6.0,6.3333,True,True,3.0,3.0,5.0,2.0
hcns_L4b,cf25a8186ebec8c5eb5f2eda7c9dd7b2,L4b,Hành chính nhân sự,Nhân Viên Hành Chính Nhân Sự - Không Có Kinh Nghiệm Sẽ Được Đào Tạo - Đi Làm Ngay,Hành chính nhân sự,E1|E2,"{""E1"": 9, ""E2"": 10}",4.5,5.0,4.0,4.3333,False,False,3.0,1.0,5.0,2.0
hcns_L4b,beaf6ba8efb186e08b3f8fe314c3a6b7,L4b,Hành chính nhân sự,Giám Đốc Nhân Sự (Quận 7),Hành chính nhân sự,E1,"{""E1"": 10}",8.0,8.0,8.0,8.0,True,True,0.0,0.0,3.0,2.0
hcns_P,e64a793e79b507d7cfba0808d84d5117,P,Hành chính nhân sự,Warehouse Admin (Nhân Viên Hành Chính Kho),Hành chính nhân sự,E1|E2|E3|E2t|E3t,"{""E1"": 1, ""E2"": 1, ""E3"": 1, ""E2t"": 1, ""E3t"": 1}",6.0,6.25,6.0,6.0,True,True,1.0,0.0,5.0,2.0
hcns_P,332b842c0854222126666c568e291898,P,Hành chính nhân sự,Nhân Viên Kho Kinh Nghiệm 1 Năm Trở Lên,Lao động phổ thông,E2|E3,"{""E2"": 3, ""E3"": 2}",7.5,7.5,8.0,7.6667,True,True,3.0,3.0,1.0,0.0
hcns_P,3a1cb946e9e411285690e2b339f16812,P,Hành chính nhân sự,"Quản Lý Phòng Hành Chính Tổng Hợp (Lương Thoả Thuận Cao, Đãi Ngộ Tốt) - Làm Việc Tại Bà Rịa - Vũng Tàu (Cũ)",Hành chính nhân sự,E2|E2t,"{""E2"": 2, ""E2t"": 4}",3.5,3.25,4.0,3.3333,False,False,2.0,2.0,1.0,1.0
hcns_P,fadbf9fddd686b0aba832143a92a3355,P,Hành chính nhân sự,Nhân Viên Chăm Sóc Khách Hàng,Chăm sóc khách hàng,E1|E2|E3|E2t|E3t,"{""E1"": 2, ""E2"": 5, ""E3"": 6, ""E2t"": 2, ""E3t"": 2}",4.5,4.75,4.0,4.0,False,False,4.0,2.0,4.0,3.0
hcns_P,124f4256f0d6a862038089b366463a3e,P,Hành chính nhân sự,"Nhân Viên Chăm Sóc Khách Hàng Hỗ Trợ Dịch Vụ (Ca Đêm) / Customer Service - Tiếng Anh Tốt, Thu Nhập Hấp Dẫn",Chăm sóc khách hàng,E1|E2|E3|E2t|E3t,"{""E1"": 5, ""E2"": 10, ""E3"": 3, ""E2t"": 8, ""E3t"": 7}",4.0,4.0,3.0,3.3333,False,False,4.0,3.0,2.0,2.0
hcns_P,68c6937a9784bdfed36d2973954de5a4,P,Hành chính nhân sự,HR & Administration Executive,Hành chính nhân sự,E2|E2t,"{""E2"": 6, ""E2t"": 3}",4.0,3.75,4.0,3.6667,False,False,1.0,1.0,3.0,3.0
hcns_P,75d11738b9d995332ac711379c7da803,P,Hành chính nhân sự,IT System Administrator Leader,IT,E3|E3t,"{""E3"": 7, ""E3t"": 3}",1.5,1.5,2.0,1.6667,False,False,1.0,1.0,2.0,2.0
hcns_P,a9ff50156c5c68869371e1ede3adf900,P,Hành chính nhân sự,Chuyên Viên Vật Lý (Lương 30 Triệu ++),Giáo dục,E1|E2|E3|E2t|E3t,"{""E1"": 3, ""E2"": 7, ""E3"": 8, ""E2t"": 5, ""E3t"": 4}",1.5,2.0,2.0,2.3333,False,False,3.0,3.0,2.0,1.0
hcns_P,24b178eaa870fbe70d47b500e1c10b63,P,Hành chính nhân sự,Data & Reporting Deputy Manager,IT,E3,"{""E3"": 4}",1.5,1.5,2.0,1.6667,False,False,1.0,1.0,3.0,1.0
hcns_P,7222c009019dbf5438a77e38fdcb9770,P,Hành chính nhân sự,Nhân Viên Kinh Doanh/ Nhân Viên Tư Vấn Tuyển Sinh/ Tư Vấn Khóa Học IELTS (Không Yêu Cầu Kinh Nghiệm Giáo Dục) - Lương 12 - 25 Triệu/Tháng,Nhân viên kinh doanh,E1|E2|E3|E2t|E3t,"{""E1"": 4, ""E2"": 8, ""E3"": 10, ""E2t"": 6, ""E3t"": 6}",5.0,5.0,5.0,5.0,True,True,0.0,0.0,5.0,5.0
hcns_P,952659106832a799ee22ef45bd252b0f,P,Hành chính nhân sự,Nhân Viên Chăm Sóc Khách Hàng,Chăm sóc khách hàng,E2|E3,"{""E2"": 4, ""E3"": 5}",4.5,4.25,4.0,4.0,False,False,2.0,2.0,1.0,1.0
hcns_P,180cb3864dc2ecf680ead994c23e90ba,P,Hành chính nhân sự,Trưởng Phòng Vận Hành - Telesales (Lĩnh Vực Enabler/Logistic),Telesales,E3|E3t,"{""E3"": 9, ""E3t"": 5}",4.5,4.25,4.0,4.0,False,False,2.0,2.0,3.0,2.0
hcns_P,07e3efc642ab8e9d311ffb48920a762b,P,Hành chính nhân sự,"Senior Education Advisor / Consultant / Chuyên Viên Tư Vấn Tuyển Sinh (Bình Thạnh, Thủ Đức)",Telesales,E1|E2t|E3t,"{""E1"": 6, ""E2t"": 10, ""E3t"": 10}",4.0,3.75,3.0,3.3333,False,False,3.0,3.0,2.0,2.0
hcns_P,ceef33355a399ac1553e73c712174b46,P,Hành chính nhân sự,Nhân Viên Hành Chính,Hành chính nhân sự,E2|E2t,"{""E2"": 9, ""E2t"": 7}",6.0,5.75,6.0,5.3333,True,True,3.0,2.0,6.0,5.0
hcns_P,e2a95ee4eb1f005599ac4cbb23651694,P,Hành chính nhân sự,Nhân Viên Chăm Sóc Khách Hàng Kiêm Lễ Tân,Chăm sóc khách hàng,E1,"{""E1"": 7}",4.5,4.5,3.0,4.0,False,False,3.0,3.0,3.0,1.0
hcns_P,614717cbba504ca6867ce5002a80fe08,P,Hành chính nhân sự,IT Solution Sales (Senior),Nhân viên kinh doanh,E3t,"{""E3t"": 8}",2.0,2.25,2.0,2.3333,False,False,1.0,1.0,3.0,1.0
hcns_P,8b27be10dea4466816da730f7583cee1,P,Hành chính nhân sự,Nhân Viên Chăm Sóc Khách Hàng - Thu Nhập Hấp Dẫn,Chăm sóc khách hàng,E1,"{""E1"": 8}",5.0,5.25,4.0,5.0,True,False,3.0,3.0,2.0,1.0
hcns_P,6572f5aed5d6331a76898e2c9341a476,P,Hành chính nhân sự,Thực Tập Sinh Vận Hành Robot Và Kiểm Soát Chất Lượng Data,IT,E3t,"{""E3t"": 9}",4.0,4.25,4.0,4.3333,False,False,1.0,1.0,1.0,1.0
hcns_P,720794ec272ac8e46040a471a59a7ec2,P,Hành chính nhân sự,Nhân Viên Lễ Tân (Giao Tiếp Tiếng Anh) - Thu Nhập Hấp Dẫn - Làm Việc Tại Phường Bình Chiểu Hồ Chí Minh,Hành chính nhân sự,E1,"{""E1"": 9}",4.0,4.0,4.0,4.0,False,False,2.0,2.0,2.0,2.0
hcns_P,a150d85738fbdc3f02a5822e0d2f4f6e,P,Hành chính nhân sự,Nhân Viên Nhân Sự (Quản Lý Cán Bộ),Hành chính nhân sự,E2t,"{""E2t"": 9}",4.0,4.25,4.0,4.3333,False,False,1.0,1.0,2.0,1.0
hcns_P,eadb10f792afb06bf250cdce60363583,P,Hành chính nhân sự,"Giám Sát Tuyển Sinh - Quản Lý Lớp Học - Sales Supervisor (Quảng Ngãi, Đà Nẵng, Long An) - Có Kinh Nghiệm Quản Lý Đội Nhóm",Telesales,E1,"{""E1"": 10}",4.5,4.25,4.0,4.0,False,False,2.0,2.0,3.0,2.0
hcns_P2,e64a793e79b507d7cfba0808d84d5117,P2,Hành chính nhân sự,Warehouse Admin (Nhân Viên Hành Chính Kho),Hành chính nhân sự,E1|E2|E3|E2t|E3t,"{""E1"": 1, ""E2"": 1, ""E3"": 1, ""E2t"": 1, ""E3t"": 1}",6.0,5.75,6.0,5.6667,True,True,1.0,1.0,4.0,4.0
hcns_P2,332b842c0854222126666c568e291898,P2,Hành chính nhân sự,Nhân Viên Kho Kinh Nghiệm 1 Năm Trở Lên,Lao động phổ thông,E2|E3,"{""E2"": 3, ""E3"": 2}",8.0,7.75,8.0,7.6667,True,True,1.0,1.0,1.0,0.0
hcns_P2,3a1cb946e9e411285690e2b339f16812,P2,Hành chính nhân sự,"Quản Lý Phòng Hành Chính Tổng Hợp (Lương Thoả Thuận Cao, Đãi Ngộ Tốt) - Làm Việc Tại Bà Rịa - Vũng Tàu (Cũ)",Hành chính nhân sự,E2,"{""E2"": 2}",2.0,2.25,2.0,2.0,False,False,1.0,0.0,1.0,1.0
hcns_P2,fadbf9fddd686b0aba832143a92a3355,P2,Hành chính nhân sự,Nhân Viên Chăm Sóc Khách Hàng,Chăm sóc khách hàng,E1|E2|E3|E2t|E3t,"{""E1"": 2, ""E2"": 7, ""E3"": 6, ""E2t"": 2, ""E3t"": 2}",4.0,4.25,3.0,4.0,False,False,3.0,3.0,3.0,3.0
hcns_P2,124f4256f0d6a862038089b366463a3e,P2,Hành chính nhân sự,"Nhân Viên Chăm Sóc Khách Hàng Hỗ Trợ Dịch Vụ (Ca Đêm) / Customer Service - Tiếng Anh Tốt, Thu Nhập Hấp Dẫn",Chăm sóc khách hàng,E1|E2|E3|E2t|E3t,"{""E1"": 5, ""E2"": 4, ""E3"": 3, ""E2t"": 7, ""E3t"": 7}",4.0,3.75,3.0,3.3333,False,False,3.0,3.0,2.0,2.0
hcns_P2,180cb3864dc2ecf680ead994c23e90ba,P2,Hành chính nhân sự,Trưởng Phòng Vận Hành - Telesales (Lĩnh Vực Enabler/Logistic),Telesales,E2|E3|E2t|E3t,"{""E2"": 10, ""E3"": 7, ""E2t"": 5, ""E3t"": 3}",4.5,4.25,4.0,4.0,False,False,2.0,2.0,4.0,1.0
hcns_P2,68c6937a9784bdfed36d2973954de5a4,P2,Hành chính nhân sự,HR & Administration Executive,Hành chính nhân sự,E2|E2t,"{""E2"": 8, ""E2t"": 3}",3.0,3.0,3.0,3.0,False,False,2.0,2.0,2.0,2.0
hcns_P2,a9ff50156c5c68869371e1ede3adf900,P2,Hành chính nhân sự,Chuyên Viên Vật Lý (Lương 30 Triệu ++),Giáo dục,E1|E2|E3|E2t|E3t,"{""E1"": 3, ""E2"": 9, ""E3"": 8, ""E2t"": 4, ""E3t"": 4}",1.5,1.75,2.0,2.0,False,False,2.0,2.0,2.0,1.0
hcns_P2,7222c009019dbf5438a77e38fdcb9770,P2,Hành chính nhân sự,Nhân Viên Kinh Doanh/ Nhân Viên Tư Vấn Tuyển Sinh/ Tư Vấn Khóa Học IELTS (Không Yêu Cầu Kinh Nghiệm Giáo Dục) - Lương 12 - 25 Triệu/Tháng,Nhân viên kinh doanh,E1|E3|E2t|E3t,"{""E1"": 4, ""E3"": 10, ""E2t"": 6, ""E3t"": 6}",3.5,3.75,4.0,4.0,False,False,2.0,2.0,5.0,5.0
hcns_P2,952659106832a799ee22ef45bd252b0f,P2,Hành chính nhân sự,Nhân Viên Chăm Sóc Khách Hàng,Chăm sóc khách hàng,E2|E3,"{""E2"": 5, ""E3"": 4}",4.0,3.75,3.0,3.3333,False,False,3.0,3.0,1.0,1.0
hcns_P2,24b178eaa870fbe70d47b500e1c10b63,P2,Hành chính nhân sự,Data & Reporting Deputy Manager,IT,E3,"{""E3"": 5}",1.0,1.25,1.0,1.3333,False,False,1.0,1.0,2.0,2.0
hcns_P2,75d11738b9d995332ac711379c7da803,P2,Hành chính nhân sự,IT System Administrator Leader,IT,E3|E3t,"{""E3"": 9, ""E3t"": 5}",1.0,1.25,1.0,1.3333,False,False,1.0,1.0,3.0,2.0
hcns_P2,07e3efc642ab8e9d311ffb48920a762b,P2,Hành chính nhân sự,"Senior Education Advisor / Consultant / Chuyên Viên Tư Vấn Tuyển Sinh (Bình Thạnh, Thủ Đức)",Telesales,E1|E2t|E3t,"{""E1"": 6, ""E2t"": 10, ""E3t"": 10}",3.0,3.25,2.0,2.6667,False,False,3.0,2.0,1.0,1.0
hcns_P2,591088f37f2ec398caf4ab2d8c94c03f,P2,Hành chính nhân sự,Nhân Viên Chăm Sóc Khách Hàng,Chăm sóc khách hàng,E2,"{""E2"": 6}",4.5,4.0,4.0,3.6667,False,False,3.0,3.0,4.0,2.0
hcns_P2,e2a95ee4eb1f005599ac4cbb23651694,P2,Hành chính nhân sự,Nhân Viên Chăm Sóc Khách Hàng Kiêm Lễ Tân,Chăm sóc khách hàng,E1,"{""E1"": 7}",4.0,3.75,3.0,3.3333,False,False,3.0,3.0,1.0,1.0
hcns_P2,6572f5aed5d6331a76898e2c9341a476,P2,Hành chính nhân sự,Thực Tập Sinh Vận Hành Robot Và Kiểm Soát Chất Lượng Data,IT,E3t,"{""E3t"": 8}",4.5,4.75,4.0,4.6667,False,False,2.0,2.0,1.0,1.0
hcns_P2,8b27be10dea4466816da730f7583cee1,P2,Hành chính nhân sự,Nhân Viên Chăm Sóc Khách Hàng - Thu Nhập Hấp Dẫn,Chăm sóc khách hàng,E1,"{""E1"": 8}",4.5,4.5,3.0,4.0,False,False,3.0,3.0,2.0,1.0
hcns_P2,b177e6ea995d45835a248c54124fa95b,P2,Hành chính nhân sự,Trợ Lý Kinh Doanh (Thành Thạo Tiếng Trung),Hành chính nhân sự,E2t,"{""E2t"": 8}",5.0,4.75,4.0,4.0,True,False,5.0,4.0,3.0,3.0
hcns_P2,614717cbba504ca6867ce5002a80fe08,P2,Hành chính nhân sự,IT Solution Sales (Senior),Nhân viên kinh doanh,E3t,"{""E3t"": 9}",2.0,2.0,2.0,2.0,False,False,0.0,0.0,2.0,2.0
hcns_P2,720794ec272ac8e46040a471a59a7ec2,P2,Hành chính nhân sự,Nhân Viên Lễ Tân (Giao Tiếp Tiếng Anh) - Thu Nhập Hấp Dẫn - Làm Việc Tại Phường Bình Chiểu Hồ Chí Minh,Hành chính nhân sự,E1,"{""E1"": 9}",3.0,3.0,3.0,3.0,False,False,2.0,2.0,2.0,2.0
hcns_P2,ceef33355a399ac1553e73c712174b46,P2,Hành chính nhân sự,Nhân Viên Hành Chính,Hành chính nhân sự,E2t,"{""E2t"": 9}",4.5,4.75,4.0,4.0,False,False,4.0,2.0,6.0,5.0
hcns_P2,eadb10f792afb06bf250cdce60363583,P2,Hành chính nhân sự,"Giám Sát Tuyển Sinh - Quản Lý Lớp Học - Sales Supervisor (Quảng Ngãi, Đà Nẵng, Long An) - Có Kinh Nghiệm Quản Lý Đội Nhóm",Telesales,E1,"{""E1"": 10}",4.0,3.75,4.0,3.3333,False,False,3.0,2.0,3.0,2.0
it_L1,958a026db76bf0354eb9932511b55dde,L1,IT,Software Testing Internship (Hanoi),IT,E1|E2|E3|E2t|E3t,"{""E1"": 1, ""E2"": 1, ""E3"": 1, ""E2t"": 1, ""E3t"": 1}",6.0,5.75,5.0,5.3333,True,True,3.0,3.0,2.0,2.0
it_L1,4e3a89f12416500f1cda3d79e927d88c,L1,IT,Graphic Designer,IT,E3t,"{""E3t"": 2}",2.5,2.75,2.0,2.6667,False,False,2.0,2.0,7.0,7.0
it_L1,604f716a84d4006052f34f744b31c999,L1,IT,Backend Developer (C# .Net),IT,E1|E2|E3|E2t|E3t,"{""E1"": 8, ""E2"": 2, ""E3"": 2, ""E2t"": 3, ""E3t"": 4}",2.0,2.5,2.0,2.0,False,False,2.0,0.0,2.0,1.0
it_L1,f5eee5193d6a6c743f1c23eefdca1c71,L1,IT,Embedded Linux Middleware Engineer,IT,E1|E2|E3|E2t|E3t,"{""E1"": 2, ""E2"": 8, ""E3"": 5, ""E2t"": 2, ""E3t"": 3}",5.0,5.0,5.0,5.0,True,True,2.0,2.0,3.0,3.0
it_L1,56c7f77280fca63fab7e88b3e689d0ae,L1,IT,Internship Engineer (Mechanical / Hardware / Software) / Thực Tập Sinh Kỹ Sư (Cơ Khí / Phần Cứng / Phần Mềm),IT,E1|E2|E3|E2t|E3t,"{""E1"": 3, ""E2"": 7, ""E3"": 7, ""E2t"": 5, ""E3t"": 5}",4.5,4.5,4.0,4.3333,False,False,1.0,1.0,0.0,0.0
it_L1,84a61818bc599b15094c14d013d504f8,L1,IT,[F14] Fresher Unity Developer (15 - 25M Net; Thu Nhập 14 Tháng Lương/Năm),IT,E1|E2|E3|E2t|E3t,"{""E1"": 4, ""E2"": 5, ""E3"": 3, ""E2t"": 6, ""E3t"": 6}",6.0,5.75,5.0,5.3333,True,True,3.0,3.0,2.0,2.0
it_L1,f16690d387dede7dad20743492e4eccf,L1,IT,Developer,IT,E1|E2|E3|E2t|E3t,"{""E1"": 6, ""E2"": 3, ""E3"": 4, ""E2t"": 7, ""E3t"": 8}",3.5,3.25,3.0,3.0,False,False,2.0,2.0,8.0,5.0
it_L1,42227edcf479559821430d0811783dc2,L1,IT,Lập Trình Unity Game 2D/3D (All Level) - Thu Nhập Upto 50M/Tháng (1 Năm Kinh Nghiệm),IT,E1|E2|E3|E2t,"{""E1"": 9, ""E2"": 4, ""E3"": 8, ""E2t"": 8}",4.0,4.0,2.0,3.3333,False,False,4.0,4.0,7.0,3.0
it_L1,ae09533fcf6f4825a0280cd373b9c5a8,L1,IT,IOS Developer,IT,E2t,"{""E2t"": 4}",2.0,2.25,2.0,1.6667,False,False,3.0,1.0,3.0,3.0
it_L1,570e5488efdf34f3acdb39b05f192ca1,L1,IT,Business Analyst (BA),IT,E1|E2t|E3t,"{""E1"": 5, ""E2t"": 10, ""E3t"": 10}",5.5,5.25,5.0,5.0,True,True,2.0,2.0,2.0,2.0
it_L1,91ff03c6506f69d4d824039f1d1c2e9f,L1,IT,Web Frontend Team Leader,IT,E2|E3|E2t|E3t,"{""E2"": 9, ""E3"": 6, ""E2t"": 9, ""E3t"": 7}",2.0,2.0,2.0,1.6667,False,False,2.0,1.0,1.0,1.0
it_L1,e0bb341c71d626139c3bd447a4321e10,L1,IT,Kỹ Sư AI Thị Giác Máy Tính - Có Xe Đưa Đón,IT,E2,"{""E2"": 6}",2.0,2.25,2.0,2.0,False,False,1.0,0.0,1.0,1.0
it_L1,f3c96fc0a3bb10e40c64d3b7fafc708a,L1,IT,"Backend/Frontend Developer (ASP.Net Core,ReactJS)",IT,E1,"{""E1"": 7}",2.5,2.75,2.0,2.3333,False,False,2.0,1.0,3.0,3.0
it_L1,b838f240ce7695573dbee4b4a0f6d2b2,L1,IT,Java Developer (Senior) - Phần Mềm,IT,E3|E3t,"{""E3"": 9, ""E3t"": 9}",2.0,2.0,2.0,1.6667,False,False,2.0,1.0,2.0,1.0
it_L1,0385f89167fb86bd6662a91e0afb4c82,L1,IT,Thực Tập Sinh Công Nghệ Thông Tin Đào Tạo Có Lương,IT,E3,"{""E3"": 10}",6.5,6.0,6.0,5.6667,True,True,3.0,3.0,0.0,0.0
it_L1,88b0adcb07a7e766f48a5ccc775ee3fe,L1,IT,"Lập Trình Viên AI - AI Engineer Kinh Nghiệm Từ 2 Năm, Thu Nhập Hấp Dẫn Từ 16 - 25 Triệu, Hà Nội, Đi Làm Nga",IT,E1|E2,"{""E1"": 10, ""E2"": 10}",3.0,3.0,2.0,2.6667,False,False,2.0,2.0,4.0,4.0
it_L1b,570e5488efdf34f3acdb39b05f192ca1,L1b,IT,Business Analyst (BA),IT,E1|E2|E3|E2t|E3t,"{""E1"": 1, ""E2"": 1, ""E3"": 1, ""E2t"": 1, ""E3t"": 1}",6.0,6.0,6.0,6.3333,True,True,2.0,1.0,0.0,0.0
it_L1b,45af55fdd85b31d6a69936d9dde32b4a,L1b,IT,Tester (5 Năm Kinh Nghiệm),IT,E2|E3|E2t|E3t,"{""E2"": 2, ""E3"": 3, ""E2t"": 4, ""E3t"": 7}",2.5,3.0,2.0,2.3333,False,False,3.0,1.0,3.0,2.0
it_L1b,958a026db76bf0354eb9932511b55dde,L1b,IT,Software Testing Internship (Hanoi),IT,E1|E3|E2t|E3t,"{""E1"": 3, ""E3"": 2, ""E2t"": 5, ""E3t"": 3}",4.5,4.25,4.0,3.6667,False,False,4.0,3.0,3.0,1.0
it_L1b,a7ecf8ebd26e1a98be1146cf6b9a8b57,L1b,IT,Senior Front-End Engineer (ReactJS/ Angular),IT,E1|E3|E2t|E3t,"{""E1"": 2, ""E3"": 7, ""E2t"": 2, ""E3t"": 2}",2.0,2.0,2.0,1.6667,False,False,2.0,1.0,1.0,1.0
it_L1b,b838f240ce7695573dbee4b4a0f6d2b2,L1b,IT,Java Developer (Senior) - Phần Mềm,IT,E2|E3|E2t|E3t,"{""E2"": 3, ""E3"": 6, ""E2t"": 3, ""E3t"": 4}",2.0,2.0,2.0,1.6667,False,False,2.0,1.0,1.0,1.0
it_L1b,ca3a541a99d4fc02255384b828556edb,L1b,IT,Nhân Viên Tư Vấn/Kinh Doanh Ngành Game Chỉ Làm Việc Tại Văn Phòng Không Yêu Cầu Kinh Nghiệm,IT,E1|E2|E3,"{""E1"": 9, ""E2"": 4, ""E3"": 8}",5.0,5.0,4.0,4.3333,True,False,4.0,3.0,1.0,1.0
it_L1b,f27518e3d4e50d56e63fe5b989f7d896,L1b,IT,Chuyên Viên Kinh Doanh Dự Án CNTT,IT,E1|E2t|E3t,"{""E1"": 4, ""E2t"": 6, ""E3t"": 6}",4.5,4.75,4.0,4.0,False,False,4.0,2.0,4.0,3.0
it_L1b,f3c96fc0a3bb10e40c64d3b7fafc708a,L1b,IT,"Backend/Frontend Developer (ASP.Net Core,ReactJS)",IT,E1|E2|E3|E2t|E3t,"{""E1"": 6, ""E2"": 5, ""E3"": 4, ""E2t"": 9, ""E3t"": 8}",3.5,3.25,3.0,3.0,False,False,2.0,2.0,2.0,1.0
it_L1b,42063c931aac35fa32619c01c1153401,L1b,IT,Technical Development Manager (TDM) | Quản Lý Phát Triển Kỹ Thuật (TDM) - Có Xe Đưa Đón Từ Hà Nội Đến Phủ Lý,IT,E1|E2t|E3t,"{""E1"": 5, ""E2t"": 10, ""E3t"": 10}",2.0,2.25,2.0,1.6667,False,False,3.0,1.0,1.0,1.0
it_L1b,56c7f77280fca63fab7e88b3e689d0ae,L1b,IT,Internship Engineer (Mechanical / Hardware / Software) / Thực Tập Sinh Kỹ Sư (Cơ Khí / Phần Cứng / Phần Mềm),IT,E3t,"{""E3t"": 5}",4.0,3.75,4.0,3.3333,False,False,3.0,2.0,1.0,1.0
it_L1b,8d1ae64f0552d07aefd9063027272fff,L1b,IT,Nhân Viên IT/Network,IT,E3,"{""E3"": 5}",6.0,6.0,5.0,5.6667,True,True,2.0,2.0,5.0,3.0
it_L1b,f8240c2e0ab4bc8bce1f4a52726d945c,L1b,IT,Thực Tập Sinh IT (Java/Nodejs),IT,E2,"{""E2"": 6}",5.0,5.0,4.0,4.3333,True,False,4.0,3.0,2.0,2.0
it_L1b,26afafd7fc47e96b8cf47c4b8a24037f,L1b,IT,CAD/CAM Engineer / Kỹ Sư Lập Trình - Làm Việc Tại VSIP 1,IT,E1,"{""E1"": 7}",3.0,2.75,2.0,2.3333,False,False,3.0,3.0,1.0,1.0
it_L1b,394fead827e7cabb9a2d16c480855b35,L1b,IT,Leader Graphic Designer,IT,E2|E2t,"{""E2"": 7, ""E2t"": 8}",2.0,2.0,2.0,1.6667,False,False,2.0,1.0,3.0,3.0
it_L1b,739c34d587339e224afafb8b4e3497f4,L1b,IT,Leader Graphic Design (Thiết Kế Đồ Họa) - Lương Từ 20-30 Triệu,IT,E2t,"{""E2t"": 7}",2.0,2.25,2.0,2.3333,False,False,3.0,3.0,2.0,2.0
it_L1b,600234aec3e0445a055e3e5fc05e93b6,L1b,IT,Business Analyst,IT,E2|E3,"{""E2"": 8, ""E3"": 10}",3.5,3.75,3.0,3.3333,False,False,2.0,1.0,1.0,1.0
it_L1b,d373b2d7b8e4767ca79699711cf62947,L1b,IT,"Nhân Viên Kinh Doanh Phần Mềm | Nghỉ T7-CN (Làm Việc Tại Hà Đông, Hà Nội)",IT,E1,"{""E1"": 8}",5.5,5.5,5.0,5.0,True,True,3.0,2.0,0.0,0.0
it_L1b,473f3b6edf74ab22f0241fab43012f38,L1b,IT,Data Business Analyst (Credit Rating) - Upto 2000 USD,IT,E2,"{""E2"": 9}",3.0,3.25,2.0,2.6667,False,False,3.0,2.0,1.0,1.0
it_L1b,4e3a89f12416500f1cda3d79e927d88c,L1b,IT,Graphic Designer,IT,E3t,"{""E3t"": 9}",3.0,3.0,2.0,2.6667,False,False,4.0,4.0,5.0,2.0
it_L1b,91ff03c6506f69d4d824039f1d1c2e9f,L1b,IT,Web Frontend Team Leader,IT,E3,"{""E3"": 9}",2.0,2.5,2.0,2.0,False,False,2.0,0.0,1.0,1.0
it_L1b,29ea979e08eba42a04758af166647517,L1b,IT,"Nhân Viên Kinh Doanh - Web/App - Lương Cứng Không Phụ Thuộc Doanh Số - Làm Việc Tại Quận Tân Bình, Hồ Chí Minh",IT,E1|E2,"{""E1"": 10, ""E2"": 10}",4.5,5.0,4.0,4.3333,False,False,3.0,1.0,2.0,1.0
it_L2,56c7f77280fca63fab7e88b3e689d0ae,L2,IT,Internship Engineer (Mechanical / Hardware / Software) / Thực Tập Sinh Kỹ Sư (Cơ Khí / Phần Cứng / Phần Mềm),IT,E1|E2|E3|E2t|E3t,"{""E1"": 3, ""E2"": 1, ""E3"": 1, ""E2t"": 1, ""E3t"": 3}",4.5,4.5,4.0,4.3333,False,False,1.0,1.0,2.0,2.0
it_L2,acc72608a2765fac252968fb0c98db18,L2,IT,Project Manager,IT,E1|E2|E3|E2t|E3t,"{""E1"": 1, ""E2"": 6, ""E3"": 3, ""E2t"": 2, ""E3t"": 1}",4.0,3.75,4.0,3.6667,False,False,1.0,1.0,1.0,1.0
it_L2,1da021f7767c6e76ccef47c9ab17a726,L2,IT,Senior QA Engineer,IT,E2t|E3t,"{""E2t"": 3, ""E3t"": 2}",4.5,5.0,4.0,4.3333,False,False,3.0,1.0,4.0,2.0
it_L2,570e5488efdf34f3acdb39b05f192ca1,L2,IT,Business Analyst (BA),IT,E1|E2|E3|E2t|E3t,"{""E1"": 2, ""E2"": 4, ""E3"": 8, ""E2t"": 4, ""E3t"": 5}",5.0,5.25,5.0,4.6667,True,True,3.0,1.0,1.0,0.0
it_L2,62c7a4b86a029add2ce9cace92e5a43b,L2,IT,Software Tester,IT,E1|E2|E3|E2t|E3t,"{""E1"": 4, ""E2"": 5, ""E3"": 2, ""E2t"": 7, ""E3t"": 4}",5.5,5.75,5.0,5.3333,True,True,2.0,1.0,4.0,4.0
it_L2,b838f240ce7695573dbee4b4a0f6d2b2,L2,IT,Java Developer (Senior) - Phần Mềm,IT,E1|E2|E3|E2t|E3t,"{""E1"": 10, ""E2"": 2, ""E3"": 4, ""E2t"": 5, ""E3t"": 9}",3.0,3.25,2.0,2.6667,False,False,3.0,2.0,1.0,0.0
it_L2,45af55fdd85b31d6a69936d9dde32b4a,L2,IT,Tester (5 Năm Kinh Nghiệm),IT,E2|E3|E2t,"{""E2"": 3, ""E3"": 9, ""E2t"": 6}",2.5,3.25,2.0,2.3333,False,False,4.0,1.0,4.0,1.0
it_L2,8d1ae64f0552d07aefd9063027272fff,L2,IT,Nhân Viên IT/Network,IT,E1|E2|E3|E2t|E3t,"{""E1"": 5, ""E2"": 10, ""E3"": 5, ""E2t"": 8, ""E3t"": 8}",5.5,5.75,4.0,5.3333,True,False,4.0,4.0,5.0,4.0
it_L2,600234aec3e0445a055e3e5fc05e93b6,L2,IT,Business Analyst,IT,E1|E2t,"{""E1"": 6, ""E2t"": 10}",3.5,3.5,3.0,3.0,False,False,3.0,2.0,1.0,1.0
it_L2,cdd6ca8ed935ae60306c8e1b9e80c96f,L2,IT,Data Engineer,IT,E2|E3|E3t,"{""E2"": 7, ""E3"": 6, ""E3t"": 10}",2.0,2.5,2.0,2.0,False,False,2.0,0.0,0.0,0.0
it_L2,f5eee5193d6a6c743f1c23eefdca1c71,L2,IT,Embedded Linux Middleware Engineer,IT,E2t|E3t,"{""E2t"": 9, ""E3t"": 6}",7.0,6.75,6.0,6.3333,True,True,3.0,3.0,2.0,1.0
it_L2,0385f89167fb86bd6662a91e0afb4c82,L2,IT,Thực Tập Sinh Công Nghệ Thông Tin Đào Tạo Có Lương,IT,E1,"{""E1"": 7}",6.0,6.25,5.0,5.6667,True,True,3.0,2.0,5.0,5.0
it_L2,6572f5aed5d6331a76898e2c9341a476,L2,IT,Thực Tập Sinh Vận Hành Robot Và Kiểm Soát Chất Lượng Data,IT,E3,"{""E3"": 7}",5.5,5.5,5.0,5.0,True,True,3.0,2.0,5.0,5.0
it_L2,958a026db76bf0354eb9932511b55dde,L2,IT,Software Testing Internship (Hanoi),IT,E3t,"{""E3t"": 7}",6.0,6.0,6.0,5.6667,True,True,2.0,1.0,2.0,0.0
it_L2,f490a8c8e59387660c6c465bb32614f3,L2,IT,Solution Consultant (CRM & Marketing),IT,E1|E2|E3,"{""E1"": 8, ""E2"": 8, ""E3"": 10}",5.0,5.25,5.0,4.6667,True,True,3.0,1.0,1.0,0.0
it_L2,a9c5fbea646d04b1844c61e74ae5bed0,L2,IT,Phân Tích Nghiệp Vụ CNTT/ Business Analyst (BA),IT,E1,"{""E1"": 9}",5.0,5.0,5.0,5.0,True,True,2.0,2.0,1.0,1.0
it_L2,e4f6bc5b7fa7c10b09ec21f6b516c68b,L2,IT,Project Manager (GOV),IT,E2,"{""E2"": 9}",4.0,3.75,4.0,3.3333,False,False,3.0,2.0,1.0,1.0
it_L2b,958a026db76bf0354eb9932511b55dde,L2b,IT,Software Testing Internship (Hanoi),IT,E1|E2|E3|E2t|E3t,"{""E1"": 1, ""E2"": 1, ""E3"": 1, ""E2t"": 1, ""E3t"": 1}",7.0,7.25,7.0,7.0,True,True,1.0,0.0,4.0,2.0
it_L2b,56c7f77280fca63fab7e88b3e689d0ae,L2b,IT,Internship Engineer (Mechanical / Hardware / Software) / Thực Tập Sinh Kỹ Sư (Cơ Khí / Phần Cứng / Phần Mềm),IT,E1|E2|E3|E2t|E3t,"{""E1"": 3, ""E2"": 2, ""E3"": 2, ""E2t"": 4, ""E3t"": 2}",4.5,4.25,4.0,4.0,False,False,2.0,2.0,5.0,5.0
it_L2b,f5eee5193d6a6c743f1c23eefdca1c71,L2b,IT,Embedded Linux Middleware Engineer,IT,E1|E2|E3|E2t|E3t,"{""E1"": 2, ""E2"": 3, ""E3"": 9, ""E2t"": 2, ""E3t"": 3}",6.0,5.75,6.0,5.3333,True,True,3.0,2.0,5.0,4.0
it_L2b,0385f89167fb86bd6662a91e0afb4c82,L2b,IT,Thực Tập Sinh Công Nghệ Thông Tin Đào Tạo Có Lương,IT,E2|E3|E2t|E3t,"{""E2"": 4, ""E3"": 6, ""E2t"": 3, ""E3t"": 5}",5.5,5.75,4.0,5.0,True,False,4.0,3.0,4.0,4.0
it_L2b,45af55fdd85b31d6a69936d9dde32b4a,L2b,IT,Tester (5 Năm Kinh Nghiệm),IT,E3|E3t,"{""E3"": 3, ""E3t"": 10}",2.5,3.0,2.0,2.3333,False,False,3.0,1.0,1.0,1.0
it_L2b,1557cc30d285b98cf86c44bdcfde472d,L2b,IT,Trưởng Phòng IT Senior Backend - Đi Làm Ngay - Thu Nhập Từ 30 - 60 Triệu / Tháng,IT,E1|E2t|E3t,"{""E1"": 4, ""E2t"": 6, ""E3t"": 8}",3.0,3.25,2.0,2.6667,False,False,3.0,2.0,1.0,0.0
it_L2b,62c7a4b86a029add2ce9cace92e5a43b,L2b,IT,Software Tester,IT,E2|E3|E3t,"{""E2"": 10, ""E3"": 4, ""E3t"": 7}",6.5,6.25,6.0,6.0,True,True,2.0,2.0,3.0,3.0
it_L2b,6572f5aed5d6331a76898e2c9341a476,L2b,IT,Thực Tập Sinh Vận Hành Robot Và Kiểm Soát Chất Lượng Data,IT,E2|E3|E2t|E3t,"{""E2"": 7, ""E3"": 7, ""E2t"": 9, ""E3t"": 4}",4.5,4.75,4.0,4.0,False,False,4.0,2.0,4.0,4.0
it_L2b,84a61818bc599b15094c14d013d504f8,L2b,IT,[F14] Fresher Unity Developer (15 - 25M Net; Thu Nhập 14 Tháng Lương/Năm),IT,E1|E2|E2t,"{""E1"": 5, ""E2"": 8, ""E2t"": 8}",5.0,5.0,4.0,4.3333,True,False,4.0,3.0,4.0,4.0
it_L2b,b4619c4007245dd366832fb28c309235,L2b,IT,IT Helpdesk / Support – English Speaking [HN/HCM],IT,E2t|E3t,"{""E2t"": 5, ""E3t"": 6}",5.0,5.25,4.0,4.6667,True,False,3.0,2.0,2.0,2.0
it_L2b,f3c96fc0a3bb10e40c64d3b7fafc708a,L2b,IT,"Backend/Frontend Developer (ASP.Net Core,ReactJS)",IT,E1|E2|E3|E2t|E3t,"{""E1"": 6, ""E2"": 5, ""E3"": 5, ""E2t"": 7, ""E3t"": 9}",5.0,5.0,4.0,4.3333,True,False,4.0,3.0,3.0,1.0
it_L2b,f16690d387dede7dad20743492e4eccf,L2b,IT,Developer,IT,E1|E2|E3|E2t,"{""E1"": 7, ""E2"": 6, ""E3"": 8, ""E2t"": 10}",5.0,4.75,4.0,4.3333,True,False,3.0,3.0,1.0,1.0
it_L2b,88b0adcb07a7e766f48a5ccc775ee3fe,L2b,IT,"Lập Trình Viên AI - AI Engineer Kinh Nghiệm Từ 2 Năm, Thu Nhập Hấp Dẫn Từ 16 - 25 Triệu, Hà Nội, Đi Làm Nga",IT,E1,"{""E1"": 8}",5.0,5.25,4.0,4.6667,True,False,3.0,2.0,5.0,3.0
it_L2b,42227edcf479559821430d0811783dc2,L2b,IT,Lập Trình Unity Game 2D/3D (All Level) - Thu Nhập Upto 50M/Tháng (1 Năm Kinh Nghiệm),IT,E1|E2,"{""E1"": 10, ""E2"": 9}",5.0,5.0,4.0,4.3333,True,False,4.0,3.0,5.0,3.0
it_L2b,604f716a84d4006052f34f744b31c999,L2b,IT,Backend Developer (C# .Net),IT,E1,"{""E1"": 9}",4.5,4.75,4.0,4.0,False,False,4.0,2.0,2.0,0.0
it_L2b,acc72608a2765fac252968fb0c98db18,L2b,IT,Project Manager,IT,E3,"{""E3"": 10}",4.5,4.75,4.0,4.3333,False,False,2.0,1.0,2.0,2.0
it_L3,958a026db76bf0354eb9932511b55dde,L3,IT,Software Testing Internship (Hanoi),IT,E1|E2|E3|E2t|E3t,"{""E1"": 1, ""E2"": 6, ""E3"": 4, ""E2t"": 2, ""E3t"": 2}",3.5,4.25,3.0,3.3333,False,False,4.0,1.0,9.0,4.0
it_L3,acc72608a2765fac252968fb0c98db18,L3,IT,Project Manager,IT,E1|E2|E3|E2t|E3t,"{""E1"": 2, ""E2"": 1, ""E3"": 2, ""E2t"": 1, ""E3t"": 3}",7.0,7.0,7.0,7.0,True,True,2.0,2.0,2.0,2.0
it_L3,f9d11849473e4cf8fabc2e8419021f97,L3,IT,Data Analyst (Business Data Analyst),IT,E1|E2|E3|E2t|E3t,"{""E1"": 5, ""E2"": 3, ""E3"": 1, ""E2t"": 7, ""E3t"": 1}",6.0,5.5,6.0,5.0,True,True,4.0,3.0,1.0,1.0
it_L3,570e5488efdf34f3acdb39b05f192ca1,L3,IT,Business Analyst (BA),IT,E1|E2|E3|E2t|E3t,"{""E1"": 7, ""E2"": 2, ""E3"": 3, ""E2t"": 5, ""E3t"": 7}",6.0,6.5,6.0,6.0,True,True,2.0,0.0,7.0,3.0
it_L3,198cbaa68de09bc4e5590ea1c3d6dc67,L3,IT,Chuyên Viên Công Nghệ Vận Hành - Operation Technology Executive,IT,E1|E2t|E3t,"{""E1"": 3, ""E2t"": 6, ""E3t"": 5}",7.0,7.0,7.0,7.0,True,True,2.0,2.0,2.0,1.0
it_L3,e4f6bc5b7fa7c10b09ec21f6b516c68b,L3,IT,Project Manager (GOV),IT,E2|E3|E2t,"{""E2"": 4, ""E3"": 10, ""E2t"": 3}",7.5,7.5,8.0,7.6667,True,True,1.0,1.0,2.0,2.0
it_L3,abf274f9f96808954abb78819afdc272,L3,IT,Project Manager Lead,IT,E2t|E3t,"{""E2t"": 4, ""E3t"": 10}",7.0,6.75,7.0,6.6667,True,True,1.0,1.0,1.0,1.0
it_L3,b4619c4007245dd366832fb28c309235,L3,IT,IT Helpdesk / Support – English Speaking [HN/HCM],IT,E3t,"{""E3t"": 4}",5.5,5.25,5.0,4.6667,True,True,4.0,3.0,3.0,2.0
it_L3,b838f240ce7695573dbee4b4a0f6d2b2,L3,IT,Java Developer (Senior) - Phần Mềm,IT,E1|E2t|E3t,"{""E1"": 4, ""E2t"": 8, ""E3t"": 8}",4.5,4.25,4.0,4.0,False,False,4.0,4.0,3.0,3.0
it_L3,a9c5fbea646d04b1844c61e74ae5bed0,L3,IT,Phân Tích Nghiệp Vụ CNTT/ Business Analyst (BA),IT,E2|E3,"{""E2"": 5, ""E3"": 5}",8.0,8.0,8.0,8.0,True,True,2.0,2.0,2.0,1.0
it_L3,0f791a6ad2a86ad130930c5549e418c8,L3,IT,Fullstack Developer (PHP) - Fintech (Thu Nhập Hấp Dẫn),IT,E1|E2t,"{""E1"": 6, ""E2t"": 10}",3.0,3.0,2.0,2.3333,False,False,4.0,3.0,2.0,1.0
it_L3,4e1a39c067e63a83d4df52561b45681b,L3,IT,Chuyên Viên Công Nghệ Thông Tin (IT GENERALIST),IT,E3t,"{""E3t"": 6}",5.0,5.0,4.0,4.3333,True,False,4.0,3.0,2.0,1.0
it_L3,62c7a4b86a029add2ce9cace92e5a43b,L3,IT,Software Tester,IT,E1|E2|E3,"{""E1"": 8, ""E2"": 9, ""E3"": 6}",6.0,6.0,6.0,5.6667,True,True,2.0,1.0,4.0,4.0
it_L3,0385f89167fb86bd6662a91e0afb4c82,L3,IT,Thực Tập Sinh Công Nghệ Thông Tin Đào Tạo Có Lương,IT,E3,"{""E3"": 7}",6.0,5.75,6.0,5.3333,True,True,3.0,2.0,5.0,5.0
it_L3,634e58112366caa9d5b756d5a22d1b50,L3,IT,Chuyên Viên Phân Tích Nghiệp Vụ (BA),IT,E2,"{""E2"": 7}",5.0,5.0,5.0,5.0,True,True,2.0,2.0,2.0,2.0
it_L3,6572f5aed5d6331a76898e2c9341a476,L3,IT,Thực Tập Sinh Vận Hành Robot Và Kiểm Soát Chất Lượng Data,IT,E3|E3t,"{""E3"": 8, ""E3t"": 9}",4.5,4.25,4.0,4.0,False,False,2.0,2.0,4.0,4.0
it_L3,6bfc7a32a6c5a883169851bd661e3ba2,L3,IT,Chuyên Viên Phân Tích Nghiệp Vụ,IT,E2,"{""E2"": 8}",8.0,7.75,8.0,7.6667,True,True,3.0,3.0,2.0,1.0
it_L3,45af55fdd85b31d6a69936d9dde32b4a,L3,IT,Tester (5 Năm Kinh Nghiệm),IT,E1,"{""E1"": 9}",3.5,3.75,3.0,3.3333,False,False,2.0,1.0,2.0,2.0
it_L3,922df769be4c2c67409e5d5ce89fd8d6,L3,IT,(Senior) IT Project Manager,IT,E2t,"{""E2t"": 9}",7.0,6.5,7.0,6.3333,True,True,2.0,2.0,2.0,2.0
it_L3,f490a8c8e59387660c6c465bb32614f3,L3,IT,Solution Consultant (CRM & Marketing),IT,E3,"{""E3"": 9}",4.5,4.75,4.0,4.0,False,False,4.0,2.0,7.0,2.0
it_L3,09a57756de674f836f9e928803d316d8,L3,IT,Fullstack Developer (Middle Level Trở Lên),IT,E2,"{""E2"": 10}",4.0,3.75,4.0,3.3333,False,False,3.0,2.0,2.0,2.0
it_L3,7f79607789b25ca9a52ab314e57f71d6,L3,IT,Account Manager/Business Development (IT Outsourcing) - Thu Nhập Trên 30 Triệu,IT,E1,"{""E1"": 10}",5.5,5.5,5.0,5.0,True,True,3.0,2.0,4.0,2.0
it_L3b,570e5488efdf34f3acdb39b05f192ca1,L3b,IT,Business Analyst (BA),IT,E1|E2|E2t|E3t,"{""E1"": 1, ""E2"": 4, ""E2t"": 1, ""E3t"": 1}",5.5,5.75,5.0,5.3333,True,True,2.0,1.0,7.0,2.0
it_L3b,6bfc7a32a6c5a883169851bd661e3ba2,L3b,IT,Chuyên Viên Phân Tích Nghiệp Vụ,IT,E1|E2|E3|E2t|E3t,"{""E1"": 3, ""E2"": 1, ""E3"": 10, ""E2t"": 3, ""E3t"": 5}",8.0,7.75,8.0,7.6667,True,True,3.0,3.0,2.0,1.0
it_L3b,f2241241c0a74d6a53859d81cd875726,L3b,IT,Fullstack Software Engineer,IT,E2|E3|E3t,"{""E2"": 9, ""E3"": 1, ""E3t"": 8}",6.0,5.75,5.0,5.3333,True,True,5.0,5.0,4.0,4.0
it_L3b,600234aec3e0445a055e3e5fc05e93b6,L3b,IT,Business Analyst,IT,E1|E2|E3|E2t|E3t,"{""E1"": 2, ""E2"": 2, ""E3"": 4, ""E2t"": 4, ""E3t"": 3}",7.5,7.5,7.0,7.3333,True,True,3.0,3.0,2.0,2.0
it_L3b,acc72608a2765fac252968fb0c98db18,L3b,IT,Project Manager,IT,E1|E2|E3|E2t,"{""E1"": 8, ""E2"": 3, ""E3"": 2, ""E2t"": 2}",9.0,8.75,9.0,8.6667,True,True,1.0,1.0,2.0,1.0
it_L3b,f3c96fc0a3bb10e40c64d3b7fafc708a,L3b,IT,"Backend/Frontend Developer (ASP.Net Core,ReactJS)",IT,E3t,"{""E3t"": 2}",4.5,4.5,3.0,3.6667,False,False,5.0,4.0,4.0,3.0
it_L3b,e4f6bc5b7fa7c10b09ec21f6b516c68b,L3b,IT,Project Manager (GOV),IT,E2|E3|E2t,"{""E2"": 8, ""E3"": 3, ""E2t"": 6}",9.0,8.75,9.0,8.6667,True,True,1.0,1.0,2.0,2.0
it_L3b,a9c5fbea646d04b1844c61e74ae5bed0,L3b,IT,Phân Tích Nghiệp Vụ CNTT/ Business Analyst (BA),IT,E1|E2|E2t|E3t,"{""E1"": 4, ""E2"": 5, ""E2t"": 5, ""E3t"": 7}",8.0,8.0,8.0,8.0,True,True,2.0,2.0,2.0,1.0
it_L3b,f5eee5193d6a6c743f1c23eefdca1c71,L3b,IT,Embedded Linux Middleware Engineer,IT,E3t,"{""E3t"": 4}",6.0,6.25,6.0,5.6667,True,True,3.0,1.0,7.0,2.0
it_L3b,4e1a39c067e63a83d4df52561b45681b,L3b,IT,Chuyên Viên Công Nghệ Thông Tin (IT GENERALIST),IT,E3,"{""E3"": 5}",5.5,5.5,4.0,5.0,True,False,5.0,5.0,3.0,2.0
it_L3b,634e58112366caa9d5b756d5a22d1b50,L3b,IT,Chuyên Viên Phân Tích Nghiệp Vụ (BA),IT,E1|E2|E2t|E3t,"{""E1"": 5, ""E2"": 7, ""E2t"": 8, ""E3t"": 10}",6.0,5.5,6.0,5.3333,True,True,2.0,2.0,2.0,2.0
it_L3b,31896529455f7a67dabf1852ca7f1e9d,L3b,IT,Business Analyst - Tại Hà Nội (Từ Middle - Senior),IT,E1|E2|E2t,"{""E1"": 6, ""E2"": 6, ""E2t"": 7}",8.0,7.75,8.0,7.6667,True,True,1.0,1.0,2.0,1.0
it_L3b,91ff03c6506f69d4d824039f1d1c2e9f,L3b,IT,Web Frontend Team Leader,IT,E3|E3t,"{""E3"": 6, ""E3t"": 9}",5.5,5.25,4.0,4.6667,True,False,6.0,6.0,6.0,5.0
it_L3b,f16690d387dede7dad20743492e4eccf,L3b,IT,Developer,IT,E3t,"{""E3t"": 6}",5.5,5.0,4.0,4.3333,True,False,5.0,5.0,4.0,1.0
it_L3b,56c7f77280fca63fab7e88b3e689d0ae,L3b,IT,Internship Engineer (Mechanical / Hardware / Software) / Thực Tập Sinh Kỹ Sư (Cơ Khí / Phần Cứng / Phần Mềm),IT,E1,"{""E1"": 7}",2.5,2.75,2.0,2.6667,False,False,2.0,2.0,8.0,8.0
it_L3b,c1fcd5ebb5c1d48d3f34ebd2db0a8ceb,L3b,IT,DevOps Specialist,IT,E3,"{""E3"": 7}",5.5,5.25,4.0,4.6667,True,False,4.0,4.0,3.0,3.0
it_L3b,b838f240ce7695573dbee4b4a0f6d2b2,L3b,IT,Java Developer (Senior) - Phần Mềm,IT,E3,"{""E3"": 8}",6.5,6.25,5.0,5.6667,True,True,4.0,4.0,4.0,3.0
it_L3b,09a57756de674f836f9e928803d316d8,L3b,IT,Fullstack Developer (Middle Level Trở Lên),IT,E3,"{""E3"": 9}",5.0,5.0,4.0,4.6667,True,False,4.0,4.0,4.0,4.0
it_L3b,abf274f9f96808954abb78819afdc272,L3b,IT,Project Manager Lead,IT,E2t,"{""E2t"": 9}",8.0,8.0,8.0,8.0,True,True,0.0,0.0,3.0,2.0
it_L3b,f9d11849473e4cf8fabc2e8419021f97,L3b,IT,Data Analyst (Business Data Analyst),IT,E1|E2|E2t,"{""E1"": 9, ""E2"": 10, ""E2t"": 10}",5.5,5.5,5.0,5.0,True,True,3.0,2.0,1.0,1.0
it_L3b,baa6408c7e86eb2ac30486be5197d4da,L3b,IT,Kỹ Thuật Viên Lập Trình Gia Công Cơ Khí (Mastercam – Phòng Kỹ Thuật),IT,E1,"{""E1"": 10}",4.0,3.25,4.0,3.0,False,False,3.0,3.0,4.0,4.0
it_L4,56c7f77280fca63fab7e88b3e689d0ae,L4,IT,Internship Engineer (Mechanical / Hardware / Software) / Thực Tập Sinh Kỹ Sư (Cơ Khí / Phần Cứng / Phần Mềm),IT,E1|E2|E3|E2t|E3t,"{""E1"": 1, ""E2"": 1, ""E3"": 2, ""E2t"": 1, ""E3t"": 1}",4.0,4.0,4.0,3.3333,False,False,4.0,2.0,8.0,8.0
it_L4,f490a8c8e59387660c6c465bb32614f3,L4,IT,Solution Consultant (CRM & Marketing),IT,E1|E2|E3|E2t|E3t,"{""E1"": 4, ""E2"": 2, ""E3"": 1, ""E2t"": 5, ""E3t"": 3}",5.0,4.75,4.0,4.0,True,False,5.0,4.0,6.0,1.0
it_L4,600234aec3e0445a055e3e5fc05e93b6,L4,IT,Business Analyst,IT,E1|E2t|E3t,"{""E1"": 2, ""E2t"": 3, ""E3t"": 4}",6.5,6.75,6.0,6.3333,True,True,2.0,1.0,1.0,0.0
it_L4,958a026db76bf0354eb9932511b55dde,L4,IT,Software Testing Internship (Hanoi),IT,E2t|E3t,"{""E2t"": 9, ""E3t"": 2}",6.0,5.25,6.0,4.6667,True,True,5.0,4.0,9.0,4.0
it_L4,f5eee5193d6a6c743f1c23eefdca1c71,L4,IT,Embedded Linux Middleware Engineer,IT,E2t,"{""E2t"": 2}",6.0,6.25,6.0,5.6667,True,True,3.0,1.0,7.0,3.0
it_L4,604f716a84d4006052f34f744b31c999,L4,IT,Backend Developer (C# .Net),IT,E1|E2|E3|E2t|E3t,"{""E1"": 3, ""E2"": 6, ""E3"": 7, ""E2t"": 6, ""E3t"": 6}",5.5,5.5,5.0,4.6667,True,True,5.0,3.0,4.0,2.0
it_L4,acc72608a2765fac252968fb0c98db18,L4,IT,Project Manager,IT,E2|E3|E2t|E3t,"{""E2"": 3, ""E3"": 4, ""E2t"": 8, ""E3t"": 8}",8.0,7.75,8.0,7.6667,True,True,1.0,1.0,0.0,0.0
it_L4,f3c96fc0a3bb10e40c64d3b7fafc708a,L4,IT,"Backend/Frontend Developer (ASP.Net Core,ReactJS)",IT,E1|E3|E3t,"{""E1"": 7, ""E3"": 3, ""E3t"": 7}",5.0,4.75,4.0,4.0,True,False,5.0,4.0,3.0,1.0
it_L4,1da021f7767c6e76ccef47c9ab17a726,L4,IT,Senior QA Engineer,IT,E2t,"{""E2t"": 4}",7.0,6.5,6.0,6.0,True,True,4.0,4.0,3.0,3.0
it_L4,e4f6bc5b7fa7c10b09ec21f6b516c68b,L4,IT,Project Manager (GOV),IT,E2|E3|E2t,"{""E2"": 4, ""E3"": 6, ""E2t"": 7}",8.0,7.75,8.0,7.6667,True,True,1.0,1.0,2.0,2.0
it_L4,42227edcf479559821430d0811783dc2,L4,IT,Lập Trình Unity Game 2D/3D (All Level) - Thu Nhập Upto 50M/Tháng (1 Năm Kinh Nghiệm),IT,E1|E2t,"{""E1"": 5, ""E2t"": 10}",3.5,4.25,3.0,3.0,False,False,6.0,2.0,7.0,2.0
it_L4,62c7a4b86a029add2ce9cace92e5a43b,L4,IT,Software Tester,IT,E3,"{""E3"": 5}",5.0,5.25,4.0,4.6667,True,False,3.0,2.0,5.0,5.0
it_L4,b4619c4007245dd366832fb28c309235,L4,IT,IT Helpdesk / Support – English Speaking [HN/HCM],IT,E3|E3t,"{""E3"": 8, ""E3t"": 5}",5.5,5.75,5.0,5.3333,True,True,2.0,1.0,6.0,3.0
it_L4,e0bb341c71d626139c3bd447a4321e10,L4,IT,Kỹ Sư AI Thị Giác Máy Tính - Có Xe Đưa Đón,IT,E2,"{""E2"": 5}",6.0,5.5,5.0,5.0,True,True,4.0,4.0,3.0,3.0
it_L4,84a61818bc599b15094c14d013d504f8,L4,IT,[F14] Fresher Unity Developer (15 - 25M Net; Thu Nhập 14 Tháng Lương/Năm),IT,E1,"{""E1"": 6}",2.5,3.75,2.0,2.3333,False,False,6.0,1.0,8.0,3.0
it_L4,f2241241c0a74d6a53859d81cd875726,L4,IT,Fullstack Software Engineer,IT,E2|E3,"{""E2"": 7, ""E3"": 10}",6.5,6.25,5.0,5.6667,True,True,4.0,4.0,1.0,1.0
it_L4,570e5488efdf34f3acdb39b05f192ca1,L4,IT,Business Analyst (BA),IT,E1|E2,"{""E1"": 10, ""E2"": 8}",4.5,4.5,4.0,3.6667,False,False,5.0,3.0,8.0,3.0
it_L4,e59c072bb9b7c53efdf5b3053649c3f1,L4,IT,Nhân Viên Tư Vấn/Kinh Doanh - Không Yêu Cầu Kinh Nghiệm - Thu Nhập Hấp Dẫn Không Giới Hạn Lên Đến 20 Triệu - Bình Thạnh (HCM),IT,E1|E2,"{""E1"": 8, ""E2"": 9}",5.5,5.5,5.0,5.0,True,True,3.0,2.0,7.0,7.0
it_L4,6572f5aed5d6331a76898e2c9341a476,L4,IT,Thực Tập Sinh Vận Hành Robot Và Kiểm Soát Chất Lượng Data,IT,E3|E3t,"{""E3"": 9, ""E3t"": 10}",2.0,2.25,2.0,2.0,False,False,1.0,0.0,7.0,7.0
it_L4,75d11738b9d995332ac711379c7da803,L4,IT,IT System Administrator Leader,IT,E3t,"{""E3t"": 9}",6.0,6.25,5.0,6.0,True,True,3.0,3.0,4.0,4.0
it_L4,f16690d387dede7dad20743492e4eccf,L4,IT,Developer,IT,E1|E2,"{""E1"": 9, ""E2"": 10}",4.5,4.5,3.0,4.0,False,False,3.0,3.0,4.0,3.0
it_L4b,958a026db76bf0354eb9932511b55dde,L4b,IT,Software Testing Internship (Hanoi),IT,E1|E2|E3|E2t|E3t,"{""E1"": 1, ""E2"": 5, ""E3"": 1, ""E2t"": 2, ""E3t"": 1}",4.5,4.5,4.0,3.6667,False,False,5.0,3.0,5.0,4.0
it_L4b,acc72608a2765fac252968fb0c98db18,L4b,IT,Project Manager,IT,E1|E2|E3|E2t|E3t,"{""E1"": 3, ""E2"": 1, ""E3"": 2, ""E2t"": 1, ""E3t"": 5}",8.5,8.5,9.0,8.6667,True,True,1.0,1.0,2.0,2.0
it_L4b,56c7f77280fca63fab7e88b3e689d0ae,L4b,IT,Internship Engineer (Mechanical / Hardware / Software) / Thực Tập Sinh Kỹ Sư (Cơ Khí / Phần Cứng / Phần Mềm),IT,E1|E2t|E3t,"{""E1"": 2, ""E2t"": 4, ""E3t"": 3}",2.0,2.75,2.0,3.0,False,False,3.0,3.0,3.0,3.0
it_L4b,a9c5fbea646d04b1844c61e74ae5bed0,L4b,IT,Phân Tích Nghiệp Vụ CNTT/ Business Analyst (BA),IT,E1|E2|E3|E2t,"{""E1"": 8, ""E2"": 2, ""E3"": 8, ""E2t"": 5}",8.0,8.25,8.0,8.0,True,True,1.0,0.0,3.0,2.0
it_L4b,f3c96fc0a3bb10e40c64d3b7fafc708a,L4b,IT,"Backend/Frontend Developer (ASP.Net Core,ReactJS)",IT,E3t,"{""E3t"": 2}",4.5,4.75,3.0,4.0,False,False,4.0,3.0,3.0,1.0
it_L4b,634e58112366caa9d5b756d5a22d1b50,L4b,IT,Chuyên Viên Phân Tích Nghiệp Vụ (BA),IT,E1|E2|E2t|E3t,"{""E1"": 5, ""E2"": 3, ""E2t"": 6, ""E3t"": 10}",6.0,6.0,7.0,6.3333,True,True,2.0,2.0,3.0,2.0
it_L4b,e4f6bc5b7fa7c10b09ec21f6b516c68b,L4b,IT,Project Manager (GOV),IT,E2|E3|E2t,"{""E2"": 4, ""E3"": 5, ""E2t"": 3}",8.5,8.5,8.0,8.3333,True,True,1.0,1.0,3.0,3.0
it_L4b,f2241241c0a74d6a53859d81cd875726,L4b,IT,Fullstack Software Engineer,IT,E2|E3|E3t,"{""E2"": 7, ""E3"": 3, ""E3t"": 6}",6.5,6.25,5.0,5.6667,True,True,4.0,4.0,2.0,2.0
it_L4b,198cbaa68de09bc4e5590ea1c3d6dc67,L4b,IT,Chuyên Viên Công Nghệ Vận Hành - Operation Technology Executive,IT,E1|E2t|E3t,"{""E1"": 4, ""E2t"": 8, ""E3t"": 7}",6.5,6.5,6.0,6.3333,True,True,1.0,1.0,3.0,3.0
it_L4b,b838f240ce7695573dbee4b4a0f6d2b2,L4b,IT,Java Developer (Senior) - Phần Mềm,IT,E3,"{""E3"": 4}",5.0,5.25,4.0,4.3333,True,False,5.0,3.0,2.0,1.0
it_L4b,f5eee5193d6a6c743f1c23eefdca1c71,L4b,IT,Embedded Linux Middleware Engineer,IT,E3t,"{""E3t"": 4}",5.0,5.0,5.0,4.0,True,True,6.0,3.0,6.0,2.0
it_L4b,4e1a39c067e63a83d4df52561b45681b,L4b,IT,Chuyên Viên Công Nghệ Thông Tin (IT GENERALIST),IT,E2|E3,"{""E2"": 9, ""E3"": 6}",5.5,5.5,5.0,5.0,True,True,3.0,2.0,5.0,3.0
it_L4b,6bfc7a32a6c5a883169851bd661e3ba2,L4b,IT,Chuyên Viên Phân Tích Nghiệp Vụ,IT,E2,"{""E2"": 6}",8.0,7.5,8.0,7.3333,True,True,2.0,2.0,2.0,1.0
it_L4b,f9d11849473e4cf8fabc2e8419021f97,L4b,IT,Data Analyst (Business Data Analyst),IT,E1|E2|E2t,"{""E1"": 6, ""E2"": 10, ""E2t"": 9}",4.0,4.75,4.0,4.0,False,False,3.0,0.0,5.0,3.0
it_L4b,42227edcf479559821430d0811783dc2,L4b,IT,Lập Trình Unity Game 2D/3D (All Level) - Thu Nhập Upto 50M/Tháng (1 Năm Kinh Nghiệm),IT,E1|E3,"{""E1"": 7, ""E3"": 10}",3.5,3.5,4.0,3.6667,False,False,3.0,3.0,3.0,2.0
it_L4b,91ff03c6506f69d4d824039f1d1c2e9f,L4b,IT,Web Frontend Team Leader,IT,E3|E3t,"{""E3"": 7, ""E3t"": 9}",5.5,5.25,5.0,4.6667,True,True,4.0,3.0,3.0,2.0
it_L4b,abf274f9f96808954abb78819afdc272,L4b,IT,Project Manager Lead,IT,E2t,"{""E2t"": 7}",8.0,8.25,8.0,8.0,True,True,1.0,0.0,3.0,1.0
it_L4b,600234aec3e0445a055e3e5fc05e93b6,L4b,IT,Business Analyst,IT,E2|E2t,"{""E2"": 8, ""E2t"": 10}",7.0,7.0,6.0,6.6667,True,True,2.0,2.0,2.0,1.0
it_L4b,f16690d387dede7dad20743492e4eccf,L4b,IT,Developer,IT,E3t,"{""E3t"": 8}",3.5,4.0,3.0,3.3333,False,False,3.0,1.0,3.0,3.0
it_L4b,09a57756de674f836f9e928803d316d8,L4b,IT,Fullstack Developer (Middle Level Trở Lên),IT,E3,"{""E3"": 9}",5.0,5.0,4.0,4.3333,True,False,4.0,3.0,2.0,0.0
it_L4b,473f3b6edf74ab22f0241fab43012f38,L4b,IT,Data Business Analyst (Credit Rating) - Upto 2000 USD,IT,E1,"{""E1"": 9}",5.5,6.0,5.0,5.3333,True,True,3.0,1.0,4.0,2.0
it_L4b,84a61818bc599b15094c14d013d504f8,L4b,IT,[F14] Fresher Unity Developer (15 - 25M Net; Thu Nhập 14 Tháng Lương/Năm),IT,E1,"{""E1"": 10}",2.5,2.5,2.0,2.3333,False,False,1.0,1.0,3.0,3.0
it_P,34265abc78e946c86b0fca885ec8eaf0,P,IT,Giáo Viên Tiếng Anh (Toeic - Giao Tiếp) - Full Time / Part Time,Giáo dục,E2|E3|E3t,"{""E2"": 1, ""E3"": 1, ""E3t"": 10}",2.0,2.5,2.0,3.0,False,False,4.0,3.0,8.0,5.0
it_P,fadbf9fddd686b0aba832143a92a3355,P,IT,Nhân Viên Chăm Sóc Khách Hàng,Chăm sóc khách hàng,E1|E2|E3|E2t|E3t,"{""E1"": 1, ""E2"": 4, ""E3"": 3, ""E2t"": 1, ""E3t"": 1}",4.5,4.75,3.0,4.3333,False,False,4.0,4.0,3.0,3.0
it_P,21e374ac9c4191dfb45bdc896cc76ac5,P,IT,Nhân Viên Chăm Sóc Khách Hàng| Telesales,Chăm sóc khách hàng,E3|E2t|E3t,"{""E3"": 4, ""E2t"": 8, ""E3t"": 2}",4.5,4.5,4.0,4.3333,False,False,1.0,1.0,3.0,3.0
it_P,a9ff50156c5c68869371e1ede3adf900,P,IT,Chuyên Viên Vật Lý (Lương 30 Triệu ++),Giáo dục,E1|E2|E3|E2t|E3t,"{""E1"": 2, ""E2"": 6, ""E3"": 5, ""E2t"": 3, ""E3t"": 3}",2.0,2.25,2.0,2.6667,False,False,3.0,2.0,2.0,0.0
it_P,b177e6ea995d45835a248c54124fa95b,P,IT,Trợ Lý Kinh Doanh (Thành Thạo Tiếng Trung),Hành chính nhân sự,E2|E3,"{""E2"": 2, ""E3"": 2}",4.0,4.25,4.0,4.0,False,False,1.0,0.0,3.0,3.0
it_P,f86ea28fc8d31339288eaf3c5fff8780,P,IT,Chuyên Viên QUAN HỆ KHÁCH HÀNG CÁ NHÂN (THU NHẬP TỐT_ ĐÀO TẠO CÓ LƯƠNG),Ngân hàng,E2|E3|E2t|E3t,"{""E2"": 5, ""E3"": 6, ""E2t"": 2, ""E3t"": 4}",4.5,4.5,4.0,4.3333,False,False,3.0,3.0,4.0,4.0
it_P,7222c009019dbf5438a77e38fdcb9770,P,IT,Nhân Viên Kinh Doanh/ Nhân Viên Tư Vấn Tuyển Sinh/ Tư Vấn Khóa Học IELTS (Không Yêu Cầu Kinh Nghiệm Giáo Dục) - Lương 12 - 25 Triệu/Tháng,Nhân viên kinh doanh,E1|E2|E3|E2t|E3t,"{""E1"": 3, ""E2"": 8, ""E3"": 7, ""E2t"": 5, ""E3t"": 5}",4.5,4.5,4.0,4.3333,False,False,1.0,1.0,6.0,6.0
it_P,c0adf6af387f0c93812d71c82966c596,P,IT,"Chuyên Viên Kế Toán/Senior Accountant – Thu Nhập Cao, Phúc Lợi Tốt – Từ 2 Năm Kinh Nghiệm, Có Hỗ Trợ Cơm Trưa",Kế toán,E2,"{""E2"": 3}",4.0,3.75,4.0,3.6667,False,False,3.0,3.0,5.0,1.0
it_P,124f4256f0d6a862038089b366463a3e,P,IT,"Nhân Viên Chăm Sóc Khách Hàng Hỗ Trợ Dịch Vụ (Ca Đêm) / Customer Service - Tiếng Anh Tốt, Thu Nhập Hấp Dẫn",Chăm sóc khách hàng,E1|E2|E3|E2t|E3t,"{""E1"": 4, ""E2"": 10, ""E3"": 9, ""E2t"": 7, ""E3t"": 7}",4.5,4.75,3.0,4.0,False,False,4.0,3.0,4.0,1.0
it_P,94a6b71a0ae7e1e55b653c217511b8f8,P,IT,"Trưởng Nhóm Tư Vấn Định Cư, Đầu Tư (Ưu Tiên Châu Âu)",Giáo dục,E2|E2t,"{""E2"": 7, ""E2t"": 4}",3.0,3.25,3.0,3.3333,False,False,3.0,3.0,3.0,2.0
it_P,e2a95ee4eb1f005599ac4cbb23651694,P,IT,Nhân Viên Chăm Sóc Khách Hàng Kiêm Lễ Tân,Chăm sóc khách hàng,E1|E2t|E3t,"{""E1"": 5, ""E2t"": 9, ""E3t"": 9}",4.0,4.0,3.0,3.3333,False,False,4.0,3.0,4.0,3.0
it_P,3006e0f5298bde0c4e16a99ec0f96872,P,IT,Nhân Viên Chăm Sóc Khách Hàng - Telesales,Chăm sóc khách hàng,E3|E3t,"{""E3"": 8, ""E3t"": 6}",4.5,4.5,4.0,4.3333,False,False,3.0,3.0,2.0,2.0
it_P,b55df244d55b2a7b6e1f01de7f251dfa,P,IT,Senior Sales Closer (Vietnamese & English-Speaking) — Fast Track To Team Lead,Giáo dục,E2|E2t,"{""E2"": 9, ""E2t"": 6}",2.0,2.75,2.0,3.0,False,False,3.0,3.0,1.0,1.0
it_P,fa6559da44c6fef3e7ad327ac49988a7,P,IT,Nhân Viên Chăm Sóc Khách Hàng Tiếng Anh - Không Yêu Cầu Kinh Nghiệm - Thu Nhập 15 - 23 Triệu - Tại HCM,Chăm sóc khách hàng,E1,"{""E1"": 6}",4.5,4.75,4.0,4.6667,False,False,2.0,2.0,2.0,2.0
it_P,158c8fc83b4db02b2ba03290c1137618,P,IT,Chuyên Viên Nhân Sự Tổng Hợp,Hành chính nhân sự,E1,"{""E1"": 7}",4.0,4.0,4.0,4.0,False,False,2.0,2.0,2.0,2.0
it_P,720794ec272ac8e46040a471a59a7ec2,P,IT,Nhân Viên Lễ Tân (Giao Tiếp Tiếng Anh) - Thu Nhập Hấp Dẫn - Làm Việc Tại Phường Bình Chiểu Hồ Chí Minh,Hành chính nhân sự,E1,"{""E1"": 8}",3.0,3.75,3.0,4.0,False,False,5.0,5.0,1.0,1.0
it_P,b75c29ff985ee7ce4fa03cc2424b37c7,P,IT,Trưởng Nhóm Phát Triển Kinh Doanh- SPX Express (Hà Nội),Telesales,E3|E3t,"{""E3"": 10, ""E3t"": 8}",4.0,3.75,3.0,3.3333,False,False,3.0,3.0,3.0,3.0
it_P,eadb10f792afb06bf250cdce60363583,P,IT,"Giám Sát Tuyển Sinh - Quản Lý Lớp Học - Sales Supervisor (Quảng Ngãi, Đà Nẵng, Long An) - Có Kinh Nghiệm Quản Lý Đội Nhóm",Telesales,E1,"{""E1"": 9}",4.5,4.5,4.0,4.0,False,False,3.0,2.0,4.0,3.0
it_P,0d65cefc0b4acd8aacf298fbf1bee9cf,P,IT,Trưởng Nhóm Telesale,Telesales,E2t,"{""E2t"": 10}",2.5,3.0,2.0,3.0,False,False,3.0,3.0,2.0,2.0
it_P,393569e29b4b58bc0f81851017ed3cd8,P,IT,"CHUYÊN VIÊN TƯ VẤN TÀI CHÍNH -SHINHAN BANK ( Pico Plaza, Phường Bảy Hiền)",Ngân hàng,E1,"{""E1"": 10}",5.0,5.25,5.0,4.6667,True,True,3.0,1.0,6.0,5.0
it_P2,34265abc78e946c86b0fca885ec8eaf0,P2,IT,Giáo Viên Tiếng Anh (Toeic - Giao Tiếp) - Full Time / Part Time,Giáo dục,E2|E3|E3t,"{""E2"": 1, ""E3"": 1, ""E3t"": 10}",3.0,3.25,3.0,3.3333,False,False,3.0,3.0,4.0,3.0
it_P2,fadbf9fddd686b0aba832143a92a3355,P2,IT,Nhân Viên Chăm Sóc Khách Hàng,Chăm sóc khách hàng,E1|E2|E3|E2t|E3t,"{""E1"": 1, ""E2"": 4, ""E3"": 3, ""E2t"": 1, ""E3t"": 1}",6.5,5.75,6.0,5.3333,True,True,4.0,4.0,3.0,3.0
it_P2,21e374ac9c4191dfb45bdc896cc76ac5,P2,IT,Nhân Viên Chăm Sóc Khách Hàng| Telesales,Chăm sóc khách hàng,E3|E2t|E3t,"{""E3"": 4, ""E2t"": 10, ""E3t"": 2}",5.5,5.25,6.0,5.3333,True,True,2.0,2.0,3.0,3.0
it_P2,a9ff50156c5c68869371e1ede3adf900,P2,IT,Chuyên Viên Vật Lý (Lương 30 Triệu ++),Giáo dục,E1|E2|E3|E2t|E3t,"{""E1"": 2, ""E2"": 6, ""E3"": 5, ""E2t"": 3, ""E3t"": 3}",1.5,1.75,2.0,2.0,False,False,2.0,2.0,2.0,1.0
it_P2,b177e6ea995d45835a248c54124fa95b,P2,IT,Trợ Lý Kinh Doanh (Thành Thạo Tiếng Trung),Hành chính nhân sự,E2|E3,"{""E2"": 2, ""E3"": 2}",4.0,4.0,4.0,3.6667,False,False,2.0,1.0,3.0,3.0
it_P2,f86ea28fc8d31339288eaf3c5fff8780,P2,IT,Chuyên Viên QUAN HỆ KHÁCH HÀNG CÁ NHÂN (THU NHẬP TỐT_ ĐÀO TẠO CÓ LƯƠNG),Ngân hàng,E2|E3|E2t|E3t,"{""E2"": 5, ""E3"": 6, ""E2t"": 2, ""E3t"": 4}",5.0,5.5,5.0,5.6667,True,True,4.0,4.0,2.0,2.0
it_P2,7222c009019dbf5438a77e38fdcb9770,P2,IT,Nhân Viên Kinh Doanh/ Nhân Viên Tư Vấn Tuyển Sinh/ Tư Vấn Khóa Học IELTS (Không Yêu Cầu Kinh Nghiệm Giáo Dục) - Lương 12 - 25 Triệu/Tháng,Nhân viên kinh doanh,E1|E2|E3|E2t|E3t,"{""E1"": 3, ""E2"": 8, ""E3"": 7, ""E2t"": 5, ""E3t"": 5}",5.0,5.0,5.0,5.0,True,True,2.0,2.0,4.0,4.0
it_P2,c0adf6af387f0c93812d71c82966c596,P2,IT,"Chuyên Viên Kế Toán/Senior Accountant – Thu Nhập Cao, Phúc Lợi Tốt – Từ 2 Năm Kinh Nghiệm, Có Hỗ Trợ Cơm Trưa",Kế toán,E2,"{""E2"": 3}",3.5,3.5,4.0,3.6667,False,False,3.0,3.0,6.0,1.0
it_P2,124f4256f0d6a862038089b366463a3e,P2,IT,"Nhân Viên Chăm Sóc Khách Hàng Hỗ Trợ Dịch Vụ (Ca Đêm) / Customer Service - Tiếng Anh Tốt, Thu Nhập Hấp Dẫn",Chăm sóc khách hàng,E1|E2|E3|E2t|E3t,"{""E1"": 4, ""E2"": 10, ""E3"": 9, ""E2t"": 7, ""E3t"": 7}",5.5,5.5,4.0,5.0,True,False,3.0,3.0,4.0,3.0
it_P2,94a6b71a0ae7e1e55b653c217511b8f8,P2,IT,"Trưởng Nhóm Tư Vấn Định Cư, Đầu Tư (Ưu Tiên Châu Âu)",Giáo dục,E2|E2t,"{""E2"": 7, ""E2t"": 4}",3.5,4.0,3.0,4.0,False,False,5.0,5.0,4.0,1.0
it_P2,e2a95ee4eb1f005599ac4cbb23651694,P2,IT,Nhân Viên Chăm Sóc Khách Hàng Kiêm Lễ Tân,Chăm sóc khách hàng,E1|E2t|E3t,"{""E1"": 5, ""E2t"": 9, ""E3t"": 9}",5.0,5.5,5.0,5.6667,True,True,4.0,4.0,3.0,3.0
it_P2,0d65cefc0b4acd8aacf298fbf1bee9cf,P2,IT,Trưởng Nhóm Telesale,Telesales,E2|E2t,"{""E2"": 9, ""E2t"": 6}",2.5,3.25,2.0,3.3333,False,False,4.0,4.0,2.0,2.0
it_P2,3006e0f5298bde0c4e16a99ec0f96872,P2,IT,Nhân Viên Chăm Sóc Khách Hàng - Telesales,Chăm sóc khách hàng,E3|E3t,"{""E3"": 8, ""E3t"": 6}",5.0,5.25,5.0,5.3333,True,True,3.0,3.0,3.0,3.0
it_P2,fa6559da44c6fef3e7ad327ac49988a7,P2,IT,Nhân Viên Chăm Sóc Khách Hàng Tiếng Anh - Không Yêu Cầu Kinh Nghiệm - Thu Nhập 15 - 23 Triệu - Tại HCM,Chăm sóc khách hàng,E1,"{""E1"": 6}",6.5,6.75,6.0,6.6667,True,True,2.0,2.0,2.0,2.0
it_P2,158c8fc83b4db02b2ba03290c1137618,P2,IT,Chuyên Viên Nhân Sự Tổng Hợp,Hành chính nhân sự,E1,"{""E1"": 7}",3.0,3.25,3.0,3.3333,False,False,3.0,3.0,2.0,2.0
it_P2,720794ec272ac8e46040a471a59a7ec2,P2,IT,Nhân Viên Lễ Tân (Giao Tiếp Tiếng Anh) - Thu Nhập Hấp Dẫn - Làm Việc Tại Phường Bình Chiểu Hồ Chí Minh,Hành chính nhân sự,E1,"{""E1"": 8}",4.0,4.5,4.0,4.6667,False,False,4.0,4.0,1.0,1.0
it_P2,b55df244d55b2a7b6e1f01de7f251dfa,P2,IT,Senior Sales Closer (Vietnamese & English-Speaking) — Fast Track To Team Lead,Giáo dục,E2t,"{""E2t"": 8}",4.0,4.25,5.0,4.6667,False,True,5.0,5.0,2.0,2.0
it_P2,b75c29ff985ee7ce4fa03cc2424b37c7,P2,IT,Trưởng Nhóm Phát Triển Kinh Doanh- SPX Express (Hà Nội),Telesales,E3|E3t,"{""E3"": 10, ""E3t"": 8}",3.5,3.5,3.0,3.3333,False,False,3.0,3.0,3.0,3.0
it_P2,eadb10f792afb06bf250cdce60363583,P2,IT,"Giám Sát Tuyển Sinh - Quản Lý Lớp Học - Sales Supervisor (Quảng Ngãi, Đà Nẵng, Long An) - Có Kinh Nghiệm Quản Lý Đội Nhóm",Telesales,E1,"{""E1"": 9}",5.5,5.5,5.0,5.0,True,True,3.0,2.0,4.0,2.0
it_P2,393569e29b4b58bc0f81851017ed3cd8,P2,IT,"CHUYÊN VIÊN TƯ VẤN TÀI CHÍNH -SHINHAN BANK ( Pico Plaza, Phường Bảy Hiền)",Ngân hàng,E1,"{""E1"": 10}",5.5,5.5,5.0,5.0,True,True,3.0,2.0,6.0,6.0
ksxd_L1,39997cfca637ea9e7a5112f29d482bd5,L1,Kỹ sư xây dựng,"Kỹ Sư HVAC - Làm Việc Tại Hà Đông, Hà Nội",Kỹ sư xây dựng,E1|E2|E2t|E3t,"{""E1"": 1, ""E2"": 4, ""E2t"": 1, ""E3t"": 1}",5.0,4.75,5.0,4.6667,True,True,3.0,3.0,6.0,6.0
ksxd_L1,aa70c3baef1d6c45157a8b50df1b5697,L1,Kỹ sư xây dựng,Kỹ Sư Cấp Thoát Nước- Thu Nhập 15-20 Triệu/ Tháng- Đi Làm Ngay,Kỹ sư xây dựng,E1|E2|E3|E2t,"{""E1"": 9, ""E2"": 1, ""E3"": 1, ""E2t"": 9}",6.5,6.25,6.0,6.0,True,True,2.0,2.0,2.0,2.0
ksxd_L1,9d90af6d73a037d4f42227dec9db3ff3,L1,Kỹ sư xây dựng,Nhân Viên Triển Khai Revit – Lương 15-22M+,Kỹ sư xây dựng,E2|E3|E2t|E3t,"{""E2"": 2, ""E3"": 2, ""E2t"": 4, ""E3t"": 4}",4.5,4.75,4.0,4.3333,False,False,2.0,1.0,3.0,3.0
ksxd_L1,c073efc5ec9c7f006494b1ceaf14aad0,L1,Kỹ sư xây dựng,Trưởng Nhóm Hạ Tầng Kỹ Thuật,Kỹ sư xây dựng,E2t|E3t,"{""E2t"": 2, ""E3t"": 2}",2.0,2.25,2.0,2.0,False,False,1.0,0.0,1.0,1.0
ksxd_L1,e4bb04d7856fa8ff26a070c28ba58bea,L1,Kỹ sư xây dựng,Kỹ Sư Xây Dựng / Kỹ Sư Hiện Trường Làm Việc Đồng Nai,Kỹ sư xây dựng,E1|E2t|E3t,"{""E1"": 2, ""E2t"": 3, ""E3t"": 3}",5.0,5.5,5.0,5.6667,True,True,2.0,2.0,5.0,5.0
ksxd_L1,033b42689c392624b4539eb6e5ea64cf,L1,Kỹ sư xây dựng,Chủ Trì Kết Cấu/ Senior Structural Engineer - Lương Hấp Dẫn Từ 25-30 Triệu - Đi Làm Ngay Tại Hà Nội,Kỹ sư xây dựng,E2,"{""E2"": 3}",2.5,2.75,2.0,2.3333,False,False,2.0,1.0,2.0,2.0
ksxd_L1,43a34052b9b4728f37ff87d297bf9c38,L1,Kỹ sư xây dựng,Cộng Tác Viên Thiết Kế Kỹ Sư Kết Cấu,Kỹ sư xây dựng,E2|E3|E3t,"{""E2"": 5, ""E3"": 3, ""E3t"": 8}",4.0,4.0,4.0,4.0,False,False,2.0,2.0,1.0,1.0
ksxd_L1,bcaf90a663cc8de40ddbdf36a809f598,L1,Kỹ sư xây dựng,Cán Bộ Kỹ Thuật Hiện Trường Cơ Điện - Làm Việc Tại Nha Trang,Kỹ sư xây dựng,E1|E2t|E3t,"{""E1"": 3, ""E2t"": 5, ""E3t"": 5}",6.0,5.75,6.0,5.3333,True,True,3.0,2.0,2.0,2.0
ksxd_L1,1089141e7e76e1668c0a70ed10ac9093,L1,Kỹ sư xây dựng,Kỹ Sư Thiết Kế,Kỹ sư xây dựng,E2|E3|E2t|E3t,"{""E2"": 7, ""E3"": 4, ""E2t"": 10, ""E3t"": 6}",5.5,5.25,6.0,5.6667,True,True,2.0,1.0,2.0,2.0
ksxd_L1,e4d69f664ef12c7b14d3ab3193a2d352,L1,Kỹ sư xây dựng,Kỹ Sư Xây Dựng - Thu Nhập Hấp Dẫn Lên Đến 25 Triệu - Làm Việc Tại Thanh Hóa,Kỹ sư xây dựng,E1|E2t|E3t,"{""E1"": 4, ""E2t"": 8, ""E3t"": 7}",4.0,3.75,4.0,3.6667,False,False,1.0,1.0,2.0,2.0
ksxd_L1,46ef74892703892f23b6a872febce20c,L1,Kỹ sư xây dựng,Kỹ Sư Cơ Điện ( M&E ) - Thu Nhập Hấp Dẫn Lên Đến 30 Triệu - Làm Việc Tại Thanh Hóa,Kỹ sư xây dựng,E1|E3t,"{""E1"": 5, ""E3t"": 10}",2.0,2.0,2.0,2.0,False,False,0.0,0.0,2.0,2.0
ksxd_L1,b974928c8098ddbaf4f2f823deaa0250,L1,Kỹ sư xây dựng,Kỹ Sư Xây Dựng/ BIM Engineer/ Nhân Viên Thiết Kế Kết Cấu - Nhận Đào Tạo - Phúc Lợi Tốt - Đi Làm Ngay,Kỹ sư xây dựng,E3,"{""E3"": 5}",7.0,7.5,7.0,7.6667,True,True,2.0,2.0,0.0,0.0
ksxd_L1,42d6c7ea57e3222070ed382724903238,L1,Kỹ sư xây dựng,Trưởng Nhóm Kỹ Sư Điện Tự Động Hoá,Kỹ sư xây dựng,E2|E3|E2t,"{""E2"": 6, ""E3"": 6, ""E2t"": 7}",2.0,2.25,2.0,2.0,False,False,1.0,0.0,1.0,1.0
ksxd_L1,5533fc4e0d7e5a03755d2c37ae815523,L1,Kỹ sư xây dựng,Trưởng Nhóm Cấp Thoát Nước,Kỹ sư xây dựng,E2t|E3t,"{""E2t"": 6, ""E3t"": 9}",2.0,2.5,2.0,2.0,False,False,2.0,0.0,2.0,1.0
ksxd_L1,926fe60e28635e719cee9f0a82613871,L1,Kỹ sư xây dựng,Chỉ Huy Trưởng Công Trình Cơ Điện - Nước (MEP) - Làm Việc Tại Dự Án Phú Quốc | Lương 30 - 40 Triệu/Tháng,Kỹ sư xây dựng,E1,"{""E1"": 6}",2.5,2.75,2.0,2.3333,False,False,2.0,1.0,3.0,3.0
ksxd_L1,46ac29bf7e3b535806736e1faf036acc,L1,Kỹ sư xây dựng,Kỹ Sư Hiện Trường_ 03 Năm Kinh Nghiệm _ Đi Làm Ngay,Kỹ sư xây dựng,E1|E3,"{""E1"": 7, ""E3"": 7}",3.0,3.25,3.0,2.6667,False,False,3.0,1.0,2.0,2.0
ksxd_L1,40a5284ed7812d4b55aca582b55c2b41,L1,Kỹ sư xây dựng,Kỹ Sư Xây Dựng / BIM Engineer ( BIM/REVIT - Chuyên FAMILY ) - Thu Nhập Upto 35 Triệu,Kỹ sư xây dựng,E2|E3,"{""E2"": 9, ""E3"": 8}",6.0,6.0,6.0,5.6667,True,True,2.0,1.0,5.0,2.0
ksxd_L1,4c97fd7e4d08fff06fdf0d451a897bfb,L1,Kỹ sư xây dựng,Nhân Viên Kỹ Sư Hiện Trường,Kỹ sư xây dựng,E1,"{""E1"": 8}",6.5,6.5,6.0,6.3333,True,True,1.0,1.0,1.0,1.0
ksxd_L1,e2f3680e9fcad0f4df59ff7bd8c2ca46,L1,Kỹ sư xây dựng,Kỹ Sư Thiết Kế Kết Cấu,Kỹ sư xây dựng,E2|E3,"{""E2"": 8, ""E3"": 10}",4.0,4.25,4.0,4.3333,False,False,1.0,1.0,2.0,2.0
ksxd_L1,763d0e15c75ff9a39ead5b21548c50f6,L1,Kỹ sư xây dựng,Cán Bộ TVGS Hạ Tầng - Dự Án Vân Phong,Kỹ sư xây dựng,E3,"{""E3"": 9}",3.0,3.0,3.0,3.0,False,False,2.0,2.0,1.0,1.0
ksxd_L1,415d83cc55131d16fee43bbd96796f71,L1,Kỹ sư xây dựng,Chuyên Viên Kỹ Thuật Xây Dựng,Kỹ sư xây dựng,E2,"{""E2"": 10}",2.5,2.5,2.0,2.3333,False,False,1.0,1.0,1.0,1.0
ksxd_L1,f8e1500c69139e3b128ed5d934a22177,L1,Kỹ sư xây dựng,Kỹ Sư Thiết Kế Hạ Tầng Giao Thông (Lương 15 - 25 Triệu),Kỹ sư xây dựng,E1,"{""E1"": 10}",4.5,4.5,4.0,4.3333,False,False,1.0,1.0,4.0,4.0
ksxd_L1b,39997cfca637ea9e7a5112f29d482bd5,L1b,Kỹ sư xây dựng,"Kỹ Sư HVAC - Làm Việc Tại Hà Đông, Hà Nội",Kỹ sư xây dựng,E1|E2t|E3t,"{""E1"": 1, ""E2t"": 2, ""E3t"": 2}",5.5,5.0,5.0,4.6667,True,True,3.0,3.0,2.0,2.0
ksxd_L1b,c073efc5ec9c7f006494b1ceaf14aad0,L1b,Kỹ sư xây dựng,Trưởng Nhóm Hạ Tầng Kỹ Thuật,Kỹ sư xây dựng,E2|E3|E2t|E3t,"{""E2"": 3, ""E3"": 1, ""E2t"": 1, ""E3t"": 1}",3.5,3.25,3.0,3.0,False,False,2.0,2.0,1.0,0.0
ksxd_L1b,e2f3680e9fcad0f4df59ff7bd8c2ca46,L1b,Kỹ sư xây dựng,Kỹ Sư Thiết Kế Kết Cấu,Kỹ sư xây dựng,E2|E3|E2t,"{""E2"": 1, ""E3"": 5, ""E2t"": 7}",5.0,5.25,5.0,5.3333,True,True,1.0,1.0,0.0,0.0
ksxd_L1b,763d0e15c75ff9a39ead5b21548c50f6,L1b,Kỹ sư xây dựng,Cán Bộ TVGS Hạ Tầng - Dự Án Vân Phong,Kỹ sư xây dựng,E1|E2|E3|E2t|E3t,"{""E1"": 8, ""E2"": 2, ""E3"": 2, ""E2t"": 9, ""E3t"": 8}",4.5,4.25,4.0,4.0,False,False,2.0,2.0,1.0,0.0
ksxd_L1b,e4bb04d7856fa8ff26a070c28ba58bea,L1b,Kỹ sư xây dựng,Kỹ Sư Xây Dựng / Kỹ Sư Hiện Trường Làm Việc Đồng Nai,Kỹ sư xây dựng,E1|E2t|E3t,"{""E1"": 2, ""E2t"": 3, ""E3t"": 4}",7.5,7.5,8.0,7.6667,True,True,3.0,3.0,3.0,2.0
ksxd_L1b,1089141e7e76e1668c0a70ed10ac9093,L1b,Kỹ sư xây dựng,Kỹ Sư Thiết Kế,Kỹ sư xây dựng,E2|E3|E2t|E3t,"{""E2"": 7, ""E3"": 6, ""E2t"": 8, ""E3t"": 3}",5.0,5.0,5.0,5.0,True,True,2.0,2.0,1.0,1.0
ksxd_L1b,43a34052b9b4728f37ff87d297bf9c38,L1b,Kỹ sư xây dựng,Cộng Tác Viên Thiết Kế Kỹ Sư Kết Cấu,Kỹ sư xây dựng,E2|E3|E3t,"{""E2"": 6, ""E3"": 3, ""E3t"": 10}",5.5,5.25,6.0,5.3333,True,True,2.0,2.0,1.0,1.0
ksxd_L1b,bcaf90a663cc8de40ddbdf36a809f598,L1b,Kỹ sư xây dựng,Cán Bộ Kỹ Thuật Hiện Trường Cơ Điện - Làm Việc Tại Nha Trang,Kỹ sư xây dựng,E1|E2t|E3t,"{""E1"": 3, ""E2t"": 6, ""E3t"": 6}",6.5,6.0,6.0,5.6667,True,True,3.0,3.0,1.0,0.0
ksxd_L1b,4c97fd7e4d08fff06fdf0d451a897bfb,L1b,Kỹ sư xây dựng,Nhân Viên Kỹ Sư Hiện Trường,Kỹ sư xây dựng,E1|E2t|E3t,"{""E1"": 4, ""E2t"": 10, ""E3t"": 9}",6.0,6.0,6.0,5.6667,True,True,2.0,1.0,1.0,1.0
ksxd_L1b,5533fc4e0d7e5a03755d2c37ae815523,L1b,Kỹ sư xây dựng,Trưởng Nhóm Cấp Thoát Nước,Kỹ sư xây dựng,E2|E3|E2t|E3t,"{""E2"": 9, ""E3"": 9, ""E2t"": 4, ""E3t"": 5}",3.0,3.25,2.0,2.6667,False,False,3.0,2.0,1.0,0.0
ksxd_L1b,aa70c3baef1d6c45157a8b50df1b5697,L1b,Kỹ sư xây dựng,Kỹ Sư Cấp Thoát Nước- Thu Nhập 15-20 Triệu/ Tháng- Đi Làm Ngay,Kỹ sư xây dựng,E2|E3,"{""E2"": 4, ""E3"": 4}",6.0,5.5,5.0,5.0,True,True,4.0,4.0,2.0,1.0
ksxd_L1b,9d90af6d73a037d4f42227dec9db3ff3,L1b,Kỹ sư xây dựng,Nhân Viên Triển Khai Revit – Lương 15-22M+,Kỹ sư xây dựng,E2|E3|E2t|E3t,"{""E2"": 5, ""E3"": 7, ""E2t"": 5, ""E3t"": 7}",6.0,5.75,6.0,5.6667,True,True,3.0,3.0,2.0,2.0
ksxd_L1b,e4d69f664ef12c7b14d3ab3193a2d352,L1b,Kỹ sư xây dựng,Kỹ Sư Xây Dựng - Thu Nhập Hấp Dẫn Lên Đến 25 Triệu - Làm Việc Tại Thanh Hóa,Kỹ sư xây dựng,E1,"{""E1"": 5}",5.5,5.25,6.0,5.3333,True,True,2.0,2.0,2.0,1.0
ksxd_L1b,46ef74892703892f23b6a872febce20c,L1b,Kỹ sư xây dựng,Kỹ Sư Cơ Điện ( M&E ) - Thu Nhập Hấp Dẫn Lên Đến 30 Triệu - Làm Việc Tại Thanh Hóa,Kỹ sư xây dựng,E1,"{""E1"": 6}",3.0,3.0,4.0,3.3333,False,False,2.0,2.0,3.0,1.0
ksxd_L1b,926fe60e28635e719cee9f0a82613871,L1b,Kỹ sư xây dựng,Chỉ Huy Trưởng Công Trình Cơ Điện - Nước (MEP) - Làm Việc Tại Dự Án Phú Quốc | Lương 30 - 40 Triệu/Tháng,Kỹ sư xây dựng,E1,"{""E1"": 7}",4.5,4.25,6.0,4.6667,False,True,4.0,4.0,2.0,1.0
ksxd_L1b,2f54a7253850bccdcb7184ffc7ba18a9,L1b,Kỹ sư xây dựng,Chuyên Viên Kiểm Soát Thiết Kế Giao Thông Hạ Tầng,Kỹ sư xây dựng,E1|E3,"{""E1"": 10, ""E3"": 8}",2.5,2.5,2.0,2.3333,False,False,1.0,1.0,1.0,1.0
ksxd_L1b,40a5284ed7812d4b55aca582b55c2b41,L1b,Kỹ sư xây dựng,Kỹ Sư Xây Dựng / BIM Engineer ( BIM/REVIT - Chuyên FAMILY ) - Thu Nhập Upto 35 Triệu,Kỹ sư xây dựng,E2,"{""E2"": 8}",5.5,5.5,5.0,5.0,True,True,3.0,2.0,3.0,3.0
ksxd_L1b,f8e1500c69139e3b128ed5d934a22177,L1b,Kỹ sư xây dựng,Kỹ Sư Thiết Kế Hạ Tầng Giao Thông (Lương 15 - 25 Triệu),Kỹ sư xây dựng,E1,"{""E1"": 9}",5.5,5.0,6.0,5.0,True,True,3.0,3.0,3.0,1.0
ksxd_L1b,0a3ef8b4641725ded6e15712b60ad143,L1b,Kỹ sư xây dựng,Quản Lý MEP (03 Bộ Môn) – Từ 08 Năm Kinh Nghiệm,Kỹ sư xây dựng,E2|E3,"{""E2"": 10, ""E3"": 10}",3.0,3.25,2.0,2.6667,False,False,3.0,2.0,2.0,1.0
ksxd_L2,39997cfca637ea9e7a5112f29d482bd5,L2,Kỹ sư xây dựng,"Kỹ Sư HVAC - Làm Việc Tại Hà Đông, Hà Nội",Kỹ sư xây dựng,E1|E2|E2t|E3t,"{""E1"": 1, ""E2"": 9, ""E2t"": 2, ""E3t"": 1}",5.5,5.0,5.0,4.6667,True,True,3.0,3.0,3.0,2.0
ksxd_L2,e2f3680e9fcad0f4df59ff7bd8c2ca46,L2,Kỹ sư xây dựng,Kỹ Sư Thiết Kế Kết Cấu,Kỹ sư xây dựng,E2|E3|E2t|E3t,"{""E2"": 1, ""E3"": 1, ""E2t"": 1, ""E3t"": 5}",5.5,5.5,6.0,5.6667,True,True,1.0,1.0,0.0,0.0
ksxd_L2,43a34052b9b4728f37ff87d297bf9c38,L2,Kỹ sư xây dựng,Cộng Tác Viên Thiết Kế Kỹ Sư Kết Cấu,Kỹ sư xây dựng,E2|E3|E3t,"{""E2"": 4, ""E3"": 2, ""E3t"": 9}",5.5,5.25,6.0,5.6667,True,True,2.0,1.0,1.0,0.0
ksxd_L2,763d0e15c75ff9a39ead5b21548c50f6,L2,Kỹ sư xây dựng,Cán Bộ TVGS Hạ Tầng - Dự Án Vân Phong,Kỹ sư xây dựng,E1|E2|E3|E2t,"{""E1"": 9, ""E2"": 2, ""E3"": 3, ""E2t"": 7}",4.5,4.5,4.0,4.3333,False,False,1.0,1.0,1.0,1.0
ksxd_L2,c073efc5ec9c7f006494b1ceaf14aad0,L2,Kỹ sư xây dựng,Trưởng Nhóm Hạ Tầng Kỹ Thuật,Kỹ sư xây dựng,E2|E3|E2t|E3t,"{""E2"": 5, ""E3"": 4, ""E2t"": 3, ""E3t"": 2}",2.5,2.75,2.0,2.6667,False,False,2.0,2.0,1.0,1.0
ksxd_L2,e4bb04d7856fa8ff26a070c28ba58bea,L2,Kỹ sư xây dựng,Kỹ Sư Xây Dựng / Kỹ Sư Hiện Trường Làm Việc Đồng Nai,Kỹ sư xây dựng,E1|E2t|E3t,"{""E1"": 2, ""E2t"": 4, ""E3t"": 3}",8.0,8.0,8.0,8.0,True,True,2.0,2.0,3.0,1.0
ksxd_L2,9d90af6d73a037d4f42227dec9db3ff3,L2,Kỹ sư xây dựng,Nhân Viên Triển Khai Revit – Lương 15-22M+,Kỹ sư xây dựng,E2|E3|E2t|E3t,"{""E2"": 3, ""E3"": 5, ""E2t"": 5, ""E3t"": 10}",6.5,6.25,6.0,6.0,True,True,2.0,2.0,2.0,1.0
ksxd_L2,bcaf90a663cc8de40ddbdf36a809f598,L2,Kỹ sư xây dựng,Cán Bộ Kỹ Thuật Hiện Trường Cơ Điện - Làm Việc Tại Nha Trang,Kỹ sư xây dựng,E1|E2t|E3t,"{""E1"": 3, ""E2t"": 6, ""E3t"": 6}",5.5,5.5,5.0,5.0,True,True,3.0,2.0,3.0,2.0
ksxd_L2,1089141e7e76e1668c0a70ed10ac9093,L2,Kỹ sư xây dựng,Kỹ Sư Thiết Kế,Kỹ sư xây dựng,E2|E3|E2t|E3t,"{""E2"": 7, ""E3"": 6, ""E2t"": 8, ""E3t"": 4}",5.5,5.25,6.0,5.3333,True,True,2.0,2.0,2.0,2.0
ksxd_L2,e4d69f664ef12c7b14d3ab3193a2d352,L2,Kỹ sư xây dựng,Kỹ Sư Xây Dựng - Thu Nhập Hấp Dẫn Lên Đến 25 Triệu - Làm Việc Tại Thanh Hóa,Kỹ sư xây dựng,E1|E2t|E3t,"{""E1"": 4, ""E2t"": 9, ""E3t"": 8}",5.5,5.75,6.0,6.0,True,True,2.0,2.0,2.0,1.0
ksxd_L2,46ef74892703892f23b6a872febce20c,L2,Kỹ sư xây dựng,Kỹ Sư Cơ Điện ( M&E ) - Thu Nhập Hấp Dẫn Lên Đến 30 Triệu - Làm Việc Tại Thanh Hóa,Kỹ sư xây dựng,E1|E2t,"{""E1"": 5, ""E2t"": 10}",3.0,3.0,3.0,3.0,False,False,2.0,2.0,1.0,1.0
ksxd_L2,415d83cc55131d16fee43bbd96796f71,L2,Kỹ sư xây dựng,Chuyên Viên Kỹ Thuật Xây Dựng,Kỹ sư xây dựng,E2|E3,"{""E2"": 6, ""E3"": 8}",4.0,4.0,4.0,4.3333,False,False,2.0,1.0,1.0,1.0
ksxd_L2,926fe60e28635e719cee9f0a82613871,L2,Kỹ sư xây dựng,Chỉ Huy Trưởng Công Trình Cơ Điện - Nước (MEP) - Làm Việc Tại Dự Án Phú Quốc | Lương 30 - 40 Triệu/Tháng,Kỹ sư xây dựng,E1,"{""E1"": 6}",5.0,4.5,6.0,4.6667,True,True,4.0,4.0,2.0,0.0
ksxd_L2,2f54a7253850bccdcb7184ffc7ba18a9,L2,Kỹ sư xây dựng,Chuyên Viên Kiểm Soát Thiết Kế Giao Thông Hạ Tầng,Kỹ sư xây dựng,E3,"{""E3"": 7}",2.0,2.25,2.0,2.0,False,False,1.0,0.0,1.0,1.0
ksxd_L2,4c97fd7e4d08fff06fdf0d451a897bfb,L2,Kỹ sư xây dựng,Nhân Viên Kỹ Sư Hiện Trường,Kỹ sư xây dựng,E1,"{""E1"": 7}",7.5,7.25,7.0,7.0,True,True,2.0,2.0,2.0,1.0
ksxd_L2,5533fc4e0d7e5a03755d2c37ae815523,L2,Kỹ sư xây dựng,Trưởng Nhóm Cấp Thoát Nước,Kỹ sư xây dựng,E3t,"{""E3t"": 7}",3.5,3.25,3.0,3.0,False,False,2.0,2.0,0.0,0.0
ksxd_L2,aa70c3baef1d6c45157a8b50df1b5697,L2,Kỹ sư xây dựng,Kỹ Sư Cấp Thoát Nước- Thu Nhập 15-20 Triệu/ Tháng- Đi Làm Ngay,Kỹ sư xây dựng,E2|E3,"{""E2"": 8, ""E3"": 9}",6.0,6.0,5.0,5.6667,True,True,2.0,2.0,3.0,3.0
ksxd_L2,f8e1500c69139e3b128ed5d934a22177,L2,Kỹ sư xây dựng,Kỹ Sư Thiết Kế Hạ Tầng Giao Thông (Lương 15 - 25 Triệu),Kỹ sư xây dựng,E1,"{""E1"": 8}",5.5,5.25,6.0,5.3333,True,True,2.0,2.0,3.0,2.0
ksxd_L2,42d6c7ea57e3222070ed382724903238,L2,Kỹ sư xây dựng,Trưởng Nhóm Kỹ Sư Điện Tự Động Hoá,Kỹ sư xây dựng,E2|E3,"{""E2"": 10, ""E3"": 10}",2.5,2.5,2.0,2.0,False,False,3.0,2.0,1.0,1.0
ksxd_L2,9ced8f135f8cb6b717698418fc1d35f2,L2,Kỹ sư xây dựng,Kỹ Sư Xây Dựng QS/Trợ Lý Kiểm Toán Đầu Từ Xây Dựng Cơ Bản,Kỹ sư xây dựng,E1,"{""E1"": 10}",6.0,6.0,6.0,5.6667,True,True,2.0,1.0,2.0,2.0
ksxd_L2b,39997cfca637ea9e7a5112f29d482bd5,L2b,Kỹ sư xây dựng,"Kỹ Sư HVAC - Làm Việc Tại Hà Đông, Hà Nội",Kỹ sư xây dựng,E1|E2|E2t|E3t,"{""E1"": 1, ""E2"": 6, ""E2t"": 1, ""E3t"": 1}",6.0,5.75,6.0,5.6667,True,True,3.0,3.0,2.0,2.0
ksxd_L2b,e2f3680e9fcad0f4df59ff7bd8c2ca46,L2b,Kỹ sư xây dựng,Kỹ Sư Thiết Kế Kết Cấu,Kỹ sư xây dựng,E2|E3|E2t|E3t,"{""E2"": 1, ""E3"": 1, ""E2t"": 2, ""E3t"": 3}",6.5,6.5,6.0,6.3333,True,True,1.0,1.0,1.0,1.0
ksxd_L2b,43a34052b9b4728f37ff87d297bf9c38,L2b,Kỹ sư xây dựng,Cộng Tác Viên Thiết Kế Kỹ Sư Kết Cấu,Kỹ sư xây dựng,E1|E2|E3|E3t,"{""E1"": 10, ""E2"": 3, ""E3"": 2, ""E3t"": 6}",7.0,7.0,7.0,7.0,True,True,0.0,0.0,0.0,0.0
ksxd_L2b,8e1501cf0f7ff141bbc4babaf439bfd2,L2b,Kỹ sư xây dựng,Kỹ Sư Thiết Kế Kết Cấu - _ 05 Năm Kinh Nghiệm _ Thu Nhập Up To 25M++ _ Đi Làm Ngay Tại TP.HCM (Bình Dương Cũ),Kỹ sư xây dựng,E2|E3|E2t,"{""E2"": 2, ""E3"": 5, ""E2t"": 7}",6.5,6.75,6.0,6.3333,True,True,2.0,1.0,3.0,0.0
ksxd_L2b,c073efc5ec9c7f006494b1ceaf14aad0,L2b,Kỹ sư xây dựng,Trưởng Nhóm Hạ Tầng Kỹ Thuật,Kỹ sư xây dựng,E3|E2t|E3t,"{""E3"": 9, ""E2t"": 8, ""E3t"": 2}",3.0,3.0,3.0,3.0,False,False,2.0,2.0,1.0,1.0
ksxd_L2b,e4bb04d7856fa8ff26a070c28ba58bea,L2b,Kỹ sư xây dựng,Kỹ Sư Xây Dựng / Kỹ Sư Hiện Trường Làm Việc Đồng Nai,Kỹ sư xây dựng,E1|E2t|E3t,"{""E1"": 2, ""E2t"": 4, ""E3t"": 4}",7.5,7.75,8.0,8.0,True,True,2.0,2.0,3.0,2.0
ksxd_L2b,42d6c7ea57e3222070ed382724903238,L2b,Kỹ sư xây dựng,Trưởng Nhóm Kỹ Sư Điện Tự Động Hoá,Kỹ sư xây dựng,E2|E3|E2t|E3t,"{""E2"": 4, ""E3"": 3, ""E2t"": 3, ""E3t"": 8}",3.0,2.75,2.0,2.3333,False,False,3.0,3.0,2.0,1.0
ksxd_L2b,bcaf90a663cc8de40ddbdf36a809f598,L2b,Kỹ sư xây dựng,Cán Bộ Kỹ Thuật Hiện Trường Cơ Điện - Làm Việc Tại Nha Trang,Kỹ sư xây dựng,E1|E2t|E3t,"{""E1"": 3, ""E2t"": 5, ""E3t"": 5}",5.5,5.25,5.0,4.6667,True,True,4.0,3.0,5.0,4.0
ksxd_L2b,763d0e15c75ff9a39ead5b21548c50f6,L2b,Kỹ sư xây dựng,Cán Bộ TVGS Hạ Tầng - Dự Án Vân Phong,Kỹ sư xây dựng,E1|E2|E3,"{""E1"": 8, ""E2"": 5, ""E3"": 4}",5.5,5.5,6.0,5.6667,True,True,1.0,1.0,2.0,2.0
ksxd_L2b,e4d69f664ef12c7b14d3ab3193a2d352,L2b,Kỹ sư xây dựng,Kỹ Sư Xây Dựng - Thu Nhập Hấp Dẫn Lên Đến 25 Triệu - Làm Việc Tại Thanh Hóa,Kỹ sư xây dựng,E1|E2t|E3t,"{""E1"": 4, ""E2t"": 9, ""E3t"": 9}",7.0,7.25,7.0,7.3333,True,True,1.0,1.0,1.0,1.0
ksxd_L2b,46ef74892703892f23b6a872febce20c,L2b,Kỹ sư xây dựng,Kỹ Sư Cơ Điện ( M&E ) - Thu Nhập Hấp Dẫn Lên Đến 30 Triệu - Làm Việc Tại Thanh Hóa,Kỹ sư xây dựng,E1|E3t,"{""E1"": 5, ""E3t"": 10}",3.0,3.5,3.0,3.6667,False,False,4.0,4.0,2.0,2.0
ksxd_L2b,415d83cc55131d16fee43bbd96796f71,L2b,Kỹ sư xây dựng,Chuyên Viên Kỹ Thuật Xây Dựng,Kỹ sư xây dựng,E2|E3,"{""E2"": 7, ""E3"": 6}",6.0,6.0,6.0,6.3333,True,True,2.0,1.0,1.0,0.0
ksxd_L2b,664e43ac0b4e9dfb84c6abe3c62392c3,L2b,Kỹ sư xây dựng,Kỹ Sư Kết Cấu,Kỹ sư xây dựng,E2t,"{""E2t"": 6}",6.0,6.25,6.0,6.0,True,True,1.0,0.0,2.0,1.0
ksxd_L2b,926fe60e28635e719cee9f0a82613871,L2b,Kỹ sư xây dựng,Chỉ Huy Trưởng Công Trình Cơ Điện - Nước (MEP) - Làm Việc Tại Dự Án Phú Quốc | Lương 30 - 40 Triệu/Tháng,Kỹ sư xây dựng,E1,"{""E1"": 6}",4.5,4.5,3.0,3.6667,False,False,5.0,4.0,5.0,3.0
ksxd_L2b,0a43c931966ea2efec8b7b5ee077bd13,L2b,Kỹ sư xây dựng,Phó Phòng Cơ Điện,Kỹ sư xây dựng,E3,"{""E3"": 7}",4.5,4.25,4.0,4.0,False,False,4.0,4.0,1.0,1.0
ksxd_L2b,5533fc4e0d7e5a03755d2c37ae815523,L2b,Kỹ sư xây dựng,Trưởng Nhóm Cấp Thoát Nước,Kỹ sư xây dựng,E3t,"{""E3t"": 7}",2.5,3.25,2.0,2.3333,False,False,4.0,1.0,2.0,1.0
ksxd_L2b,f8e1500c69139e3b128ed5d934a22177,L2b,Kỹ sư xây dựng,Kỹ Sư Thiết Kế Hạ Tầng Giao Thông (Lương 15 - 25 Triệu),Kỹ sư xây dựng,E1,"{""E1"": 7}",7.5,6.75,7.0,6.3333,True,True,4.0,4.0,3.0,2.0
ksxd_L2b,e378b05336e27625d618758c700f8cd2,L2b,Kỹ sư xây dựng,"Kỹ Sư Shopdrawing Điện, Điện Nhẹ (Chế Độ Thu Nhập Cạnh Tranh)",Kỹ sư xây dựng,E2|E3,"{""E2"": 8, ""E3"": 8}",6.5,5.75,6.0,5.3333,True,True,4.0,4.0,2.0,1.0
ksxd_L2b,5092603749de110b0c4b5c9006663909,L2b,Kỹ sư xây dựng,Kỹ Sư MEP (Chuyên Viên Cao Cấp),Kỹ sư xây dựng,E2|E2t,"{""E2"": 9, ""E2t"": 10}",4.0,3.5,4.0,3.3333,False,False,2.0,2.0,1.0,0.0
ksxd_L2b,9ced8f135f8cb6b717698418fc1d35f2,L2b,Kỹ sư xây dựng,Kỹ Sư Xây Dựng QS/Trợ Lý Kiểm Toán Đầu Từ Xây Dựng Cơ Bản,Kỹ sư xây dựng,E1,"{""E1"": 9}",6.5,6.25,6.0,6.0,True,True,2.0,2.0,2.0,2.0
ksxd_L2b,77a56882f6abd3a893e81822690701b3,L2b,Kỹ sư xây dựng,"Nhân Viên Kỹ Thuật Shopdrawing (Điện, Cơ Điện)",Kỹ sư xây dựng,E2,"{""E2"": 10}",5.0,5.0,4.0,4.3333,True,False,4.0,3.0,3.0,3.0
ksxd_L2b,aa70c3baef1d6c45157a8b50df1b5697,L2b,Kỹ sư xây dựng,Kỹ Sư Cấp Thoát Nước- Thu Nhập 15-20 Triệu/ Tháng- Đi Làm Ngay,Kỹ sư xây dựng,E3,"{""E3"": 10}",5.0,5.0,4.0,4.3333,True,False,4.0,3.0,6.0,4.0
ksxd_L3,43a34052b9b4728f37ff87d297bf9c38,L3,Kỹ sư xây dựng,Cộng Tác Viên Thiết Kế Kỹ Sư Kết Cấu,Kỹ sư xây dựng,E1|E2|E3|E2t|E3t,"{""E1"": 7, ""E2"": 2, ""E3"": 1, ""E2t"": 7, ""E3t"": 6}",8.0,8.0,8.0,8.0,True,True,0.0,0.0,2.0,2.0
ksxd_L3,bcaf90a663cc8de40ddbdf36a809f598,L3,Kỹ sư xây dựng,Cán Bộ Kỹ Thuật Hiện Trường Cơ Điện - Làm Việc Tại Nha Trang,Kỹ sư xây dựng,E1|E2t|E3t,"{""E1"": 1, ""E2t"": 2, ""E3t"": 1}",5.0,5.0,5.0,5.0,True,True,4.0,4.0,5.0,3.0
ksxd_L3,e2f3680e9fcad0f4df59ff7bd8c2ca46,L3,Kỹ sư xây dựng,Kỹ Sư Thiết Kế Kết Cấu,Kỹ sư xây dựng,E1|E2|E3|E2t|E3t,"{""E1"": 10, ""E2"": 1, ""E3"": 2, ""E2t"": 1, ""E3t"": 5}",8.0,7.75,8.0,7.6667,True,True,1.0,1.0,1.0,1.0
ksxd_L3,39997cfca637ea9e7a5112f29d482bd5,L3,Kỹ sư xây dựng,"Kỹ Sư HVAC - Làm Việc Tại Hà Đông, Hà Nội",Kỹ sư xây dựng,E1|E2t|E3t,"{""E1"": 2, ""E2t"": 3, ""E3t"": 4}",4.5,4.5,4.0,4.0,False,False,3.0,2.0,2.0,2.0
ksxd_L3,c073efc5ec9c7f006494b1ceaf14aad0,L3,Kỹ sư xây dựng,Trưởng Nhóm Hạ Tầng Kỹ Thuật,Kỹ sư xây dựng,E2|E3|E2t|E3t,"{""E2"": 4, ""E3"": 3, ""E2t"": 5, ""E3t"": 2}",4.0,3.5,4.0,3.3333,False,False,2.0,2.0,2.0,1.0
ksxd_L3,1089141e7e76e1668c0a70ed10ac9093,L3,Kỹ sư xây dựng,Kỹ Sư Thiết Kế,Kỹ sư xây dựng,E2|E3|E2t|E3t,"{""E2"": 5, ""E3"": 4, ""E2t"": 4, ""E3t"": 3}",5.0,4.75,5.0,4.6667,True,True,3.0,3.0,4.0,4.0
ksxd_L3,763d0e15c75ff9a39ead5b21548c50f6,L3,Kỹ sư xây dựng,Cán Bộ TVGS Hạ Tầng - Dự Án Vân Phong,Kỹ sư xây dựng,E1|E2|E3|E2t,"{""E1"": 8, ""E2"": 3, ""E3"": 7, ""E2t"": 10}",6.0,5.75,6.0,5.6667,True,True,1.0,1.0,1.0,1.0
ksxd_L3,e4bb04d7856fa8ff26a070c28ba58bea,L3,Kỹ sư xây dựng,Kỹ Sư Xây Dựng / Kỹ Sư Hiện Trường Làm Việc Đồng Nai,Kỹ sư xây dựng,E1|E2t|E3t,"{""E1"": 3, ""E2t"": 6, ""E3t"": 8}",7.5,7.75,8.0,8.0,True,True,2.0,2.0,3.0,3.0
ksxd_L3,e4d69f664ef12c7b14d3ab3193a2d352,L3,Kỹ sư xây dựng,Kỹ Sư Xây Dựng - Thu Nhập Hấp Dẫn Lên Đến 25 Triệu - Làm Việc Tại Thanh Hóa,Kỹ sư xây dựng,E1|E2t|E3t,"{""E1"": 4, ""E2t"": 9, ""E3t"": 9}",8.0,8.0,8.0,8.0,True,True,2.0,2.0,2.0,1.0
ksxd_L3,46ef74892703892f23b6a872febce20c,L3,Kỹ sư xây dựng,Kỹ Sư Cơ Điện ( M&E ) - Thu Nhập Hấp Dẫn Lên Đến 30 Triệu - Làm Việc Tại Thanh Hóa,Kỹ sư xây dựng,E1,"{""E1"": 5}",3.0,3.5,4.0,4.0,False,False,4.0,4.0,5.0,3.0
ksxd_L3,9d90af6d73a037d4f42227dec9db3ff3,L3,Kỹ sư xây dựng,Nhân Viên Triển Khai Revit – Lương 15-22M+,Kỹ sư xây dựng,E2|E3|E2t|E3t,"{""E2"": 6, ""E3"": 5, ""E2t"": 8, ""E3t"": 10}",8.0,7.75,8.0,7.6667,True,True,3.0,3.0,2.0,1.0
ksxd_L3,415d83cc55131d16fee43bbd96796f71,L3,Kỹ sư xây dựng,Chuyên Viên Kỹ Thuật Xây Dựng,Kỹ sư xây dựng,E3,"{""E3"": 6}",6.5,6.5,7.0,6.6667,True,True,1.0,1.0,2.0,2.0
ksxd_L3,f8e1500c69139e3b128ed5d934a22177,L3,Kỹ sư xây dựng,Kỹ Sư Thiết Kế Hạ Tầng Giao Thông (Lương 15 - 25 Triệu),Kỹ sư xây dựng,E1,"{""E1"": 6}",7.0,6.5,7.0,6.0,True,True,4.0,3.0,1.0,0.0
ksxd_L3,89f48dc6f0e87d43c9e9f5f0f5315755,L3,Kỹ sư xây dựng,Quản Lý Thiết Kế Kết Cấu,Kỹ sư xây dựng,E2|E3|E3t,"{""E2"": 10, ""E3"": 9, ""E3t"": 7}",6.0,5.5,6.0,5.3333,True,True,2.0,2.0,1.0,1.0
ksxd_L3,8e1501cf0f7ff141bbc4babaf439bfd2,L3,Kỹ sư xây dựng,Kỹ Sư Thiết Kế Kết Cấu - _ 05 Năm Kinh Nghiệm _ Thu Nhập Up To 25M++ _ Đi Làm Ngay Tại TP.HCM (Bình Dương Cũ),Kỹ sư xây dựng,E2|E3,"{""E2"": 7, ""E3"": 10}",7.5,7.5,7.0,7.3333,True,True,1.0,1.0,3.0,2.0
ksxd_L3,1037fb0c318a1ec7b905dffa02a860b2,L3,Kỹ sư xây dựng,Triển Khai Bản Vẽ Cơ Điện,Kỹ sư xây dựng,E2,"{""E2"": 8}",5.0,4.75,4.0,4.3333,True,False,5.0,5.0,3.0,3.0
ksxd_L3,2f54a7253850bccdcb7184ffc7ba18a9,L3,Kỹ sư xây dựng,Chuyên Viên Kiểm Soát Thiết Kế Giao Thông Hạ Tầng,Kỹ sư xây dựng,E3,"{""E3"": 8}",3.5,4.0,3.0,4.0,False,False,3.0,3.0,3.0,3.0
ksxd_L3,5092603749de110b0c4b5c9006663909,L3,Kỹ sư xây dựng,Kỹ Sư MEP (Chuyên Viên Cao Cấp),Kỹ sư xây dựng,E2,"{""E2"": 9}",5.0,4.75,5.0,4.6667,True,True,3.0,3.0,1.0,1.0
ksxd_L3,9ced8f135f8cb6b717698418fc1d35f2,L3,Kỹ sư xây dựng,Kỹ Sư Xây Dựng QS/Trợ Lý Kiểm Toán Đầu Từ Xây Dựng Cơ Bản,Kỹ sư xây dựng,E1,"{""E1"": 9}",6.0,6.0,5.0,5.6667,True,True,2.0,2.0,4.0,4.0
ksxd_L3b,1089141e7e76e1668c0a70ed10ac9093,L3b,Kỹ sư xây dựng,Kỹ Sư Thiết Kế,Kỹ sư xây dựng,E2|E3|E2t|E3t,"{""E2"": 2, ""E3"": 1, ""E2t"": 1, ""E3t"": 2}",5.5,5.25,6.0,5.3333,True,True,2.0,2.0,7.0,2.0
ksxd_L3b,2f54a7253850bccdcb7184ffc7ba18a9,L3b,Kỹ sư xây dựng,Chuyên Viên Kiểm Soát Thiết Kế Giao Thông Hạ Tầng,Kỹ sư xây dựng,E1|E3|E2t|E3t,"{""E1"": 1, ""E3"": 9, ""E2t"": 2, ""E3t"": 1}",5.0,5.0,5.0,5.0,True,True,2.0,2.0,2.0,2.0
ksxd_L3b,e2f3680e9fcad0f4df59ff7bd8c2ca46,L3b,Kỹ sư xây dựng,Kỹ Sư Thiết Kế Kết Cấu,Kỹ sư xây dựng,E2|E3|E2t|E3t,"{""E2"": 1, ""E3"": 3, ""E2t"": 3, ""E3t"": 8}",9.0,8.75,9.0,8.6667,True,True,1.0,1.0,1.0,1.0
ksxd_L3b,c073efc5ec9c7f006494b1ceaf14aad0,L3b,Kỹ sư xây dựng,Trưởng Nhóm Hạ Tầng Kỹ Thuật,Kỹ sư xây dựng,E2|E3|E2t|E3t,"{""E2"": 4, ""E3"": 2, ""E2t"": 5, ""E3t"": 4}",4.0,3.5,4.0,3.3333,False,False,2.0,2.0,3.0,3.0
ksxd_L3b,f6e933bceaf940ca9588e4f4a7509419,L3b,Kỹ sư xây dựng,Nhân Viên Kỹ Thuật Điện Mặt Trời,Kỹ sư xây dựng,E1|E2|E3|E2t|E3t,"{""E1"": 2, ""E2"": 8, ""E3"": 7, ""E2t"": 4, ""E3t"": 3}",4.0,4.5,4.0,3.6667,False,False,4.0,1.0,6.0,0.0
ksxd_L3b,763d0e15c75ff9a39ead5b21548c50f6,L3b,Kỹ sư xây dựng,Cán Bộ TVGS Hạ Tầng - Dự Án Vân Phong,Kỹ sư xây dựng,E1|E2|E3|E2t,"{""E1"": 9, ""E2"": 3, ""E3"": 8, ""E2t"": 9}",7.0,6.5,7.0,6.3333,True,True,2.0,2.0,3.0,3.0
ksxd_L3b,fce327ec25bda6514ea3e791dbdf3ea5,L3b,Kỹ sư xây dựng,Kỹ Sư Quản Lý Dự Án Năng Lượng Mặt Trời,Kỹ sư xây dựng,E1|E2|E3|E2t|E3t,"{""E1"": 3, ""E2"": 10, ""E3"": 6, ""E2t"": 6, ""E3t"": 5}",7.0,6.75,7.0,6.6667,True,True,3.0,3.0,0.0,0.0
ksxd_L3b,43a34052b9b4728f37ff87d297bf9c38,L3b,Kỹ sư xây dựng,Cộng Tác Viên Thiết Kế Kỹ Sư Kết Cấu,Kỹ sư xây dựng,E1|E2|E3,"{""E1"": 10, ""E2"": 5, ""E3"": 4}",9.0,9.0,9.0,9.0,True,True,0.0,0.0,1.0,1.0
ksxd_L3b,675aec479d62c74b57b645d202cbd392,L3b,Kỹ sư xây dựng,Kỹ Sư Dự Án MEP (HVAC – Điện - Cấp Thoát Nước) - Thu Nhập Hấp Dẫn - Đi Làm Ngay - Hà Nội,Kỹ sư xây dựng,E1|E2|E3|E2t|E3t,"{""E1"": 4, ""E2"": 6, ""E3"": 10, ""E2t"": 7, ""E3t"": 7}",5.5,5.5,5.0,5.0,True,True,3.0,2.0,5.0,3.0
ksxd_L3b,415d83cc55131d16fee43bbd96796f71,L3b,Kỹ sư xây dựng,Chuyên Viên Kỹ Thuật Xây Dựng,Kỹ sư xây dựng,E1|E3,"{""E1"": 8, ""E3"": 5}",6.5,6.75,6.0,6.6667,True,True,2.0,2.0,3.0,3.0
ksxd_L3b,bcaf90a663cc8de40ddbdf36a809f598,L3b,Kỹ sư xây dựng,Cán Bộ Kỹ Thuật Hiện Trường Cơ Điện - Làm Việc Tại Nha Trang,Kỹ sư xây dựng,E1|E2t,"{""E1"": 5, ""E2t"": 10}",5.0,4.75,5.0,4.3333,True,True,3.0,2.0,6.0,1.0
ksxd_L3b,5533fc4e0d7e5a03755d2c37ae815523,L3b,Kỹ sư xây dựng,Trưởng Nhóm Cấp Thoát Nước,Kỹ sư xây dựng,E3t,"{""E3t"": 6}",5.0,5.0,4.0,4.3333,True,False,4.0,3.0,6.0,4.0
ksxd_L3b,e4bb04d7856fa8ff26a070c28ba58bea,L3b,Kỹ sư xây dựng,Kỹ Sư Xây Dựng / Kỹ Sư Hiện Trường Làm Việc Đồng Nai,Kỹ sư xây dựng,E1,"{""E1"": 6}",8.0,7.75,8.0,7.6667,True,True,1.0,1.0,5.0,2.0
ksxd_L3b,5092603749de110b0c4b5c9006663909,L3b,Kỹ sư xây dựng,Kỹ Sư MEP (Chuyên Viên Cao Cấp),Kỹ sư xây dựng,E2|E2t,"{""E2"": 7, ""E2t"": 8}",5.0,5.0,4.0,4.6667,True,False,4.0,4.0,5.0,3.0
ksxd_L3b,f8e1500c69139e3b128ed5d934a22177,L3b,Kỹ sư xây dựng,Kỹ Sư Thiết Kế Hạ Tầng Giao Thông (Lương 15 - 25 Triệu),Kỹ sư xây dựng,E1,"{""E1"": 7}",6.5,6.25,6.0,6.0,True,True,2.0,2.0,2.0,2.0
ksxd_L3b,42d6c7ea57e3222070ed382724903238,L3b,Kỹ sư xây dựng,Trưởng Nhóm Kỹ Sư Điện Tự Động Hoá,Kỹ sư xây dựng,E3t,"{""E3t"": 9}",4.5,4.5,4.0,3.6667,False,False,5.0,3.0,3.0,3.0
ksxd_L3b,9d90af6d73a037d4f42227dec9db3ff3,L3b,Kỹ sư xây dựng,Nhân Viên Triển Khai Revit – Lương 15-22M+,Kỹ sư xây dựng,E2,"{""E2"": 9}",8.0,7.75,8.0,7.6667,True,True,3.0,3.0,2.0,1.0
ksxd_L3b,89f48dc6f0e87d43c9e9f5f0f5315755,L3b,Kỹ sư xây dựng,Quản Lý Thiết Kế Kết Cấu,Kỹ sư xây dựng,E3t,"{""E3t"": 10}",7.0,7.0,7.0,7.0,True,True,2.0,2.0,3.0,3.0
ksxd_L4,43a34052b9b4728f37ff87d297bf9c38,L4,Kỹ sư xây dựng,Cộng Tác Viên Thiết Kế Kỹ Sư Kết Cấu,Kỹ sư xây dựng,E1|E2|E3|E2t|E3t,"{""E1"": 4, ""E2"": 2, ""E3"": 1, ""E2t"": 5, ""E3t"": 5}",9.0,8.75,9.0,8.6667,True,True,1.0,1.0,2.0,1.0
ksxd_L4,e2f3680e9fcad0f4df59ff7bd8c2ca46,L4,Kỹ sư xây dựng,Kỹ Sư Thiết Kế Kết Cấu,Kỹ sư xây dựng,E1|E2|E3|E2t|E3t,"{""E1"": 6, ""E2"": 1, ""E3"": 2, ""E2t"": 1, ""E3t"": 6}",8.0,8.25,8.0,8.3333,True,True,1.0,1.0,2.0,1.0
ksxd_L4,f8e1500c69139e3b128ed5d934a22177,L4,Kỹ sư xây dựng,Kỹ Sư Thiết Kế Hạ Tầng Giao Thông (Lương 15 - 25 Triệu),Kỹ sư xây dựng,E1|E2t|E3t,"{""E1"": 1, ""E2t"": 2, ""E3t"": 1}",6.5,6.0,6.0,5.6667,True,True,3.0,3.0,3.0,3.0
ksxd_L4,415d83cc55131d16fee43bbd96796f71,L4,Kỹ sư xây dựng,Chuyên Viên Kỹ Thuật Xây Dựng,Kỹ sư xây dựng,E1|E2|E3|E2t|E3t,"{""E1"": 2, ""E2"": 5, ""E3"": 3, ""E2t"": 3, ""E3t"": 3}",8.0,7.75,8.0,7.6667,True,True,1.0,1.0,1.0,1.0
ksxd_L4,c073efc5ec9c7f006494b1ceaf14aad0,L4,Kỹ sư xây dựng,Trưởng Nhóm Hạ Tầng Kỹ Thuật,Kỹ sư xây dựng,E2|E3|E2t|E3t,"{""E2"": 4, ""E3"": 4, ""E2t"": 4, ""E3t"": 2}",4.5,4.25,4.0,4.0,False,False,2.0,2.0,2.0,2.0
ksxd_L4,2f54a7253850bccdcb7184ffc7ba18a9,L4,Kỹ sư xây dựng,Chuyên Viên Kiểm Soát Thiết Kế Giao Thông Hạ Tầng,Kỹ sư xây dựng,E1|E3|E2t|E3t,"{""E1"": 3, ""E3"": 5, ""E2t"": 8, ""E3t"": 7}",6.0,5.5,6.0,5.3333,True,True,2.0,2.0,3.0,3.0
ksxd_L4,763d0e15c75ff9a39ead5b21548c50f6,L4,Kỹ sư xây dựng,Cán Bộ TVGS Hạ Tầng - Dự Án Vân Phong,Kỹ sư xây dựng,E1|E2|E3|E2t|E3t,"{""E1"": 5, ""E2"": 3, ""E3"": 7, ""E2t"": 6, ""E3t"": 9}",8.0,7.25,8.0,7.0,True,True,3.0,3.0,1.0,1.0
ksxd_L4,1089141e7e76e1668c0a70ed10ac9093,L4,Kỹ sư xây dựng,Kỹ Sư Thiết Kế,Kỹ sư xây dựng,E2|E3|E2t|E3t,"{""E2"": 8, ""E3"": 8, ""E2t"": 7, ""E3t"": 4}",4.0,4.25,3.0,3.3333,False,False,5.0,3.0,7.0,3.0
ksxd_L4,0a3ef8b4641725ded6e15712b60ad143,L4,Kỹ sư xây dựng,Quản Lý MEP (03 Bộ Môn) – Từ 08 Năm Kinh Nghiệm,Kỹ sư xây dựng,E2|E3,"{""E2"": 6, ""E3"": 6}",6.0,5.75,5.0,5.3333,True,True,5.0,5.0,6.0,6.0
ksxd_L4,5092603749de110b0c4b5c9006663909,L4,Kỹ sư xây dựng,Kỹ Sư MEP (Chuyên Viên Cao Cấp),Kỹ sư xây dựng,E2|E3,"{""E2"": 7, ""E3"": 10}",6.0,6.0,5.0,5.6667,True,True,4.0,4.0,2.0,2.0
ksxd_L4,9ced8f135f8cb6b717698418fc1d35f2,L4,Kỹ sư xây dựng,Kỹ Sư Xây Dựng QS/Trợ Lý Kiểm Toán Đầu Từ Xây Dựng Cơ Bản,Kỹ sư xây dựng,E1,"{""E1"": 7}",6.5,6.5,6.0,6.3333,True,True,3.0,3.0,6.0,6.0
ksxd_L4,38ffa814d0c42d05f17a59c2b4b72679,L4,Kỹ sư xây dựng,Kỹ Sư Kết Cấu Công Trình Dân Dụng & Công Nghiệp – Lương 20 - 25 Triệu | HCM,Kỹ sư xây dựng,E1,"{""E1"": 8}",8.0,8.25,8.0,8.3333,True,True,1.0,1.0,2.0,1.0
ksxd_L4,89f48dc6f0e87d43c9e9f5f0f5315755,L4,Kỹ sư xây dựng,Quản Lý Thiết Kế Kết Cấu,Kỹ sư xây dựng,E2|E3|E2t|E3t,"{""E2"": 9, ""E3"": 9, ""E2t"": 9, ""E3t"": 8}",7.5,7.5,8.0,7.6667,True,True,1.0,1.0,2.0,2.0
ksxd_L4,78a4d6340ca8d164cd749e67c0fec410,L4,Kỹ sư xây dựng,Nhân Viên Kỹ Thuật Hiện Trường,Kỹ sư xây dựng,E1,"{""E1"": 9}",6.0,6.5,6.0,6.0,True,True,2.0,0.0,7.0,3.0
ksxd_L4,5533fc4e0d7e5a03755d2c37ae815523,L4,Kỹ sư xây dựng,Trưởng Nhóm Cấp Thoát Nước,Kỹ sư xây dựng,E3t,"{""E3t"": 10}",6.0,6.0,6.0,5.3333,True,True,4.0,2.0,4.0,3.0
ksxd_L4,9d90af6d73a037d4f42227dec9db3ff3,L4,Kỹ sư xây dựng,Nhân Viên Triển Khai Revit – Lương 15-22M+,Kỹ sư xây dựng,E2|E2t,"{""E2"": 10, ""E2t"": 10}",8.0,7.75,8.0,7.6667,True,True,1.0,1.0,3.0,2.0
ksxd_L4,b549db17be8b847b603df6ee09780bfa,L4,Kỹ sư xây dựng,Chỉ Huy Trưởng Công Trình,Kỹ sư xây dựng,E1,"{""E1"": 10}",8.0,7.75,8.0,7.6667,True,True,1.0,1.0,3.0,3.0
ksxd_L4b,1089141e7e76e1668c0a70ed10ac9093,L4b,Kỹ sư xây dựng,Kỹ Sư Thiết Kế,Kỹ sư xây dựng,E1|E2|E3|E2t|E3t,"{""E1"": 2, ""E2"": 1, ""E3"": 1, ""E2t"": 1, ""E3t"": 1}",4.0,4.5,4.0,4.6667,False,False,2.0,2.0,2.0,2.0
ksxd_L4b,fce327ec25bda6514ea3e791dbdf3ea5,L4b,Kỹ sư xây dựng,Kỹ Sư Quản Lý Dự Án Năng Lượng Mặt Trời,Kỹ sư xây dựng,E1|E2|E3|E2t|E3t,"{""E1"": 1, ""E2"": 8, ""E3"": 5, ""E2t"": 3, ""E3t"": 2}",7.0,6.75,7.0,6.6667,True,True,1.0,1.0,2.0,1.0
ksxd_L4b,43a34052b9b4728f37ff87d297bf9c38,L4b,Kỹ sư xây dựng,Cộng Tác Viên Thiết Kế Kỹ Sư Kết Cấu,Kỹ sư xây dựng,E1|E2|E3|E2t|E3t,"{""E1"": 6, ""E2"": 3, ""E3"": 2, ""E2t"": 4, ""E3t"": 4}",8.0,8.25,8.0,8.3333,True,True,1.0,1.0,2.0,2.0
ksxd_L4b,e2f3680e9fcad0f4df59ff7bd8c2ca46,L4b,Kỹ sư xây dựng,Kỹ Sư Thiết Kế Kết Cấu,Kỹ sư xây dựng,E1|E2|E3|E2t|E3t,"{""E1"": 9, ""E2"": 2, ""E3"": 4, ""E2t"": 2, ""E3t"": 8}",8.0,7.75,8.0,7.6667,True,True,1.0,1.0,1.0,1.0
ksxd_L4b,415d83cc55131d16fee43bbd96796f71,L4b,Kỹ sư xây dựng,Chuyên Viên Kỹ Thuật Xây Dựng,Kỹ sư xây dựng,E1|E2|E3|E2t|E3t,"{""E1"": 5, ""E2"": 7, ""E3"": 3, ""E2t"": 8, ""E3t"": 5}",8.0,8.0,8.0,8.0,True,True,2.0,2.0,2.0,1.0
ksxd_L4b,89f48dc6f0e87d43c9e9f5f0f5315755,L4b,Kỹ sư xây dựng,Quản Lý Thiết Kế Kết Cấu,Kỹ sư xây dựng,E2|E3|E2t|E3t,"{""E2"": 6, ""E3"": 7, ""E2t"": 5, ""E3t"": 3}",8.0,8.25,8.0,8.3333,True,True,1.0,1.0,1.0,1.0
ksxd_L4b,aa70c3baef1d6c45157a8b50df1b5697,L4b,Kỹ sư xây dựng,Kỹ Sư Cấp Thoát Nước- Thu Nhập 15-20 Triệu/ Tháng- Đi Làm Ngay,Kỹ sư xây dựng,E1|E2t|E3t,"{""E1"": 3, ""E2t"": 6, ""E3t"": 7}",4.5,4.75,4.0,4.0,False,False,4.0,2.0,4.0,1.0
ksxd_L4b,763d0e15c75ff9a39ead5b21548c50f6,L4b,Kỹ sư xây dựng,Cán Bộ TVGS Hạ Tầng - Dự Án Vân Phong,Kỹ sư xây dựng,E1|E2|E3|E2t,"{""E1"": 8, ""E2"": 4, ""E3"": 9, ""E2t"": 9}",7.0,6.75,6.0,6.3333,True,True,3.0,3.0,3.0,1.0
ksxd_L4b,f8e1500c69139e3b128ed5d934a22177,L4b,Kỹ sư xây dựng,Kỹ Sư Thiết Kế Hạ Tầng Giao Thông (Lương 15 - 25 Triệu),Kỹ sư xây dựng,E1|E2t|E3t,"{""E1"": 4, ""E2t"": 10, ""E3t"": 9}",6.5,6.5,6.0,6.3333,True,True,1.0,1.0,2.0,0.0
ksxd_L4b,c073efc5ec9c7f006494b1ceaf14aad0,L4b,Kỹ sư xây dựng,Trưởng Nhóm Hạ Tầng Kỹ Thuật,Kỹ sư xây dựng,E2|E3|E2t|E3t,"{""E2"": 5, ""E3"": 6, ""E2t"": 7, ""E3t"": 6}",4.0,4.0,4.0,4.0,False,False,2.0,2.0,6.0,6.0
ksxd_L4b,2f54a7253850bccdcb7184ffc7ba18a9,L4b,Kỹ sư xây dựng,Chuyên Viên Kiểm Soát Thiết Kế Giao Thông Hạ Tầng,Kỹ sư xây dựng,E1|E3|E3t,"{""E1"": 7, ""E3"": 8, ""E3t"": 10}",6.0,6.0,6.0,5.6667,True,True,2.0,1.0,2.0,2.0
ksxd_L4b,5092603749de110b0c4b5c9006663909,L4b,Kỹ sư xây dựng,Kỹ Sư MEP (Chuyên Viên Cao Cấp),Kỹ sư xây dựng,E2,"{""E2"": 9}",5.5,5.5,5.0,5.0,True,True,3.0,2.0,3.0,1.0
ksxd_L4b,0a3ef8b4641725ded6e15712b60ad143,L4b,Kỹ sư xây dựng,Quản Lý MEP (03 Bộ Môn) – Từ 08 Năm Kinh Nghiệm,Kỹ sư xây dựng,E2|E3,"{""E2"": 10, ""E3"": 10}",6.0,5.75,6.0,5.0,True,True,5.0,3.0,4.0,3.0
ksxd_L4b,9ced8f135f8cb6b717698418fc1d35f2,L4b,Kỹ sư xây dựng,Kỹ Sư Xây Dựng QS/Trợ Lý Kiểm Toán Đầu Từ Xây Dựng Cơ Bản,Kỹ sư xây dựng,E1,"{""E1"": 10}",6.5,6.5,6.0,6.3333,True,True,3.0,3.0,7.0,7.0
ksxd_P,3006e0f5298bde0c4e16a99ec0f96872,P,Kỹ sư xây dựng,Nhân Viên Chăm Sóc Khách Hàng - Telesales,Chăm sóc khách hàng,E2|E3,"{""E2"": 1, ""E3"": 1}",3.5,3.75,3.0,3.6667,False,False,2.0,2.0,2.0,2.0
ksxd_P,7222c009019dbf5438a77e38fdcb9770,P,Kỹ sư xây dựng,Nhân Viên Kinh Doanh/ Nhân Viên Tư Vấn Tuyển Sinh/ Tư Vấn Khóa Học IELTS (Không Yêu Cầu Kinh Nghiệm Giáo Dục) - Lương 12 - 25 Triệu/Tháng,Nhân viên kinh doanh,E1|E2|E3|E2t|E3t,"{""E1"": 1, ""E2"": 3, ""E3"": 4, ""E2t"": 1, ""E3t"": 1}",4.0,3.75,4.0,4.0,False,False,1.0,0.0,5.0,5.0
ksxd_P,0d65cefc0b4acd8aacf298fbf1bee9cf,P,Kỹ sư xây dựng,Trưởng Nhóm Telesale,Telesales,E2|E3,"{""E2"": 2, ""E3"": 3}",2.0,2.5,2.0,2.6667,False,False,2.0,2.0,2.0,2.0
ksxd_P,1a195299f1181714d407b7262ac482ff,P,Kỹ sư xây dựng,Business Development Team Lead/Sales Supervisor,IT,E3|E3t,"{""E3"": 5, ""E3t"": 2}",2.0,2.0,2.0,2.0,False,False,0.0,0.0,2.0,2.0
ksxd_P,2f2d246ec5640655101bd2edb92cfe27,P,Kỹ sư xây dựng,Nhân Viên Sales Admin,Nhân viên kinh doanh,E2|E2t,"{""E2"": 4, ""E2t"": 2}",4.5,4.75,4.0,4.6667,False,False,2.0,2.0,4.0,2.0
ksxd_P,6b9b3b313c3dbf64c2ac7be65ff8905c,P,Kỹ sư xây dựng,Learning & Development Specialist,Giáo dục,E3,"{""E3"": 2}",2.0,2.5,2.0,2.6667,False,False,2.0,2.0,1.0,1.0
ksxd_P,fadbf9fddd686b0aba832143a92a3355,P,Kỹ sư xây dựng,Nhân Viên Chăm Sóc Khách Hàng,Chăm sóc khách hàng,E1|E2|E3|E2t|E3t,"{""E1"": 2, ""E2"": 5, ""E3"": 6, ""E2t"": 3, ""E3t"": 3}",4.0,4.25,3.0,4.0,False,False,3.0,3.0,3.0,3.0
ksxd_P,a9ff50156c5c68869371e1ede3adf900,P,Kỹ sư xây dựng,Chuyên Viên Vật Lý (Lương 30 Triệu ++),Giáo dục,E1|E2|E3|E2t|E3t,"{""E1"": 3, ""E2"": 7, ""E3"": 8, ""E2t"": 5, ""E3t"": 5}",1.5,1.75,2.0,2.0,False,False,2.0,2.0,2.0,1.0
ksxd_P,393569e29b4b58bc0f81851017ed3cd8,P,Kỹ sư xây dựng,"CHUYÊN VIÊN TƯ VẤN TÀI CHÍNH -SHINHAN BANK ( Pico Plaza, Phường Bảy Hiền)",Ngân hàng,E1|E2|E3|E2t|E3t,"{""E1"": 4, ""E2"": 9, ""E3"": 10, ""E2t"": 7, ""E3t"": 7}",5.0,4.5,5.0,4.3333,True,True,2.0,2.0,6.0,6.0
ksxd_P,f3c96fc0a3bb10e40c64d3b7fafc708a,P,Kỹ sư xây dựng,"Backend/Frontend Developer (ASP.Net Core,ReactJS)",IT,E3|E3t,"{""E3"": 7, ""E3t"": 4}",1.5,2.0,2.0,2.3333,False,False,3.0,3.0,2.0,2.0
ksxd_P,f86ea28fc8d31339288eaf3c5fff8780,P,Kỹ sư xây dựng,Chuyên Viên QUAN HỆ KHÁCH HÀNG CÁ NHÂN (THU NHẬP TỐT_ ĐÀO TẠO CÓ LƯƠNG),Ngân hàng,E2|E2t,"{""E2"": 6, ""E2t"": 4}",4.5,4.5,4.0,4.3333,False,False,3.0,3.0,2.0,2.0
ksxd_P,26afafd7fc47e96b8cf47c4b8a24037f,P,Kỹ sư xây dựng,CAD/CAM Engineer / Kỹ Sư Lập Trình - Làm Việc Tại VSIP 1,IT,E1|E2t|E3t,"{""E1"": 5, ""E2t"": 9, ""E3t"": 9}",2.0,2.0,2.0,2.0,False,False,2.0,2.0,1.0,1.0
ksxd_P,94a6b71a0ae7e1e55b653c217511b8f8,P,Kỹ sư xây dựng,"Trưởng Nhóm Tư Vấn Định Cư, Đầu Tư (Ưu Tiên Châu Âu)",Giáo dục,E2|E2t,"{""E2"": 8, ""E2t"": 6}",3.0,3.25,3.0,3.3333,False,False,3.0,3.0,3.0,2.0
ksxd_P,b75c29ff985ee7ce4fa03cc2424b37c7,P,Kỹ sư xây dựng,Trưởng Nhóm Phát Triển Kinh Doanh- SPX Express (Hà Nội),Telesales,E3|E3t,"{""E3"": 9, ""E3t"": 6}",4.0,3.75,3.0,3.3333,False,False,3.0,3.0,2.0,2.0
ksxd_P,ea7858a5c8cfc985ed9fc2b72ae40703,P,Kỹ sư xây dựng,Thợ Làm Bánh (Baker & Cake),Lao động phổ thông,E1,"{""E1"": 6}",1.5,1.5,2.0,1.6667,False,False,1.0,1.0,2.0,2.0
ksxd_P,2f811ff6726ac65110fb8ac299bd71b0,P,Kỹ sư xây dựng,Bếp Phó Bếp Bánh,Lao động phổ thông,E1,"{""E1"": 7}",1.0,1.25,1.0,1.3333,False,False,1.0,1.0,3.0,2.0
ksxd_P,66bd50e40809fd957181478e6fd22221,P,Kỹ sư xây dựng,Senior Graphic Designer Có Kinh Nghiệm Trong Nha Khoa Thẩm Mỹ,Thiết kế đồ họa,E1,"{""E1"": 8}",1.5,2.0,2.0,2.3333,False,False,3.0,3.0,4.0,1.0
ksxd_P,91ff03c6506f69d4d824039f1d1c2e9f,P,Kỹ sư xây dựng,Web Frontend Team Leader,IT,E3t,"{""E3t"": 8}",2.0,1.75,2.0,1.6667,False,False,1.0,1.0,4.0,2.0
ksxd_P,a150d85738fbdc3f02a5822e0d2f4f6e,P,Kỹ sư xây dựng,Nhân Viên Nhân Sự (Quản Lý Cán Bộ),Hành chính nhân sự,E2|E2t,"{""E2"": 10, ""E2t"": 8}",4.0,4.0,4.0,4.0,False,False,0.0,0.0,2.0,2.0
ksxd_P,e76ada5d03fa01100bb3a268629a60b7,P,Kỹ sư xây dựng,Nhân Viên Content Marketing Tại Hà Nội - Thu Nhập Lên Tới 15 Triệu/ Tháng,Marketing,E1,"{""E1"": 9}",4.0,4.0,3.0,3.6667,False,False,4.0,4.0,3.0,2.0
ksxd_P,16d8161ff97b3be21fd81f958d148a93,P,Kỹ sư xây dựng,Kế Toán Tổng Hợp / Kế Toán Viên- Không Cần Làm Báo Cáo Tài Chính,Ngân hàng,E2t,"{""E2t"": 10}",2.5,2.75,2.0,2.6667,False,False,2.0,2.0,1.0,1.0
ksxd_P,21e374ac9c4191dfb45bdc896cc76ac5,P,Kỹ sư xây dựng,Nhân Viên Chăm Sóc Khách Hàng| Telesales,Chăm sóc khách hàng,E3t,"{""E3t"": 10}",4.0,3.75,3.0,3.3333,False,False,3.0,3.0,1.0,1.0
ksxd_P,76f26e098fb16858010f06695f52de4b,P,Kỹ sư xây dựng,Kế Toán Trưởng Làm Việc Tại Bình Dương,Kế toán,E1,"{""E1"": 10}",1.5,1.5,2.0,1.6667,False,False,1.0,1.0,3.0,1.0
ksxd_P2,6b9b3b313c3dbf64c2ac7be65ff8905c,P2,Kỹ sư xây dựng,Learning & Development Specialist,Giáo dục,E2|E3,"{""E2"": 1, ""E3"": 1}",3.0,3.25,3.0,3.3333,False,False,3.0,3.0,1.0,1.0
ksxd_P2,7222c009019dbf5438a77e38fdcb9770,P2,Kỹ sư xây dựng,Nhân Viên Kinh Doanh/ Nhân Viên Tư Vấn Tuyển Sinh/ Tư Vấn Khóa Học IELTS (Không Yêu Cầu Kinh Nghiệm Giáo Dục) - Lương 12 - 25 Triệu/Tháng,Nhân viên kinh doanh,E1|E2|E3|E2t|E3t,"{""E1"": 1, ""E2"": 4, ""E3"": 2, ""E2t"": 1, ""E3t"": 1}",4.5,4.5,5.0,4.6667,False,True,1.0,1.0,5.0,5.0
ksxd_P2,16d8161ff97b3be21fd81f958d148a93,P2,Kỹ sư xây dựng,Kế Toán Tổng Hợp / Kế Toán Viên- Không Cần Làm Báo Cáo Tài Chính,Ngân hàng,E2|E2t,"{""E2"": 5, ""E2t"": 2}",2.5,2.75,2.0,2.6667,False,False,2.0,2.0,0.0,0.0
ksxd_P2,6572f5aed5d6331a76898e2c9341a476,P2,Kỹ sư xây dựng,Thực Tập Sinh Vận Hành Robot Và Kiểm Soát Chất Lượng Data,IT,E3|E3t,"{""E3"": 3, ""E3t"": 2}",4.0,4.25,4.0,4.3333,False,False,3.0,3.0,1.0,1.0
ksxd_P2,e3c72cd8a4dcc59153af98be78734bda,P2,Kỹ sư xây dựng,Nhân Viên Hành Chính (Admin) - Lương Up To 15 Triệu (Làm Việc Tại TP.HCM),Hành chính nhân sự,E2,"{""E2"": 2}",5.0,5.25,5.0,5.3333,True,True,1.0,1.0,3.0,1.0
ksxd_P2,fadbf9fddd686b0aba832143a92a3355,P2,Kỹ sư xây dựng,Nhân Viên Chăm Sóc Khách Hàng,Chăm sóc khách hàng,E1|E2|E3|E2t|E3t,"{""E1"": 2, ""E2"": 6, ""E3"": 4, ""E2t"": 3, ""E3t"": 3}",5.0,4.75,5.0,4.6667,True,True,3.0,3.0,3.0,3.0
ksxd_P2,0d65cefc0b4acd8aacf298fbf1bee9cf,P2,Kỹ sư xây dựng,Trưởng Nhóm Telesale,Telesales,E2,"{""E2"": 3}",2.0,2.25,2.0,2.3333,False,False,1.0,1.0,2.0,2.0
ksxd_P2,a9ff50156c5c68869371e1ede3adf900,P2,Kỹ sư xây dựng,Chuyên Viên Vật Lý (Lương 30 Triệu ++),Giáo dục,E1|E2|E3|E2t|E3t,"{""E1"": 3, ""E2"": 8, ""E3"": 6, ""E2t"": 5, ""E3t"": 5}",2.0,2.0,2.0,2.0,False,False,2.0,2.0,2.0,1.0
ksxd_P2,393569e29b4b58bc0f81851017ed3cd8,P2,Kỹ sư xây dựng,"CHUYÊN VIÊN TƯ VẤN TÀI CHÍNH -SHINHAN BANK ( Pico Plaza, Phường Bảy Hiền)",Ngân hàng,E1|E2|E3|E2t|E3t,"{""E1"": 4, ""E2"": 10, ""E3"": 8, ""E2t"": 7, ""E3t"": 7}",5.0,5.0,5.0,5.0,True,True,2.0,2.0,6.0,6.0
ksxd_P2,613fd65415eda01837f3b2294a899242,P2,Kỹ sư xây dựng,Kế Toán Nhập Liệu _ Không Yêu Cầu Kinh Nghiệm,Kế toán,E3|E2t|E3t,"{""E3"": 5, ""E2t"": 8, ""E3t"": 4}",5.5,5.5,6.0,6.3333,True,True,5.0,3.0,2.0,2.0
ksxd_P2,a150d85738fbdc3f02a5822e0d2f4f6e,P2,Kỹ sư xây dựng,Nhân Viên Nhân Sự (Quản Lý Cán Bộ),Hành chính nhân sự,E2|E2t,"{""E2"": 7, ""E2t"": 4}",3.5,3.75,3.0,3.6667,False,False,2.0,2.0,3.0,2.0
ksxd_P2,26afafd7fc47e96b8cf47c4b8a24037f,P2,Kỹ sư xây dựng,CAD/CAM Engineer / Kỹ Sư Lập Trình - Làm Việc Tại VSIP 1,IT,E1|E3|E2t|E3t,"{""E1"": 5, ""E3"": 10, ""E2t"": 9, ""E3t"": 9}",2.0,1.75,2.0,1.6667,False,False,1.0,1.0,1.0,1.0
ksxd_P2,02c4bdaf39ab21cdf6a72936cb31b802,P2,Kỹ sư xây dựng,"Giám Sát Công Trình Thi Công Hiện Trường (Không Yêu Cầu Kinh Nghiệm, Được Đào Tạo) - Thu Nhập 14 Triệu - 16 Triệu",Giáo dục,E1,"{""E1"": 6}",3.5,3.75,3.0,3.6667,False,False,4.0,4.0,3.0,2.0
ksxd_P2,403c0fcc6385a30b7c71339d1791cc24,P2,Kỹ sư xây dựng,Nhân Viên Hướng Nghiệp Và Đại Học,Giáo dục,E2|E2t,"{""E2"": 9, ""E2t"": 6}",3.5,3.75,3.0,3.6667,False,False,2.0,2.0,5.0,2.0
ksxd_P2,6fac573d96428d42ae0025ed2644c3ad,P2,Kỹ sư xây dựng,Thực Tập Sinh Nhân Sự (HR Intern),Hành chính nhân sự,E3|E3t,"{""E3"": 7, ""E3t"": 6}",4.5,4.5,5.0,5.0,False,True,3.0,2.0,2.0,2.0
ksxd_P2,ea7858a5c8cfc985ed9fc2b72ae40703,P2,Kỹ sư xây dựng,Thợ Làm Bánh (Baker & Cake),Lao động phổ thông,E1,"{""E1"": 7}",2.0,2.25,2.0,2.3333,False,False,1.0,1.0,2.0,2.0
ksxd_P2,2f811ff6726ac65110fb8ac299bd71b0,P2,Kỹ sư xây dựng,Bếp Phó Bếp Bánh,Lao động phổ thông,E1,"{""E1"": 8}",1.0,1.0,1.0,1.0,False,False,0.0,0.0,3.0,2.0
ksxd_P2,b177e6ea995d45835a248c54124fa95b,P2,Kỹ sư xây dựng,Trợ Lý Kinh Doanh (Thành Thạo Tiếng Trung),Hành chính nhân sự,E3|E3t,"{""E3"": 9, ""E3t"": 8}",4.5,4.25,4.0,4.0,False,False,2.0,2.0,2.0,2.0
ksxd_P2,66bd50e40809fd957181478e6fd22221,P2,Kỹ sư xây dựng,Senior Graphic Designer Có Kinh Nghiệm Trong Nha Khoa Thẩm Mỹ,Thiết kế đồ họa,E1,"{""E1"": 9}",1.5,1.5,2.0,1.6667,False,False,1.0,1.0,4.0,4.0
ksxd_P2,64b1e71dea663d996c04cab49eb142c6,P2,Kỹ sư xây dựng,Nhân Viên Nhân Sự Tổng Hợp,Hành chính nhân sự,E2t,"{""E2t"": 10}",4.5,4.25,4.0,4.0,False,False,2.0,2.0,5.0,2.0
ksxd_P2,e2262dc2791e22c94f5fa2caceb43e2b,P2,Kỹ sư xây dựng,Thực Tập Sinh Marketing,Marketing,E3t,"{""E3t"": 10}",4.5,4.75,5.0,5.0,False,True,2.0,2.0,2.0,2.0
ksxd_P2,e76ada5d03fa01100bb3a268629a60b7,P2,Kỹ sư xây dựng,Nhân Viên Content Marketing Tại Hà Nội - Thu Nhập Lên Tới 15 Triệu/ Tháng,Marketing,E1,"{""E1"": 10}",4.0,4.0,3.0,3.6667,False,False,2.0,2.0,3.0,3.0
kt_L1,e4ced356a8f6a5474d1f787f03fd5461,L1,Kế toán,Nhân Viên Kế Toán,Kế toán,E1|E2|E3|E2t|E3t,"{""E1"": 1, ""E2"": 1, ""E3"": 1, ""E2t"": 1, ""E3t"": 1}",7.5,7.75,8.0,8.0,True,True,2.0,2.0,0.0,0.0
kt_L1,9565e2278b6769e662dd88a89d4e6b38,L1,Kế toán,Kế Toán Tổng Hợp - Đi Làm Ngay - 3 Năm Kinh Nghiệm - Thu Nhập Hấp Dẫn - Hà Nội,Kế toán,E1|E2|E3|E2t|E3t,"{""E1"": 9, ""E2"": 2, ""E3"": 6, ""E2t"": 2, ""E3t"": 10}",4.5,5.0,4.0,4.3333,False,False,3.0,1.0,3.0,2.0
kt_L1,c4235b21388c35dcf3d28de7bdbd9d67,L1,Kế toán,Thực Tập Sinh Kế Toán - Accounting Intern,Kế toán,E1|E2|E3|E2t|E3t,"{""E1"": 2, ""E2"": 8, ""E3"": 2, ""E2t"": 3, ""E3t"": 2}",7.0,6.75,7.0,6.6667,True,True,3.0,3.0,0.0,0.0
kt_L1,4d149a490f071239196326920589a138,L1,Kế toán,Trợ Lý Kế Toán,Kế toán,E1|E2|E3|E2t|E3t,"{""E1"": 3, ""E2"": 5, ""E3"": 3, ""E2t"": 5, ""E3t"": 3}",8.0,8.0,8.0,8.3333,True,True,2.0,1.0,0.0,0.0
kt_L1,89fdc0be8c6fe5c2ae3c292facf2cf33,L1,Kế toán,"Nhân Viên Kế Toán Tổng Hợp Kiêm Thuế, 5 Năm Kinh Nghiệm, Đi Làm Ngay",Kế toán,E1|E2|E3|E2t|E3t,"{""E1"": 4, ""E2"": 3, ""E3"": 7, ""E2t"": 4, ""E3t"": 6}",3.0,2.75,3.0,2.6667,False,False,1.0,1.0,1.0,1.0
kt_L1,229a755077aafdb5449522061aede04e,L1,Kế toán,Kế Toán Tổng Hợp - Ưu Tiên Đi Làm Ngay,Kế toán,E2|E3|E2t|E3t,"{""E2"": 9, ""E3"": 5, ""E2t"": 8, ""E3t"": 4}",4.0,3.75,4.0,4.0,False,False,1.0,0.0,1.0,1.0
kt_L1,daf332d7d0a52289ad800c4e2ac8016e,L1,Kế toán,Kế Toán Tổng Hợp,Kế toán,E2|E3|E2t|E3t,"{""E2"": 4, ""E3"": 4, ""E2t"": 6, ""E3t"": 8}",3.0,3.25,3.0,3.3333,False,False,3.0,3.0,1.0,1.0
kt_L1,2e7a40a65ecca4cde82ae4d42a7f930a,L1,Kế toán,Kế Toán Thời Vụ 3 Tháng (Không Yêu Cầu Kinh Nghiệm),Kế toán,E1|E2t|E3t,"{""E1"": 5, ""E2t"": 9, ""E3t"": 9}",8.0,8.0,8.0,8.0,True,True,2.0,2.0,0.0,0.0
kt_L1,44d14801a6ea2168b78f403132e0a0b6,L1,Kế toán,Kế Toán Tổng Hợp Doanh Nghiệp Nhỏ (Kinh Nghiệm Dịch Vụ Kế Toán),Kế toán,E3|E2t|E3t,"{""E3"": 9, ""E2t"": 7, ""E3t"": 5}",4.5,4.25,4.0,4.0,False,False,2.0,2.0,3.0,3.0
kt_L1,1ef3e26b434013b8b64bfae62d797c6b,L1,Kế toán,Kế Toán Tổng Hợp (Mạnh Về Thuế) - YC 3 Năm KN - Đi Làm Ngay,Kế toán,E1|E2|E3|E2t,"{""E1"": 8, ""E2"": 6, ""E3"": 10, ""E2t"": 10}",4.0,4.0,4.0,4.0,False,False,2.0,2.0,3.0,3.0
kt_L1,a9b1e6be8aee07c25fff9f2cbe437292,L1,Kế toán,"Kế Toán Tổng Hợp, 2 Năm Kinh Nghiệm, Thu Nhập 12 - 17 Triệu (Quận Hoàng Mai - Hà Nội)",Kế toán,E1,"{""E1"": 6}",4.5,4.5,4.0,4.3333,False,False,3.0,3.0,5.0,3.0
kt_L1,045a3561de4d798c59dd797663be3c79,L1,Kế toán,Kế Toán Tổng Hợp,Kế toán,E3|E3t,"{""E3"": 8, ""E3t"": 7}",2.5,2.5,3.0,2.6667,False,False,1.0,1.0,1.0,1.0
kt_L1,981add09883e6d94d99ef6fc3531c1cd,L1,Kế toán,Kế Toán Tổng Hợp - Lương Cứng 18-25 Triệu/Tháng + Thưởng,Kế toán,E1,"{""E1"": 7}",4.5,4.5,4.0,4.3333,False,False,1.0,1.0,3.0,2.0
kt_L1,deb4145fa33d6c46c8a9c43d85bf756b,L1,Kế toán,Chuyên Viên Kế Toán Tổng Hợp,Kế toán,E2,"{""E2"": 7}",3.5,3.25,4.0,3.3333,False,False,2.0,2.0,2.0,2.0
kt_L1,43dc110d954f69e0daa237191176053b,L1,Kế toán,Kế Toán Tổng Hợp - Thu Nhập Upto 20M - Cầu Giấy,Kế toán,E2,"{""E2"": 10}",4.5,5.0,4.0,5.0,False,False,3.0,3.0,3.0,3.0
kt_L1,f70f37c4e298490e325f17138d75bf0f,L1,Kế toán,Kế Toán Tổng Hợp - Sàn Thương Mại Điện Tử / Lương Cứng Từ 15-18M + Thưởng,Kế toán,E1,"{""E1"": 10}",4.0,4.0,4.0,4.0,False,False,2.0,2.0,2.0,2.0
kt_L1b,3a9c1ebe6c5a2625c531c27da7fada18,L1b,Kế toán,Kế Toán Tổng Hợp (Hiểu Về Thuế) Thu Nhập Lên Đến 18 Triệu,Kế toán,E1|E2|E3|E2t|E3t,"{""E1"": 4, ""E2"": 1, ""E3"": 3, ""E2t"": 4, ""E3t"": 7}",3.0,3.0,3.0,3.0,False,False,2.0,2.0,1.0,0.0
kt_L1b,803808a5ca12a91e9a7985bff344e252,L1b,Kế toán,Kế Toán Nội Bộ Fulltime - Thu Nhập Từ 9-12 Triệu - Đi Làm Ngay Tại Hà Nội,Kế toán,E1|E2t|E3t,"{""E1"": 1, ""E2t"": 1, ""E3t"": 1}",7.0,7.0,7.0,7.0,True,True,2.0,2.0,1.0,1.0
kt_L1b,e5d41c2ce87d9162c06ae3f58c3ffe76,L1b,Kế toán,Trưởng Nhóm Kế Toán Tài Sản,Kế toán,E1|E2|E3|E3t,"{""E1"": 9, ""E2"": 6, ""E3"": 1, ""E3t"": 10}",3.0,3.0,3.0,3.0,False,False,2.0,2.0,1.0,1.0
kt_L1b,613fd65415eda01837f3b2294a899242,L1b,Kế toán,Kế Toán Nhập Liệu _ Không Yêu Cầu Kinh Nghiệm,Kế toán,E3t,"{""E3t"": 2}",7.0,7.0,7.0,7.0,True,True,0.0,0.0,2.0,2.0
kt_L1b,7e7c3e50243f369804977d462434206c,L1b,Kế toán,"Trưởng Nhóm Kế Toán - Thuế / Lương Tối Thiếu 18 Triệu / Tại Phường Xuân Hòa, HCM (Quận 3 Cũ)",Kế toán,E1|E2|E3|E2t|E3t,"{""E1"": 5, ""E2"": 2, ""E3"": 4, ""E2t"": 5, ""E3t"": 9}",3.0,3.0,2.0,2.6667,False,False,2.0,2.0,1.0,1.0
kt_L1b,89fdc0be8c6fe5c2ae3c292facf2cf33,L1b,Kế toán,"Nhân Viên Kế Toán Tổng Hợp Kiêm Thuế, 5 Năm Kinh Nghiệm, Đi Làm Ngay",Kế toán,E1|E2|E3|E2t|E3t,"{""E1"": 2, ""E2"": 3, ""E3"": 10, ""E2t"": 3, ""E3t"": 3}",3.5,3.25,3.0,3.0,False,False,2.0,2.0,3.0,2.0
kt_L1b,c0adf6af387f0c93812d71c82966c596,L1b,Kế toán,"Chuyên Viên Kế Toán/Senior Accountant – Thu Nhập Cao, Phúc Lợi Tốt – Từ 2 Năm Kinh Nghiệm, Có Hỗ Trợ Cơm Trưa",Kế toán,E2|E3|E2t|E3t,"{""E2"": 8, ""E3"": 2, ""E2t"": 10, ""E3t"": 5}",5.0,4.75,5.0,4.6667,True,True,1.0,1.0,3.0,3.0
kt_L1b,daf332d7d0a52289ad800c4e2ac8016e,L1b,Kế toán,Kế Toán Tổng Hợp,Kế toán,E2|E2t|E3t,"{""E2"": 9, ""E2t"": 2, ""E3t"": 4}",4.0,4.0,4.0,4.0,False,False,4.0,4.0,1.0,1.0
kt_L1b,d8780677e587d539617542d30794040f,L1b,Kế toán,Nhân Viên Kế Toán Đi Làm Luôn Lương Từ 9-11 Triệu,Kế toán,E1|E2t|E3t,"{""E1"": 3, ""E2t"": 7, ""E3t"": 6}",6.5,6.5,6.0,6.3333,True,True,3.0,3.0,2.0,2.0
kt_L1b,cac12218d34b771d03e2955eac6603c0,L1b,Kế toán,Kế Toán Thuế - Thu Nhập Từ 12 -20 Triệu - Nhận Việc Ngay,Kế toán,E2|E2t,"{""E2"": 4, ""E2t"": 9}",4.5,4.5,5.0,4.6667,False,True,3.0,3.0,1.0,1.0
kt_L1b,113152c00fcee016f3f0ea27e112dbf8,L1b,Kế toán,Thực Tập Sinh/Học Việc Kế Toán Dịch Vụ - Có Lương Cứng - Lộ Trình Lên Chính Thức,Kế toán,E3|E3t,"{""E3"": 5, ""E3t"": 8}",6.0,5.5,6.0,5.3333,True,True,2.0,2.0,1.0,1.0
kt_L1b,7058a8aea49357aef5bc43dfcf65f84a,L1b,Kế toán,Kế Toán Tổng Hợp (Cấp Độ Trưởng Nhóm),Kế toán,E2|E3,"{""E2"": 5, ""E3"": 9}",4.0,3.75,4.0,3.6667,False,False,3.0,3.0,1.0,1.0
kt_L1b,76f26e098fb16858010f06695f52de4b,L1b,Kế toán,Kế Toán Trưởng Làm Việc Tại Bình Dương,Kế toán,E1,"{""E1"": 6}",2.5,2.5,2.0,2.3333,False,False,1.0,1.0,1.0,1.0
kt_L1b,90173ab6917028ded8435d34346e5132,L1b,Kế toán,Kế Toán Viên (Thu Nhập 15-20 Triệu/Tháng),Kế toán,E2t,"{""E2t"": 6}",5.0,5.0,5.0,5.0,True,True,2.0,2.0,6.0,4.0
kt_L1b,c4235b21388c35dcf3d28de7bdbd9d67,L1b,Kế toán,Thực Tập Sinh Kế Toán - Accounting Intern,Kế toán,E3,"{""E3"": 6}",6.0,6.0,5.0,5.6667,True,True,2.0,2.0,2.0,2.0
kt_L1b,3770951fce2138b19fec33a46a4f81de,L1b,Kế toán,Nhân Viên Kế Toán Doanh Thu,Kế toán,E2|E3,"{""E2"": 7, ""E3"": 7}",5.5,5.0,5.0,4.6667,True,True,3.0,3.0,1.0,1.0
kt_L1b,403baebf0266806072f11cf18c0d10cd,L1b,Kế toán,Kế Toán Trưởng - Làm Việc Tại Bình Dương (Cũ),Kế toán,E1,"{""E1"": 7}",2.5,2.5,2.0,2.3333,False,False,1.0,1.0,2.0,1.0
kt_L1b,18da4ba8fa3e43ab6d355867d6bdd0e1,L1b,Kế toán,Kế Toán Trưởng (Làm Việc Tại Dĩ An - Bình Dương),Kế toán,E1,"{""E1"": 8}",2.5,2.5,2.0,2.3333,False,False,1.0,1.0,1.0,1.0
kt_L1b,229a755077aafdb5449522061aede04e,L1b,Kế toán,Kế Toán Tổng Hợp - Ưu Tiên Đi Làm Ngay,Kế toán,E3,"{""E3"": 8}",4.0,3.75,4.0,3.6667,False,False,3.0,3.0,1.0,1.0
kt_L1b,5fea996e1bc29bc05455002686e8ac92,L1b,Kế toán,Kế Toán Trưởng,Kế toán,E2t,"{""E2t"": 8}",2.0,1.75,2.0,1.6667,False,False,1.0,1.0,1.0,1.0
kt_L1b,2e7a40a65ecca4cde82ae4d42a7f930a,L1b,Kế toán,Kế Toán Thời Vụ 3 Tháng (Không Yêu Cầu Kinh Nghiệm),Kế toán,E2,"{""E2"": 10}",7.0,6.75,7.0,6.6667,True,True,3.0,3.0,3.0,3.0
kt_L1b,d7f45977a37e3c4b10df596212239cb8,L1b,Kế toán,Kế Toán Đối Soát Doanh Thu TMĐT (E-Commerce Accountant) - Lương Upto 15 Triệu,Kế toán,E1,"{""E1"": 10}",5.0,4.75,4.0,4.3333,True,False,3.0,3.0,6.0,4.0
kt_L2,5ba4493424b0c61f5fc9d819f252ad96,L2,Kế toán,"Kế Toán Nội Bộ, Không Yêu Cầu Kinh Nghiệm, Nhận Việc Ngay",Kế toán,E1|E2|E3|E2t|E3t,"{""E1"": 3, ""E2"": 1, ""E3"": 1, ""E2t"": 1, ""E3t"": 1}",8.0,8.0,8.0,8.0,True,True,2.0,2.0,1.0,1.0
kt_L2,803808a5ca12a91e9a7985bff344e252,L2,Kế toán,Kế Toán Nội Bộ Fulltime - Thu Nhập Từ 9-12 Triệu - Đi Làm Ngay Tại Hà Nội,Kế toán,E1|E2t|E3t,"{""E1"": 1, ""E2t"": 3, ""E3t"": 3}",8.0,8.25,8.0,8.3333,True,True,1.0,1.0,1.0,1.0
kt_L2,758a90dce17ac904caf536d9b19799b1,L2,Kế toán,Kế Toán Nội Bộ (Đi Làm Ngay) Thu Nhập Up To 20 Triệu,Kế toán,E1|E2|E3|E2t|E3t,"{""E1"": 2, ""E2"": 2, ""E3"": 2, ""E2t"": 2, ""E3t"": 4}",5.0,4.75,5.0,4.6667,True,True,1.0,1.0,1.0,1.0
kt_L2,a641a797d55af0377e010857d8d6d3a0,L2,Kế toán,Kế Toán Nội Bộ Mảng Logistic,Kế toán,E2|E3|E2t|E3t,"{""E2"": 6, ""E3"": 4, ""E2t"": 5, ""E3t"": 2}",7.0,7.0,7.0,7.0,True,True,0.0,0.0,1.0,1.0
kt_L2,20e6dc5eda3886a2b5ea0d6d7ee5fad5,L2,Kế toán,Kế Toán - YC 3 Năm KN - Thu Nhập 15 Triệu,Kế toán,E1|E2|E3|E2t|E3t,"{""E1"": 10, ""E2"": 4, ""E3"": 3, ""E2t"": 7, ""E3t"": 6}",6.0,6.0,6.0,5.6667,True,True,2.0,1.0,3.0,1.0
kt_L2,54ba93acd601c960da533ac5d2295c58,L2,Kế toán,Kế Toán Nội Bộ (Lương 8-12 Triệu),Kế toán,E1|E2|E3|E2t|E3t,"{""E1"": 4, ""E2"": 3, ""E3"": 6, ""E2t"": 4, ""E3t"": 7}",7.0,6.75,7.0,6.6667,True,True,3.0,3.0,2.0,2.0
kt_L2,2a38fc34ab01435bd128e8560144d8f5,L2,Kế toán,"Nhân Viên Kế Toán Nội Bộ Về TMĐT- Thu Nhập 12 Triệu/ Tháng, Tại Hà Nội",Kế toán,E1|E2|E2t|E3t,"{""E1"": 5, ""E2"": 9, ""E2t"": 9, ""E3t"": 8}",8.0,7.75,8.0,7.6667,True,True,1.0,1.0,1.0,1.0
kt_L2,42379e8209e18906454a6d35dbc7055e,L2,Kế toán,Kế Toán Nội Bộ + Lương 10-14 Triệu + Làm Việc Tân Bình (HCM),Kế toán,E1|E2|E3|E2t|E3t,"{""E1"": 6, ""E2"": 5, ""E3"": 9, ""E2t"": 8, ""E3t"": 10}",8.0,8.0,8.0,8.0,True,True,2.0,2.0,2.0,1.0
kt_L2,9cd15be974fe8e3af65a1da84d1492a9,L2,Kế toán,Giám Sát Kế Toán,Kế toán,E2|E3|E2t|E3t,"{""E2"": 7, ""E3"": 5, ""E2t"": 6, ""E3t"": 5}",4.0,4.25,4.0,4.3333,False,False,3.0,3.0,1.0,1.0
kt_L2,1add4c939b301ef00313df065aa61c63,L2,Kế toán,Kế Toán Nội Bộ - Lương Upto 12tr - Đi Làm Ngay - Hà Nội,Kế toán,E1,"{""E1"": 7}",8.0,7.75,8.0,7.6667,True,True,1.0,1.0,2.0,2.0
kt_L2,b3b11a9eae334700b922ae2e42797054,L2,Kế toán,Nhân Viên Kế Toán Nội Bộ - Hành Chính Từ 1 Năm Kinh Nghiệm,Kế toán,E2|E3|E2t,"{""E2"": 8, ""E3"": 7, ""E2t"": 10}",7.5,7.5,7.0,7.3333,True,True,1.0,1.0,2.0,2.0
kt_L2,8e3baeb4798fc77a6ef844ddcb92175a,L2,Kế toán,Kế Toán Nội Bộ (Ngành Sản Xuất) - Lương Từ 14 - 18 Triệu + Phụ Cấp,Kế toán,E1|E2,"{""E1"": 8, ""E2"": 10}",5.0,5.0,5.0,5.0,True,True,2.0,2.0,0.0,0.0
kt_L2,d0038e88a88ed7eef6499977fb7e3ba3,L2,Kế toán,Kế Toán Thuế (Biết Tiếng Trung),Kế toán,E3|E3t,"{""E3"": 8, ""E3t"": 9}",3.5,3.5,4.0,3.6667,False,False,1.0,1.0,2.0,2.0
kt_L2,cb84920134a2bd26c62570e05a14319d,L2,Kế toán,Kế Toán Nội Bộ - Từ 2 Năm Kinh Nghiệm |Lương 10 - 15 Triệu + Phụ Cấp |Tại Tây Mỗ - Nam Từ Liêm,Kế toán,E1,"{""E1"": 9}",7.5,7.25,7.0,7.0,True,True,2.0,2.0,3.0,3.0
kt_L2,e08be67ee9e28f53ef552aec01e84c2c,L2,Kế toán,Kế Toán Thuế,Kế toán,E3,"{""E3"": 10}",4.0,3.75,4.0,3.6667,False,False,1.0,1.0,1.0,1.0
kt_L2b,1ef3e26b434013b8b64bfae62d797c6b,L2b,Kế toán,Kế Toán Tổng Hợp (Mạnh Về Thuế) - YC 3 Năm KN - Đi Làm Ngay,Kế toán,E2|E3|E2t,"{""E2"": 1, ""E3"": 5, ""E2t"": 4}",8.0,7.5,8.0,7.3333,True,True,2.0,2.0,4.0,3.0
kt_L2b,b3bb8a6b242ac73a479d378dc4c61306,L2b,Kế toán,Kế Toán Thuế Tổng Hợp (Không Yêu Cầu Kinh Nghiệm) - Đi Làm Ngay,Kế toán,E1|E2|E2t|E3t,"{""E1"": 1, ""E2"": 9, ""E2t"": 1, ""E3t"": 1}",7.5,7.75,8.0,8.0,True,True,2.0,2.0,4.0,4.0
kt_L2b,e4ced356a8f6a5474d1f787f03fd5461,L2b,Kế toán,Nhân Viên Kế Toán,Kế toán,E1|E2|E3|E2t|E3t,"{""E1"": 7, ""E2"": 2, ""E3"": 1, ""E2t"": 9, ""E3t"": 5}",7.5,7.75,8.0,8.0,True,True,2.0,2.0,4.0,4.0
kt_L2b,045a3561de4d798c59dd797663be3c79,L2b,Kế toán,Kế Toán Tổng Hợp,Kế toán,E1|E2|E3|E2t|E3t,"{""E1"": 2, ""E2"": 5, ""E3"": 3, ""E2t"": 3, ""E3t"": 3}",5.5,5.75,6.0,6.0,True,True,2.0,2.0,2.0,2.0
kt_L2b,daf332d7d0a52289ad800c4e2ac8016e,L2b,Kế toán,Kế Toán Tổng Hợp,Kế toán,E2|E3|E2t|E3t,"{""E2"": 3, ""E3"": 2, ""E2t"": 2, ""E3t"": 2}",6.5,6.25,7.0,6.3333,True,True,2.0,2.0,1.0,1.0
kt_L2b,773d7caf03bbc84f8d936ec58f7e60fd,L2b,Kế toán,Kế Toán Tổng Hợp Chuyên Mảng Thuế - Thu Nhập Hấp Dẫn Lên Đến 18 Triệu - Đi Làm Ngay Tại Hồ Chí Minh (Mảng F&B),Kế toán,E1|E2t|E3t,"{""E1"": 3, ""E2t"": 5, ""E3t"": 6}",8.0,8.0,8.0,8.0,True,True,2.0,2.0,3.0,2.0
kt_L2b,9565e2278b6769e662dd88a89d4e6b38,L2b,Kế toán,Kế Toán Tổng Hợp - Đi Làm Ngay - 3 Năm Kinh Nghiệm - Thu Nhập Hấp Dẫn - Hà Nội,Kế toán,E2|E2t,"{""E2"": 4, ""E2t"": 8}",8.0,7.5,8.0,7.3333,True,True,2.0,2.0,3.0,3.0
kt_L2b,c4235b21388c35dcf3d28de7bdbd9d67,L2b,Kế toán,Thực Tập Sinh Kế Toán - Accounting Intern,Kế toán,E1|E3|E3t,"{""E1"": 8, ""E3"": 4, ""E3t"": 10}",8.0,7.25,8.0,7.0,True,True,3.0,3.0,6.0,6.0
kt_L2b,c5bb8b645664bd4a64a626ec7cf94c9d,L2b,Kế toán,Kế Toán Tổng Hợp (Định Hướng Kế Toán Trưởng) - Thu Nhập Hấp Dẫn / Tại Hoàng Liệt - HN,Kế toán,E1|E2|E2t|E3t,"{""E1"": 4, ""E2"": 8, ""E2t"": 7, ""E3t"": 8}",7.5,7.25,8.0,7.3333,True,True,2.0,2.0,3.0,3.0
kt_L2b,d0038e88a88ed7eef6499977fb7e3ba3,L2b,Kế toán,Kế Toán Thuế (Biết Tiếng Trung),Kế toán,E3t,"{""E3t"": 4}",5.5,5.5,6.0,5.6667,True,True,1.0,1.0,1.0,1.0
kt_L2b,fd05cd49bc5f0f139d003f3ade3772e6,L2b,Kế toán,"Kế Toán Tổng Hợp Tại Hà Nội Đi Làm Ngay (Nghỉ Thứ 7, Chủ Nhật)",Kế toán,E1|E2|E2t|E3t,"{""E1"": 5, ""E2"": 10, ""E2t"": 10, ""E3t"": 9}",7.0,7.0,7.0,7.0,True,True,2.0,2.0,3.0,3.0
kt_L2b,2299459dd48757e482f23d41343fb7c4,L2b,Kế toán,Nhân Viên Kế Toán Nội Bộ - Nữ - Thu Nhập Từ 12 Triệu Tại Hồ Chí Minh,Kế toán,E1,"{""E1"": 6}",8.0,8.0,8.0,8.0,True,True,2.0,2.0,2.0,2.0
kt_L2b,229a755077aafdb5449522061aede04e,L2b,Kế toán,Kế Toán Tổng Hợp - Ưu Tiên Đi Làm Ngay,Kế toán,E3,"{""E3"": 6}",7.0,6.5,7.0,6.3333,True,True,2.0,2.0,2.0,1.0
kt_L2b,7058a8aea49357aef5bc43dfcf65f84a,L2b,Kế toán,Kế Toán Tổng Hợp (Cấp Độ Trưởng Nhóm),Kế toán,E3|E2t|E3t,"{""E3"": 10, ""E2t"": 6, ""E3t"": 7}",6.5,6.25,7.0,6.3333,True,True,2.0,2.0,1.0,1.0
kt_L2b,981add09883e6d94d99ef6fc3531c1cd,L2b,Kế toán,Kế Toán Tổng Hợp - Lương Cứng 18-25 Triệu/Tháng + Thưởng,Kế toán,E2,"{""E2"": 6}",8.5,8.5,9.0,8.6667,True,True,1.0,1.0,1.0,1.0
kt_L2b,4d149a490f071239196326920589a138,L2b,Kế toán,Trợ Lý Kế Toán,Kế toán,E1|E3,"{""E1"": 9, ""E3"": 7}",8.0,8.0,8.0,8.0,True,True,2.0,2.0,4.0,4.0
kt_L2b,89fdc0be8c6fe5c2ae3c292facf2cf33,L2b,Kế toán,"Nhân Viên Kế Toán Tổng Hợp Kiêm Thuế, 5 Năm Kinh Nghiệm, Đi Làm Ngay",Kế toán,E1|E2,"{""E1"": 10, ""E2"": 7}",6.0,6.0,6.0,5.6667,True,True,2.0,1.0,3.0,0.0
kt_L2b,7004b164ce4298da5e4582d2c16a324e,L2b,Kế toán,Kế Toán Trưởng (Chấp Nhận Uv Đang Lấy Chứng Chỉ),Kế toán,E3,"{""E3"": 8}",5.5,5.5,5.0,5.0,True,True,3.0,2.0,3.0,1.0
kt_L2b,2e7a40a65ecca4cde82ae4d42a7f930a,L2b,Kế toán,Kế Toán Thời Vụ 3 Tháng (Không Yêu Cầu Kinh Nghiệm),Kế toán,E3,"{""E3"": 9}",8.0,7.75,8.0,7.6667,True,True,1.0,1.0,4.0,4.0
kt_L3,045a3561de4d798c59dd797663be3c79,L3,Kế toán,Kế Toán Tổng Hợp,Kế toán,E1|E2|E3|E2t|E3t,"{""E1"": 3, ""E2"": 1, ""E3"": 1, ""E2t"": 3, ""E3t"": 3}",7.0,7.0,7.0,7.0,True,True,2.0,2.0,1.0,1.0
kt_L3,b3bb8a6b242ac73a479d378dc4c61306,L3,Kế toán,Kế Toán Thuế Tổng Hợp (Không Yêu Cầu Kinh Nghiệm) - Đi Làm Ngay,Kế toán,E1|E2|E3|E2t|E3t,"{""E1"": 1, ""E2"": 6, ""E3"": 6, ""E2t"": 1, ""E3t"": 2}",8.0,7.5,8.0,7.3333,True,True,2.0,2.0,5.0,5.0
kt_L3,e4ced356a8f6a5474d1f787f03fd5461,L3,Kế toán,Nhân Viên Kế Toán,Kế toán,E1|E2|E3|E2t|E3t,"{""E1"": 7, ""E2"": 2, ""E3"": 2, ""E2t"": 6, ""E3t"": 1}",7.5,7.0,7.0,6.6667,True,True,3.0,3.0,6.0,6.0
kt_L3,18da4ba8fa3e43ab6d355867d6bdd0e1,L3,Kế toán,Kế Toán Trưởng (Làm Việc Tại Dĩ An - Bình Dương),Kế toán,E1|E2t|E3t,"{""E1"": 2, ""E2t"": 4, ""E3t"": 5}",7.5,7.25,7.0,7.0,True,True,2.0,2.0,4.0,3.0
kt_L3,daf332d7d0a52289ad800c4e2ac8016e,L3,Kế toán,Kế Toán Tổng Hợp,Kế toán,E2|E3|E2t|E3t,"{""E2"": 3, ""E3"": 4, ""E2t"": 2, ""E3t"": 4}",7.5,7.5,8.0,7.6667,True,True,1.0,1.0,1.0,1.0
kt_L3,c4235b21388c35dcf3d28de7bdbd9d67,L3,Kế toán,Thực Tập Sinh Kế Toán - Accounting Intern,Kế toán,E1|E3|E3t,"{""E1"": 8, ""E3"": 3, ""E3t"": 6}",7.0,6.5,7.0,6.0,True,True,4.0,3.0,7.0,7.0
kt_L3,773d7caf03bbc84f8d936ec58f7e60fd,L3,Kế toán,Kế Toán Tổng Hợp Chuyên Mảng Thuế - Thu Nhập Hấp Dẫn Lên Đến 18 Triệu - Đi Làm Ngay Tại Hồ Chí Minh (Mảng F&B),Kế toán,E1|E2t|E3t,"{""E1"": 4, ""E2t"": 9, ""E3t"": 8}",8.0,8.25,8.0,8.3333,True,True,1.0,1.0,1.0,1.0
kt_L3,c5bb8b645664bd4a64a626ec7cf94c9d,L3,Kế toán,Kế Toán Tổng Hợp (Định Hướng Kế Toán Trưởng) - Thu Nhập Hấp Dẫn / Tại Hoàng Liệt - HN,Kế toán,E1|E2|E2t|E3t,"{""E1"": 5, ""E2"": 4, ""E2t"": 8, ""E3t"": 10}",9.0,8.75,9.0,9.0,True,True,1.0,0.0,1.0,0.0
kt_L3,1ef3e26b434013b8b64bfae62d797c6b,L3,Kế toán,Kế Toán Tổng Hợp (Mạnh Về Thuế) - YC 3 Năm KN - Đi Làm Ngay,Kế toán,E2|E3,"{""E2"": 5, ""E3"": 10}",8.0,8.0,8.0,8.0,True,True,0.0,0.0,1.0,0.0
kt_L3,4d149a490f071239196326920589a138,L3,Kế toán,Trợ Lý Kế Toán,Kế toán,E1|E2|E3,"{""E1"": 9, ""E2"": 8, ""E3"": 5}",8.0,7.25,8.0,7.0,True,True,3.0,3.0,6.0,6.0
kt_L3,7058a8aea49357aef5bc43dfcf65f84a,L3,Kế toán,Kế Toán Tổng Hợp (Cấp Độ Trưởng Nhóm),Kế toán,E2t|E3t,"{""E2t"": 5, ""E3t"": 7}",8.0,7.75,8.0,7.6667,True,True,1.0,1.0,2.0,2.0
kt_L3,fd05cd49bc5f0f139d003f3ade3772e6,L3,Kế toán,"Kế Toán Tổng Hợp Tại Hà Nội Đi Làm Ngay (Nghỉ Thứ 7, Chủ Nhật)",Kế toán,E1,"{""E1"": 6}",8.5,8.5,9.0,8.6667,True,True,1.0,1.0,1.0,0.0
kt_L3,44d14801a6ea2168b78f403132e0a0b6,L3,Kế toán,Kế Toán Tổng Hợp Doanh Nghiệp Nhỏ (Kinh Nghiệm Dịch Vụ Kế Toán),Kế toán,E3|E3t,"{""E3"": 7, ""E3t"": 9}",8.0,8.0,8.0,8.0,True,True,2.0,2.0,2.0,2.0
kt_L3,9565e2278b6769e662dd88a89d4e6b38,L3,Kế toán,Kế Toán Tổng Hợp - Đi Làm Ngay - 3 Năm Kinh Nghiệm - Thu Nhập Hấp Dẫn - Hà Nội,Kế toán,E2,"{""E2"": 7}",9.0,9.0,9.0,9.0,True,True,0.0,0.0,1.0,0.0
kt_L3,d1901c4e39df7da0a3da2b0b125c4b0a,L3,Kế toán,Trưởng Phòng Tài Chính,Kế toán,E2|E3|E2t,"{""E2"": 10, ""E3"": 8, ""E2t"": 7}",7.5,7.25,7.0,7.0,True,True,2.0,2.0,2.0,2.0
kt_L3,229a755077aafdb5449522061aede04e,L3,Kế toán,Kế Toán Tổng Hợp - Ưu Tiên Đi Làm Ngay,Kế toán,E3,"{""E3"": 9}",8.0,8.0,8.0,8.0,True,True,0.0,0.0,1.0,1.0
kt_L3,89fdc0be8c6fe5c2ae3c292facf2cf33,L3,Kế toán,"Nhân Viên Kế Toán Tổng Hợp Kiêm Thuế, 5 Năm Kinh Nghiệm, Đi Làm Ngay",Kế toán,E1|E2,"{""E1"": 10, ""E2"": 9}",7.0,7.0,7.0,6.6667,True,True,2.0,1.0,4.0,1.0
kt_L3,3a9c1ebe6c5a2625c531c27da7fada18,L3,Kế toán,Kế Toán Tổng Hợp (Hiểu Về Thuế) Thu Nhập Lên Đến 18 Triệu,Kế toán,E2t,"{""E2t"": 10}",7.0,6.75,7.0,6.6667,True,True,1.0,1.0,1.0,0.0
kt_L3b,20e6dc5eda3886a2b5ea0d6d7ee5fad5,L3b,Kế toán,Kế Toán - YC 3 Năm KN - Thu Nhập 15 Triệu,Kế toán,E1|E2|E3|E2t|E3t,"{""E1"": 10, ""E2"": 1, ""E3"": 1, ""E2t"": 10, ""E3t"": 8}",8.0,8.25,8.0,8.3333,True,True,1.0,1.0,1.0,1.0
kt_L3b,803808a5ca12a91e9a7985bff344e252,L3b,Kế toán,Kế Toán Nội Bộ Fulltime - Thu Nhập Từ 9-12 Triệu - Đi Làm Ngay Tại Hà Nội,Kế toán,E1|E2t|E3t,"{""E1"": 1, ""E2t"": 1, ""E3t"": 1}",8.0,7.25,8.0,7.0,True,True,3.0,3.0,6.0,6.0
kt_L3b,5ba4493424b0c61f5fc9d819f252ad96,L3b,Kế toán,"Kế Toán Nội Bộ, Không Yêu Cầu Kinh Nghiệm, Nhận Việc Ngay",Kế toán,E1|E2|E3|E2t|E3t,"{""E1"": 3, ""E2"": 9, ""E3"": 2, ""E2t"": 5, ""E3t"": 5}",8.0,7.25,8.0,7.0,True,True,3.0,3.0,6.0,6.0
kt_L3b,7058a8aea49357aef5bc43dfcf65f84a,L3b,Kế toán,Kế Toán Tổng Hợp (Cấp Độ Trưởng Nhóm),Kế toán,E2t|E3t,"{""E2t"": 4, ""E3t"": 2}",8.0,8.25,8.0,8.3333,True,True,1.0,1.0,1.0,1.0
kt_L3b,758a90dce17ac904caf536d9b19799b1,L3b,Kế toán,Kế Toán Nội Bộ (Đi Làm Ngay) Thu Nhập Up To 20 Triệu,Kế toán,E2|E3,"{""E2"": 2, ""E3"": 5}",8.0,8.25,8.0,8.3333,True,True,1.0,1.0,1.0,1.0
kt_L3b,b3bb8a6b242ac73a479d378dc4c61306,L3b,Kế toán,Kế Toán Thuế Tổng Hợp (Không Yêu Cầu Kinh Nghiệm) - Đi Làm Ngay,Kế toán,E1|E2|E2t|E3t,"{""E1"": 2, ""E2"": 8, ""E2t"": 3, ""E3t"": 4}",8.0,7.5,8.0,7.3333,True,True,2.0,2.0,6.0,6.0
kt_L3b,daf332d7d0a52289ad800c4e2ac8016e,L3b,Kế toán,Kế Toán Tổng Hợp,Kế toán,E2|E3|E2t|E3t,"{""E2"": 5, ""E3"": 7, ""E2t"": 2, ""E3t"": 10}",8.5,8.5,8.0,8.3333,True,True,1.0,1.0,2.0,2.0
kt_L3b,e4ced356a8f6a5474d1f787f03fd5461,L3b,Kế toán,Nhân Viên Kế Toán,Kế toán,E2|E3|E2t|E3t,"{""E2"": 3, ""E3"": 3, ""E2t"": 8, ""E3t"": 3}",8.0,7.25,8.0,7.0,True,True,3.0,3.0,6.0,6.0
kt_L3b,045a3561de4d798c59dd797663be3c79,L3b,Kế toán,Kế Toán Tổng Hợp,Kế toán,E2|E3,"{""E2"": 4, ""E3"": 9}",8.0,7.75,8.0,7.6667,True,True,1.0,1.0,2.0,2.0
kt_L3b,54ba93acd601c960da533ac5d2295c58,L3b,Kế toán,Kế Toán Nội Bộ (Lương 8-12 Triệu),Kế toán,E1|E3|E2t|E3t,"{""E1"": 4, ""E3"": 6, ""E2t"": 7, ""E3t"": 6}",8.0,7.5,8.0,7.3333,True,True,2.0,2.0,4.0,3.0
kt_L3b,9cd15be974fe8e3af65a1da84d1492a9,L3b,Kế toán,Giám Sát Kế Toán,Kế toán,E3,"{""E3"": 4}",8.0,8.0,8.0,8.0,True,True,2.0,2.0,2.0,2.0
kt_L3b,2a38fc34ab01435bd128e8560144d8f5,L3b,Kế toán,"Nhân Viên Kế Toán Nội Bộ Về TMĐT- Thu Nhập 12 Triệu/ Tháng, Tại Hà Nội",Kế toán,E1,"{""E1"": 5}",8.0,7.75,8.0,7.6667,True,True,1.0,1.0,6.0,6.0
kt_L3b,1ef3e26b434013b8b64bfae62d797c6b,L3b,Kế toán,Kế Toán Tổng Hợp (Mạnh Về Thuế) - YC 3 Năm KN - Đi Làm Ngay,Kế toán,E2|E2t,"{""E2"": 6, ""E2t"": 6}",8.0,8.25,8.0,8.3333,True,True,1.0,1.0,1.0,1.0
kt_L3b,42379e8209e18906454a6d35dbc7055e,L3b,Kế toán,Kế Toán Nội Bộ + Lương 10-14 Triệu + Làm Việc Tân Bình (HCM),Kế toán,E1,"{""E1"": 6}",8.0,7.5,8.0,7.3333,True,True,2.0,2.0,4.0,3.0
kt_L3b,1add4c939b301ef00313df065aa61c63,L3b,Kế toán,Kế Toán Nội Bộ - Lương Upto 12tr - Đi Làm Ngay - Hà Nội,Kế toán,E1,"{""E1"": 7}",8.0,7.5,8.0,7.3333,True,True,2.0,2.0,4.0,3.0
kt_L3b,9565e2278b6769e662dd88a89d4e6b38,L3b,Kế toán,Kế Toán Tổng Hợp - Đi Làm Ngay - 3 Năm Kinh Nghiệm - Thu Nhập Hấp Dẫn - Hà Nội,Kế toán,E2|E2t,"{""E2"": 7, ""E2t"": 9}",8.0,8.25,8.0,8.3333,True,True,1.0,1.0,2.0,2.0
kt_L3b,d0038e88a88ed7eef6499977fb7e3ba3,L3b,Kế toán,Kế Toán Thuế (Biết Tiếng Trung),Kế toán,E3t,"{""E3t"": 7}",7.0,7.0,7.0,7.0,True,True,2.0,2.0,2.0,2.0
kt_L3b,8e3baeb4798fc77a6ef844ddcb92175a,L3b,Kế toán,Kế Toán Nội Bộ (Ngành Sản Xuất) - Lương Từ 14 - 18 Triệu + Phụ Cấp,Kế toán,E1,"{""E1"": 8}",8.5,8.5,9.0,8.6667,True,True,1.0,1.0,2.0,2.0
kt_L3b,a641a797d55af0377e010857d8d6d3a0,L3b,Kế toán,Kế Toán Nội Bộ Mảng Logistic,Kế toán,E3|E3t,"{""E3"": 8, ""E3t"": 9}",7.5,7.25,8.0,7.3333,True,True,2.0,2.0,6.0,6.0
kt_L3b,cb84920134a2bd26c62570e05a14319d,L3b,Kế toán,Kế Toán Nội Bộ - Từ 2 Năm Kinh Nghiệm |Lương 10 - 15 Triệu + Phụ Cấp |Tại Tây Mỗ - Nam Từ Liêm,Kế toán,E1,"{""E1"": 9}",8.0,8.0,8.0,8.0,True,True,0.0,0.0,3.0,1.0
kt_L3b,c4235b21388c35dcf3d28de7bdbd9d67,L3b,Kế toán,Thực Tập Sinh Kế Toán - Accounting Intern,Kế toán,E3,"{""E3"": 10}",6.5,6.25,6.0,5.6667,True,True,4.0,3.0,7.0,7.0
kt_L3b,c5bb8b645664bd4a64a626ec7cf94c9d,L3b,Kế toán,Kế Toán Tổng Hợp (Định Hướng Kế Toán Trưởng) - Thu Nhập Hấp Dẫn / Tại Hoàng Liệt - HN,Kế toán,E2,"{""E2"": 10}",8.5,8.5,9.0,8.6667,True,True,1.0,1.0,1.0,1.0
kt_L4,045a3561de4d798c59dd797663be3c79,L4,Kế toán,Kế Toán Tổng Hợp,Kế toán,E1|E2|E3|E2t|E3t,"{""E1"": 3, ""E2"": 1, ""E3"": 1, ""E2t"": 3, ""E3t"": 3}",8.5,8.25,9.0,8.3333,True,True,2.0,2.0,2.0,2.0
kt_L4,b3bb8a6b242ac73a479d378dc4c61306,L4,Kế toán,Kế Toán Thuế Tổng Hợp (Không Yêu Cầu Kinh Nghiệm) - Đi Làm Ngay,Kế toán,E1|E2|E3|E2t|E3t,"{""E1"": 1, ""E2"": 8, ""E3"": 6, ""E2t"": 1, ""E3t"": 2}",7.0,6.75,6.0,6.3333,True,True,3.0,3.0,7.0,7.0
kt_L4,e4ced356a8f6a5474d1f787f03fd5461,L4,Kế toán,Nhân Viên Kế Toán,Kế toán,E1|E2|E3|E2t|E3t,"{""E1"": 7, ""E2"": 2, ""E3"": 2, ""E2t"": 4, ""E3t"": 1}",6.5,6.25,6.0,5.6667,True,True,4.0,3.0,7.0,7.0
kt_L4,18da4ba8fa3e43ab6d355867d6bdd0e1,L4,Kế toán,Kế Toán Trưởng (Làm Việc Tại Dĩ An - Bình Dương),Kế toán,E1|E2t|E3t,"{""E1"": 2, ""E2t"": 5, ""E3t"": 4}",8.5,8.5,9.0,8.6667,True,True,1.0,1.0,2.0,2.0
kt_L4,daf332d7d0a52289ad800c4e2ac8016e,L4,Kế toán,Kế Toán Tổng Hợp,Kế toán,E2|E3|E2t|E3t,"{""E2"": 3, ""E3"": 5, ""E2t"": 2, ""E3t"": 8}",8.0,8.0,8.0,8.0,True,True,2.0,2.0,3.0,3.0
kt_L4,c4235b21388c35dcf3d28de7bdbd9d67,L4,Kế toán,Thực Tập Sinh Kế Toán - Accounting Intern,Kế toán,E1|E3|E3t,"{""E1"": 8, ""E3"": 3, ""E3t"": 7}",6.5,5.75,6.0,5.3333,True,True,4.0,4.0,7.0,0.0
kt_L4,4d149a490f071239196326920589a138,L4,Kế toán,Trợ Lý Kế Toán,Kế toán,E1|E2|E3|E3t,"{""E1"": 9, ""E2"": 7, ""E3"": 4, ""E3t"": 10}",6.0,5.75,6.0,5.0,True,True,5.0,3.0,7.0,0.0
kt_L4,773d7caf03bbc84f8d936ec58f7e60fd,L4,Kế toán,Kế Toán Tổng Hợp Chuyên Mảng Thuế - Thu Nhập Hấp Dẫn Lên Đến 18 Triệu - Đi Làm Ngay Tại Hồ Chí Minh (Mảng F&B),Kế toán,E1|E2t|E3t,"{""E1"": 4, ""E2t"": 9, ""E3t"": 9}",8.0,7.75,8.0,7.6667,True,True,1.0,1.0,4.0,1.0
kt_L4,c5bb8b645664bd4a64a626ec7cf94c9d,L4,Kế toán,Kế Toán Tổng Hợp (Định Hướng Kế Toán Trưởng) - Thu Nhập Hấp Dẫn / Tại Hoàng Liệt - HN,Kế toán,E1|E2|E2t,"{""E1"": 5, ""E2"": 4, ""E2t"": 7}",8.0,8.25,8.0,8.3333,True,True,1.0,1.0,3.0,1.0
kt_L4,1ef3e26b434013b8b64bfae62d797c6b,L4,Kế toán,Kế Toán Tổng Hợp (Mạnh Về Thuế) - YC 3 Năm KN - Đi Làm Ngay,Kế toán,E2|E3,"{""E2"": 5, ""E3"": 9}",7.5,7.25,7.0,7.0,True,True,2.0,2.0,3.0,1.0
kt_L4,613fd65415eda01837f3b2294a899242,L4,Kế toán,Kế Toán Nhập Liệu _ Không Yêu Cầu Kinh Nghiệm,Kế toán,E3t,"{""E3t"": 5}",4.5,4.25,5.0,4.3333,False,True,4.0,4.0,7.0,7.0
kt_L4,7058a8aea49357aef5bc43dfcf65f84a,L4,Kế toán,Kế Toán Tổng Hợp (Cấp Độ Trưởng Nhóm),Kế toán,E2t|E3t,"{""E2t"": 6, ""E3t"": 6}",8.0,7.75,8.0,7.6667,True,True,1.0,1.0,4.0,3.0
kt_L4,9565e2278b6769e662dd88a89d4e6b38,L4,Kế toán,Kế Toán Tổng Hợp - Đi Làm Ngay - 3 Năm Kinh Nghiệm - Thu Nhập Hấp Dẫn - Hà Nội,Kế toán,E2,"{""E2"": 6}",8.0,8.0,8.0,7.6667,True,True,2.0,1.0,3.0,1.0
kt_L4,fd05cd49bc5f0f139d003f3ade3772e6,L4,Kế toán,"Kế Toán Tổng Hợp Tại Hà Nội Đi Làm Ngay (Nghỉ Thứ 7, Chủ Nhật)",Kế toán,E1|E2t,"{""E1"": 6, ""E2t"": 10}",8.0,7.75,8.0,7.6667,True,True,1.0,1.0,3.0,1.0
kt_L4,d1901c4e39df7da0a3da2b0b125c4b0a,L4,Kế toán,Trưởng Phòng Tài Chính,Kế toán,E2|E3|E2t,"{""E2"": 10, ""E3"": 7, ""E2t"": 8}",9.0,9.0,9.0,9.0,True,True,0.0,0.0,1.0,1.0
kt_L4,d0038e88a88ed7eef6499977fb7e3ba3,L4,Kế toán,Kế Toán Thuế (Biết Tiếng Trung),Kế toán,E3,"{""E3"": 8}",8.0,8.25,8.0,8.3333,True,True,1.0,1.0,3.0,3.0
kt_L4,89fdc0be8c6fe5c2ae3c292facf2cf33,L4,Kế toán,"Nhân Viên Kế Toán Tổng Hợp Kiêm Thuế, 5 Năm Kinh Nghiệm, Đi Làm Ngay",Kế toán,E1|E2,"{""E1"": 10, ""E2"": 9}",8.0,8.0,8.0,8.0,True,True,2.0,2.0,3.0,3.0
kt_L4,e08be67ee9e28f53ef552aec01e84c2c,L4,Kế toán,Kế Toán Thuế,Kế toán,E3,"{""E3"": 10}",6.5,6.75,6.0,6.6667,True,True,2.0,2.0,1.0,1.0
kt_L4b,045a3561de4d798c59dd797663be3c79,L4b,Kế toán,Kế Toán Tổng Hợp,Kế toán,E2|E3|E2t,"{""E2"": 1, ""E3"": 6, ""E2t"": 7}",8.0,8.0,8.0,8.0,True,True,2.0,2.0,4.0,3.0
kt_L4b,20e6dc5eda3886a2b5ea0d6d7ee5fad5,L4b,Kế toán,Kế Toán - YC 3 Năm KN - Thu Nhập 15 Triệu,Kế toán,E1|E2|E3|E3t,"{""E1"": 10, ""E2"": 3, ""E3"": 1, ""E3t"": 6}",8.0,7.5,8.0,7.3333,True,True,2.0,2.0,5.0,3.0
kt_L4b,803808a5ca12a91e9a7985bff344e252,L4b,Kế toán,Kế Toán Nội Bộ Fulltime - Thu Nhập Từ 9-12 Triệu - Đi Làm Ngay Tại Hà Nội,Kế toán,E1|E2t|E3t,"{""E1"": 1, ""E2t"": 1, ""E3t"": 1}",7.0,6.5,7.0,6.3333,True,True,4.0,4.0,7.0,7.0
kt_L4b,7058a8aea49357aef5bc43dfcf65f84a,L4b,Kế toán,Kế Toán Tổng Hợp (Cấp Độ Trưởng Nhóm),Kế toán,E2t|E3t,"{""E2t"": 2, ""E3t"": 8}",8.0,8.0,8.0,8.0,True,True,2.0,2.0,3.0,2.0
kt_L4b,90a73025362f56b1ed362af4e70f6561,L4b,Kế toán,Kế Toán Trưởng,Kế toán,E3|E3t,"{""E3"": 4, ""E3t"": 2}",7.5,7.5,8.0,7.6667,True,True,1.0,1.0,3.0,3.0
kt_L4b,b3bb8a6b242ac73a479d378dc4c61306,L4b,Kế toán,Kế Toán Thuế Tổng Hợp (Không Yêu Cầu Kinh Nghiệm) - Đi Làm Ngay,Kế toán,E1|E2|E2t|E3t,"{""E1"": 2, ""E2"": 6, ""E2t"": 3, ""E3t"": 3}",6.5,6.5,6.0,6.0,True,True,3.0,2.0,7.0,7.0
kt_L4b,e4ced356a8f6a5474d1f787f03fd5461,L4b,Kế toán,Nhân Viên Kế Toán,Kế toán,E2|E3|E2t|E3t,"{""E2"": 2, ""E3"": 2, ""E2t"": 4, ""E3t"": 7}",6.0,5.75,5.0,5.3333,True,True,3.0,3.0,7.0,0.0
kt_L4b,5ba4493424b0c61f5fc9d819f252ad96,L4b,Kế toán,"Kế Toán Nội Bộ, Không Yêu Cầu Kinh Nghiệm, Nhận Việc Ngay",Kế toán,E1|E2|E3|E2t|E3t,"{""E1"": 3, ""E2"": 8, ""E3"": 3, ""E2t"": 5, ""E3t"": 5}",7.0,6.5,7.0,6.3333,True,True,4.0,4.0,7.0,7.0
kt_L4b,54ba93acd601c960da533ac5d2295c58,L4b,Kế toán,Kế Toán Nội Bộ (Lương 8-12 Triệu),Kế toán,E1|E3|E2t|E3t,"{""E1"": 4, ""E3"": 5, ""E2t"": 8, ""E3t"": 9}",6.5,6.5,6.0,6.3333,True,True,3.0,3.0,4.0,2.0
kt_L4b,d0038e88a88ed7eef6499977fb7e3ba3,L4b,Kế toán,Kế Toán Thuế (Biết Tiếng Trung),Kế toán,E3t,"{""E3t"": 4}",8.0,8.25,8.0,8.3333,True,True,1.0,1.0,4.0,2.0
kt_L4b,daf332d7d0a52289ad800c4e2ac8016e,L4b,Kế toán,Kế Toán Tổng Hợp,Kế toán,E2|E3|E2t,"{""E2"": 4, ""E3"": 9, ""E2t"": 6}",8.0,7.75,8.0,7.6667,True,True,1.0,1.0,3.0,3.0
kt_L4b,1ef3e26b434013b8b64bfae62d797c6b,L4b,Kế toán,Kế Toán Tổng Hợp (Mạnh Về Thuế) - YC 3 Năm KN - Đi Làm Ngay,Kế toán,E2|E2t,"{""E2"": 5, ""E2t"": 10}",7.5,7.5,7.0,7.3333,True,True,1.0,1.0,5.0,3.0
kt_L4b,2a38fc34ab01435bd128e8560144d8f5,L4b,Kế toán,"Nhân Viên Kế Toán Nội Bộ Về TMĐT- Thu Nhập 12 Triệu/ Tháng, Tại Hà Nội",Kế toán,E1|E3t,"{""E1"": 5, ""E3t"": 10}",6.5,6.25,6.0,5.6667,True,True,4.0,3.0,7.0,1.0
kt_L4b,42379e8209e18906454a6d35dbc7055e,L4b,Kế toán,Kế Toán Nội Bộ + Lương 10-14 Triệu + Làm Việc Tân Bình (HCM),Kế toán,E1,"{""E1"": 6}",7.0,6.5,6.0,6.0,True,True,4.0,4.0,5.0,2.0
kt_L4b,1add4c939b301ef00313df065aa61c63,L4b,Kế toán,Kế Toán Nội Bộ - Lương Upto 12tr - Đi Làm Ngay - Hà Nội,Kế toán,E1,"{""E1"": 7}",6.0,6.0,4.0,5.3333,True,False,4.0,4.0,4.0,2.0
kt_L4b,758a90dce17ac904caf536d9b19799b1,L4b,Kế toán,Kế Toán Nội Bộ (Đi Làm Ngay) Thu Nhập Up To 20 Triệu,Kế toán,E3,"{""E3"": 7}",8.0,7.5,8.0,7.3333,True,True,2.0,2.0,4.0,2.0
kt_L4b,9565e2278b6769e662dd88a89d4e6b38,L4b,Kế toán,Kế Toán Tổng Hợp - Đi Làm Ngay - 3 Năm Kinh Nghiệm - Thu Nhập Hấp Dẫn - Hà Nội,Kế toán,E2,"{""E2"": 7}",8.0,7.75,8.0,7.6667,True,True,3.0,3.0,3.0,2.0
kt_L4b,8e3baeb4798fc77a6ef844ddcb92175a,L4b,Kế toán,Kế Toán Nội Bộ (Ngành Sản Xuất) - Lương Từ 14 - 18 Triệu + Phụ Cấp,Kế toán,E1,"{""E1"": 8}",8.0,7.5,8.0,7.3333,True,True,2.0,2.0,3.0,2.0
kt_L4b,c4235b21388c35dcf3d28de7bdbd9d67,L4b,Kế toán,Thực Tập Sinh Kế Toán - Accounting Intern,Kế toán,E3,"{""E3"": 8}",5.5,5.25,4.0,4.6667,True,False,4.0,4.0,7.0,0.0
kt_L4b,229a755077aafdb5449522061aede04e,L4b,Kế toán,Kế Toán Tổng Hợp - Ưu Tiên Đi Làm Ngay,Kế toán,E2t,"{""E2t"": 9}",8.0,7.5,8.0,7.3333,True,True,2.0,2.0,4.0,2.0
kt_L4b,c5bb8b645664bd4a64a626ec7cf94c9d,L4b,Kế toán,Kế Toán Tổng Hợp (Định Hướng Kế Toán Trưởng) - Thu Nhập Hấp Dẫn / Tại Hoàng Liệt - HN,Kế toán,E2,"{""E2"": 9}",8.0,7.75,8.0,7.6667,True,True,1.0,1.0,4.0,2.0
kt_L4b,cb84920134a2bd26c62570e05a14319d,L4b,Kế toán,Kế Toán Nội Bộ - Từ 2 Năm Kinh Nghiệm |Lương 10 - 15 Triệu + Phụ Cấp |Tại Tây Mỗ - Nam Từ Liêm,Kế toán,E1,"{""E1"": 9}",8.0,7.25,8.0,7.0,True,True,3.0,3.0,5.0,1.0
kt_L4b,a641a797d55af0377e010857d8d6d3a0,L4b,Kế toán,Kế Toán Nội Bộ Mảng Logistic,Kế toán,E3,"{""E3"": 10}",6.5,6.5,6.0,6.3333,True,True,3.0,3.0,7.0,7.0
kt_L4b,deb4145fa33d6c46c8a9c43d85bf756b,L4b,Kế toán,Chuyên Viên Kế Toán Tổng Hợp,Kế toán,E2,"{""E2"": 10}",8.0,7.5,8.0,7.3333,True,True,2.0,2.0,3.0,2.0
kt_P,80a4b79bacf45c9f17481fda0ddd8d5f,P,Kế toán,Nhân Viên Kho ( Quận BÌNH TÂN CŨ )- Ưu Tiên Nam,Lao động phổ thông,E1|E2|E3|E2t|E3t,"{""E1"": 2, ""E2"": 1, ""E3"": 1, ""E2t"": 2, ""E3t"": 1}",7.5,7.5,7.0,7.3333,True,True,1.0,1.0,1.0,0.0
kt_P,8b27be10dea4466816da730f7583cee1,P,Kế toán,Nhân Viên Chăm Sóc Khách Hàng - Thu Nhập Hấp Dẫn,Chăm sóc khách hàng,E1|E2|E3|E2t|E3t,"{""E1"": 1, ""E2"": 7, ""E3"": 2, ""E2t"": 1, ""E3t"": 2}",5.0,5.0,4.0,4.3333,True,False,4.0,3.0,5.0,3.0
kt_P,952659106832a799ee22ef45bd252b0f,P,Kế toán,Nhân Viên Chăm Sóc Khách Hàng,Chăm sóc khách hàng,E1|E2|E3|E2t|E3t,"{""E1"": 5, ""E2"": 2, ""E3"": 3, ""E2t"": 7, ""E3t"": 6}",4.0,3.75,3.0,3.3333,False,False,3.0,3.0,2.0,2.0
kt_P,026e1c602292099cc482cd1e9050789d,P,Kế toán,Chủ Quản Đóng Gói,Lao động phổ thông,E2|E2t|E3t,"{""E2"": 8, ""E2t"": 3, ""E3t"": 9}",2.5,2.75,2.0,2.6667,False,False,2.0,2.0,1.0,1.0
kt_P,2a2d604426767b782a443a4987a42188,P,Kế toán,Trade Marketing Manager,Marketing,E2|E2t,"{""E2"": 3, ""E2t"": 10}",2.0,2.0,2.0,1.6667,False,False,2.0,1.0,1.0,1.0
kt_P,393569e29b4b58bc0f81851017ed3cd8,P,Kế toán,"CHUYÊN VIÊN TƯ VẤN TÀI CHÍNH -SHINHAN BANK ( Pico Plaza, Phường Bảy Hiền)",Ngân hàng,E1|E2|E3|E2t|E3t,"{""E1"": 3, ""E2"": 10, ""E3"": 8, ""E2t"": 6, ""E3t"": 5}",4.0,4.0,3.0,3.6667,False,False,2.0,2.0,1.0,1.0
kt_P,e64a793e79b507d7cfba0808d84d5117,P,Kế toán,Warehouse Admin (Nhân Viên Hành Chính Kho),Hành chính nhân sự,E2|E3|E2t|E3t,"{""E2"": 9, ""E3"": 7, ""E2t"": 4, ""E3t"": 3}",5.0,5.0,5.0,5.0,True,True,2.0,2.0,2.0,2.0
kt_P,332b842c0854222126666c568e291898,P,Kế toán,Nhân Viên Kho Kinh Nghiệm 1 Năm Trở Lên,Lao động phổ thông,E2|E3|E2t|E3t,"{""E2"": 4, ""E3"": 4, ""E2t"": 5, ""E3t"": 4}",7.0,7.0,7.0,7.0,True,True,2.0,2.0,2.0,1.0
kt_P,e2a95ee4eb1f005599ac4cbb23651694,P,Kế toán,Nhân Viên Chăm Sóc Khách Hàng Kiêm Lễ Tân,Chăm sóc khách hàng,E1|E3|E2t|E3t,"{""E1"": 4, ""E3"": 9, ""E2t"": 8, ""E3t"": 7}",4.0,4.0,3.0,3.6667,False,False,2.0,2.0,3.0,3.0
kt_P,3a1cb946e9e411285690e2b339f16812,P,Kế toán,"Quản Lý Phòng Hành Chính Tổng Hợp (Lương Thoả Thuận Cao, Đãi Ngộ Tốt) - Làm Việc Tại Bà Rịa - Vũng Tàu (Cũ)",Hành chính nhân sự,E2|E3,"{""E2"": 5, ""E3"": 6}",2.0,2.25,2.0,2.0,False,False,1.0,0.0,2.0,2.0
kt_P,b4619c4007245dd366832fb28c309235,P,Kế toán,IT Helpdesk / Support – English Speaking [HN/HCM],IT,E3,"{""E3"": 5}",2.5,2.75,2.0,2.6667,False,False,2.0,2.0,3.0,3.0
kt_P,a9ff50156c5c68869371e1ede3adf900,P,Kế toán,Chuyên Viên Vật Lý (Lương 30 Triệu ++),Giáo dục,E1|E3t,"{""E1"": 6, ""E3t"": 10}",1.0,1.25,1.0,1.3333,False,False,1.0,1.0,2.0,1.0
kt_P,fadbf9fddd686b0aba832143a92a3355,P,Kế toán,Nhân Viên Chăm Sóc Khách Hàng,Chăm sóc khách hàng,E1|E2,"{""E1"": 9, ""E2"": 6}",4.5,4.5,4.0,4.0,False,False,3.0,2.0,2.0,2.0
kt_P,158c8fc83b4db02b2ba03290c1137618,P,Kế toán,Chuyên Viên Nhân Sự Tổng Hợp,Hành chính nhân sự,E1,"{""E1"": 7}",2.5,3.0,2.0,3.0,False,False,3.0,3.0,1.0,1.0
kt_P,68c6937a9784bdfed36d2973954de5a4,P,Kế toán,HR & Administration Executive,Hành chính nhân sự,E3|E3t,"{""E3"": 10, ""E3t"": 8}",2.0,2.75,2.0,3.0,False,False,3.0,3.0,1.0,1.0
kt_P,7222c009019dbf5438a77e38fdcb9770,P,Kế toán,Nhân Viên Kinh Doanh/ Nhân Viên Tư Vấn Tuyển Sinh/ Tư Vấn Khóa Học IELTS (Không Yêu Cầu Kinh Nghiệm Giáo Dục) - Lương 12 - 25 Triệu/Tháng,Nhân viên kinh doanh,E1,"{""E1"": 8}",4.0,4.0,4.0,4.3333,False,False,2.0,1.0,6.0,6.0
kt_P,3a86c8e7a2a38d948b731c4f592842ce,P,Kế toán,Chuyên Viên Cấp Cao Số Hóa Và Cải Tiến Quy Trình - Phòng Quản Lý Và Tối Ưu Vận Hành - Khối Vận Hành,Ngân hàng,E2t,"{""E2t"": 9}",2.0,1.75,2.0,1.6667,False,False,1.0,1.0,2.0,1.0
kt_P,1b7a70e52fd995f2d8b150d3459d17ad,P,Kế toán,Chuyên Viên Cao Cấp KHDN Upper SME - Vùng Hà Nội 1 - TA170 - ID496,Nhân viên kinh doanh,E1,"{""E1"": 10}",3.0,3.25,2.0,3.0,False,False,3.0,3.0,2.0,2.0
kt_P2,0a8d180fea82abeeaf2a609aa8c14089,P2,Kế toán,Nhân Viên Kinh Doanh / Sales / Tư Vấn Khách Hàng – Data Có Sẵn – Thu Nhập Hấp Dẫn Từ 15–30 Triệu – TP.HCM,Telesales,E2|E3|E3t,"{""E2"": 1, ""E3"": 2, ""E3t"": 5}",6.0,5.5,6.0,5.3333,True,True,2.0,2.0,3.0,2.0
kt_P2,1a195299f1181714d407b7262ac482ff,P2,Kế toán,Business Development Team Lead/Sales Supervisor,IT,E2|E3|E3t,"{""E2"": 3, ""E3"": 1, ""E3t"": 1}",2.5,2.75,3.0,3.0,False,False,2.0,2.0,2.0,1.0
kt_P2,fadbf9fddd686b0aba832143a92a3355,P2,Kế toán,Nhân Viên Chăm Sóc Khách Hàng,Chăm sóc khách hàng,E1|E2|E3|E2t|E3t,"{""E1"": 1, ""E2"": 8, ""E3"": 6, ""E2t"": 1, ""E3t"": 2}",6.5,6.25,6.0,6.0,True,True,2.0,2.0,2.0,1.0
kt_P2,0d65cefc0b4acd8aacf298fbf1bee9cf,P2,Kế toán,Trưởng Nhóm Telesale,Telesales,E2,"{""E2"": 2}",3.0,3.25,3.0,3.3333,False,False,3.0,3.0,2.0,2.0
kt_P2,124f4256f0d6a862038089b366463a3e,P2,Kế toán,"Nhân Viên Chăm Sóc Khách Hàng Hỗ Trợ Dịch Vụ (Ca Đêm) / Customer Service - Tiếng Anh Tốt, Thu Nhập Hấp Dẫn",Chăm sóc khách hàng,E1|E2|E3|E2t|E3t,"{""E1"": 2, ""E2"": 10, ""E3"": 7, ""E2t"": 3, ""E3t"": 3}",5.5,5.5,5.0,5.3333,True,True,1.0,1.0,4.0,4.0
kt_P2,b177e6ea995d45835a248c54124fa95b,P2,Kế toán,Trợ Lý Kinh Doanh (Thành Thạo Tiếng Trung),Hành chính nhân sự,E2|E2t,"{""E2"": 9, ""E2t"": 2}",4.0,4.75,4.0,4.0,False,False,3.0,0.0,2.0,2.0
kt_P2,3ff41e8214c6c4cf2151a9b46988f0a2,P2,Kế toán,Presales,Nhân viên kinh doanh,E3,"{""E3"": 3}",2.5,2.75,2.0,2.6667,False,False,2.0,2.0,2.0,2.0
kt_P2,a9ff50156c5c68869371e1ede3adf900,P2,Kế toán,Chuyên Viên Vật Lý (Lương 30 Triệu ++),Giáo dục,E1|E3|E2t|E3t,"{""E1"": 3, ""E3"": 9, ""E2t"": 5, ""E3t"": 6}",1.5,1.5,2.0,1.6667,False,False,1.0,1.0,2.0,1.0
kt_P2,2a2d604426767b782a443a4987a42188,P2,Kế toán,Trade Marketing Manager,Marketing,E2|E3,"{""E2"": 4, ""E3"": 4}",3.0,3.0,3.0,3.0,False,False,2.0,2.0,0.0,0.0
kt_P2,393569e29b4b58bc0f81851017ed3cd8,P2,Kế toán,"CHUYÊN VIÊN TƯ VẤN TÀI CHÍNH -SHINHAN BANK ( Pico Plaza, Phường Bảy Hiền)",Ngân hàng,E1|E3|E2t|E3t,"{""E1"": 4, ""E3"": 10, ""E2t"": 7, ""E3t"": 7}",6.0,5.75,6.0,5.3333,True,True,3.0,2.0,7.0,6.0
kt_P2,86c043c8fb7ddd7cbf3266a9bf070f11,P2,Kế toán,Sales Lead (BD),Nhân viên kinh doanh,E3|E2t|E3t,"{""E3"": 8, ""E2t"": 4, ""E3t"": 4}",2.5,2.5,2.0,2.3333,False,False,1.0,1.0,2.0,2.0
kt_P2,6fd0f53ce484ee83a6aa6bdd18a6a105,P2,Kế toán,Trưởng Nhóm Bán Hàng Tại Điểm Giới Thiệu Dịch Vụ,Ngân hàng,E2|E3,"{""E2"": 5, ""E3"": 5}",4.5,4.25,4.0,4.0,False,False,2.0,2.0,1.0,1.0
kt_P2,7f8d2008ad8a575e517ffd5bcb9bdfcf,P2,Kế toán,Quản Lý Showroom Nội Thất- Thu Nhập 20-50 Triệu/Tháng- Tại Hà Nội,Telesales,E1|E2t|E3t,"{""E1"": 5, ""E2t"": 9, ""E3t"": 9}",5.0,5.0,5.0,5.0,True,True,2.0,2.0,4.0,3.0
kt_P2,0ed1cc4151bf92b65014634657020dba,P2,Kế toán,Omni-Channel Sales & Marketing Leader,Telesales,E2,"{""E2"": 6}",3.5,3.5,3.0,3.3333,False,False,3.0,3.0,3.0,3.0
kt_P2,16617adf17ee61ed74e69e567aa545ca,P2,Kế toán,Trưởng Phòng Kinh Doanh Bất Động Sản,Bất động sản,E1,"{""E1"": 6}",3.0,3.0,3.0,3.0,False,False,2.0,2.0,1.0,1.0
kt_P2,21e374ac9c4191dfb45bdc896cc76ac5,P2,Kế toán,Nhân Viên Chăm Sóc Khách Hàng| Telesales,Chăm sóc khách hàng,E2t,"{""E2t"": 6}",5.0,5.25,5.0,5.3333,True,True,1.0,1.0,2.0,2.0
kt_P2,1b7a70e52fd995f2d8b150d3459d17ad,P2,Kế toán,Chuyên Viên Cao Cấp KHDN Upper SME - Vùng Hà Nội 1 - TA170 - ID496,Nhân viên kinh doanh,E1,"{""E1"": 7}",4.0,4.25,3.0,4.0,False,False,3.0,3.0,1.0,0.0
kt_P2,eadb10f792afb06bf250cdce60363583,P2,Kế toán,"Giám Sát Tuyển Sinh - Quản Lý Lớp Học - Sales Supervisor (Quảng Ngãi, Đà Nẵng, Long An) - Có Kinh Nghiệm Quản Lý Đội Nhóm",Telesales,E2,"{""E2"": 7}",5.0,5.25,4.0,4.6667,True,False,3.0,2.0,5.0,1.0
kt_P2,2f2d246ec5640655101bd2edb92cfe27,P2,Kế toán,Nhân Viên Sales Admin,Nhân viên kinh doanh,E3t,"{""E3t"": 8}",5.0,4.5,4.0,4.0,True,False,4.0,4.0,8.0,7.0
kt_P2,7222c009019dbf5438a77e38fdcb9770,P2,Kế toán,Nhân Viên Kinh Doanh/ Nhân Viên Tư Vấn Tuyển Sinh/ Tư Vấn Khóa Học IELTS (Không Yêu Cầu Kinh Nghiệm Giáo Dục) - Lương 12 - 25 Triệu/Tháng,Nhân viên kinh doanh,E1,"{""E1"": 8}",5.5,5.5,6.0,5.6667,True,True,1.0,1.0,2.0,2.0
kt_P2,c5fe279396f47bc72e69c219b648ef44,P2,Kế toán,Chuyên Viên Kế Toán Thanh Toán/ Bán Hàng,Nhân viên kinh doanh,E2t,"{""E2t"": 8}",5.0,5.25,4.0,4.6667,True,False,3.0,2.0,3.0,3.0
kt_P2,02a9a6e1d4954f1701c48d7cd634e8ad,P2,Kế toán,Cửa Hàng Trưởng Nhà Sách - Nhận Việc Ngay,Telesales,E1,"{""E1"": 9}",3.0,3.25,3.0,3.3333,False,False,3.0,3.0,1.0,1.0
kt_P2,e2a95ee4eb1f005599ac4cbb23651694,P2,Kế toán,Nhân Viên Chăm Sóc Khách Hàng Kiêm Lễ Tân,Chăm sóc khách hàng,E1,"{""E1"": 10}",5.5,5.25,5.0,5.0,True,True,2.0,2.0,2.0,2.0
kt_P2,f37293f61c402e0ed9582706c3891b4b,P2,Kế toán,Trưởng Phòng Telesale,Telesales,E2t,"{""E2t"": 10}",2.5,2.5,2.0,2.3333,False,False,1.0,1.0,1.0,1.0
kt_P2,f490a8c8e59387660c6c465bb32614f3,P2,Kế toán,Solution Consultant (CRM & Marketing),IT,E3t,"{""E3t"": 10}",5.0,4.5,5.0,4.3333,True,True,4.0,4.0,6.0,6.0
ldpt_L1,520ef089c61043ffae3a5e0f0bdd6007,L1,Lao động phổ thông,Nhân Viên Phục Vụ,Lao động phổ thông,E1|E2|E3|E2t|E3t,"{""E1"": 1, ""E2"": 1, ""E3"": 1, ""E2t"": 1, ""E3t"": 1}",7.0,7.5,7.0,7.6667,True,True,2.0,2.0,0.0,0.0
ldpt_L1,14b34f886adfba1566e778771c4584c1,L1,Lao động phổ thông,Nhân Viên Lái Xe Giao Nhận Hàng Hóa,Lao động phổ thông,E1|E2|E3|E2t|E3t,"{""E1"": 3, ""E2"": 2, ""E3"": 3, ""E2t"": 2, ""E3t"": 4}",3.5,3.5,3.0,3.0,False,False,3.0,2.0,3.0,3.0
ldpt_L1,293355d0da54ac190aef7b7414a3dcf2,L1,Lao động phổ thông,Nhân Viên Telesales - Bán Hàng Qua Điện Thoại,Lao động phổ thông,E2|E3|E2t|E3t,"{""E2"": 3, ""E3"": 2, ""E2t"": 5, ""E3t"": 2}",5.0,5.0,5.0,4.6667,True,True,2.0,1.0,1.0,1.0
ldpt_L1,4646be97197f162b1be3a5912e6b214d,L1,Lao động phổ thông,"Nhân Viên Phục Vụ Nhà Hàng Fulltime / Thu Nhập Từ 15TR / Tại Thảo Điền, Quận 2 Cũ (Phường An Khánh, HCM)",Lao động phổ thông,E1|E2|E2t|E3t,"{""E1"": 2, ""E2"": 10, ""E2t"": 3, ""E3t"": 3}",7.0,6.75,7.0,6.6667,True,True,3.0,3.0,7.0,6.0
ldpt_L1,6553714e60262e7bb71e982f1b4633ac,L1,Lao động phổ thông,Nhân Viên Tư Vấn & Bán Hàng Tại Shop (Thu Nhập Hấp Dẫn),Lao động phổ thông,E3|E3t,"{""E3"": 4, ""E3t"": 7}",5.0,5.0,4.0,4.3333,True,False,4.0,3.0,7.0,7.0
ldpt_L1,87991121fdd88722b979ea49a7f1dc9d,L1,Lao động phổ thông,Nhân Viên Vận Hành Máy,Lao động phổ thông,E2|E3|E2t|E3t,"{""E2"": 7, ""E3"": 5, ""E2t"": 4, ""E3t"": 10}",3.5,3.75,3.0,2.6667,False,False,6.0,3.0,10.0,9.0
ldpt_L1,8b9d34a2ac427ffa21e8cc1c6f98a508,L1,Lao động phổ thông,"Nhân Viên Kho - Phụ Kho (Nam) / Tại Bình Trị Đông, Bình Tân / Lương 9 Triệu",Lao động phổ thông,E1|E2|E2t|E3t,"{""E1"": 4, ""E2"": 9, ""E2t"": 6, ""E3t"": 6}",4.0,4.0,4.0,4.0,False,False,2.0,2.0,9.0,7.0
ldpt_L1,b453b61d27dfebbe469da9bd8c3d7caf,L1,Lao động phổ thông,Nhân Viên Phụ Kho (Nam),Lao động phổ thông,E1|E2|E3|E2t|E3t,"{""E1"": 6, ""E2"": 4, ""E3"": 7, ""E2t"": 7, ""E3t"": 8}",5.0,5.0,5.0,4.6667,True,True,2.0,1.0,2.0,2.0
ldpt_L1,2dbcb5bcfee3f75738366dd9ba68d884,L1,Lao động phổ thông,Lái Xe Cho Sếp,Lao động phổ thông,E1|E2|E3|E2t,"{""E1"": 8, ""E2"": 5, ""E3"": 6, ""E2t"": 9}",1.5,1.5,1.0,1.3333,False,False,1.0,1.0,1.0,1.0
ldpt_L1,4d7b6ab5bdeae63a5ec39a040e221f57,L1,Lao động phổ thông,Nhân Viên Lễ Tân Tòa Nhà (Resident Receptionist) - Tiếng Anh,Lao động phổ thông,E3t,"{""E3t"": 5}",4.5,4.25,5.0,4.6667,False,True,2.0,1.0,2.0,2.0
ldpt_L1,7a6ded3ab3c207ed2ad261175bbef740,L1,Lao động phổ thông,Nhân Viên Kho Thanh Trì- Hà Nội/ Bình Tân- Hồ Chí Minh - Thu Nhập Ổn Định 10- 12 Triệu/Tháng,Lao động phổ thông,E1,"{""E1"": 5}",5.0,5.25,5.0,4.6667,True,True,3.0,1.0,0.0,0.0
ldpt_L1,9a26bc7a9ec9c6675650d2b7a0687b09,L1,Lao động phổ thông,Nhân Viên Nấu Bếp,Lao động phổ thông,E1|E2|E3|E2t,"{""E1"": 9, ""E2"": 6, ""E3"": 9, ""E2t"": 10}",2.5,2.75,2.0,2.6667,False,False,4.0,4.0,3.0,3.0
ldpt_L1,0b14d5e5feab380f7921e1c69124ea8d,L1,Lao động phổ thông,Nhân Viên Lái Xe Cho Lãnh Đạo,Lao động phổ thông,E1,"{""E1"": 7}",2.0,2.0,2.0,1.6667,False,False,2.0,1.0,1.0,1.0
ldpt_L1,4778f812fe1d62f4fac1808d96b92a02,L1,Lao động phổ thông,"Nhân Viên Vận Hành, Bảo Trì, Bảo Dưỡng Hệ Thống Tự Động Hóa, PLC",Lao động phổ thông,E2t,"{""E2t"": 8}",3.5,3.25,3.0,3.0,False,False,2.0,2.0,1.0,1.0
ldpt_L1,89247410d2d34b11a69a5a6c11ee5555,L1,Lao động phổ thông,Nhân Viên Bán Hàng Showroom,Lao động phổ thông,E3,"{""E3"": 8}",5.0,5.0,5.0,4.3333,True,True,4.0,2.0,1.0,1.0
ldpt_L1,ab91f6c88e656e539aefb4de86270394,L1,Lao động phổ thông,Nhân Viên Bảo Mẫu,Lao động phổ thông,E2|E3,"{""E2"": 8, ""E3"": 10}",4.0,4.25,3.0,3.3333,False,False,5.0,3.0,2.0,2.0
ldpt_L1,dde1be6a9f3f3d23f4706b9a3815e42e,L1,Lao động phổ thông,Nhân Viên Bán Hàng - Trực Page Khu Vực Tân Phú,Lao động phổ thông,E3t,"{""E3t"": 9}",4.0,3.75,3.0,3.3333,False,False,3.0,3.0,0.0,0.0
ldpt_L1,aa3278480c68ba0e8bce87954caf1dcc,L1,Lao động phổ thông,Lái Xe Giám Đốc,Lao động phổ thông,E1,"{""E1"": 10}",2.0,2.5,2.0,1.6667,False,False,4.0,1.0,5.0,3.0
ldpt_L1b,31dd752b3d4232159bc02317477e41eb,L1b,Lao động phổ thông,Head Barista - Trưởng Quầy Pha Chế,Lao động phổ thông,E1|E2|E3|E2t|E3t,"{""E1"": 1, ""E2"": 1, ""E3"": 2, ""E2t"": 1, ""E3t"": 2}",2.5,2.5,2.0,2.3333,False,False,1.0,1.0,2.0,2.0
ldpt_L1b,9375e4be6cd01b082f045dcd58264497,L1b,Lao động phổ thông,Trưởng Nhóm Đào Tạo Pha Chế,Lao động phổ thông,E1|E2|E3|E2t|E3t,"{""E1"": 2, ""E2"": 2, ""E3"": 1, ""E2t"": 2, ""E3t"": 1}",3.5,3.25,4.0,3.3333,False,False,2.0,2.0,1.0,1.0
ldpt_L1b,3d91d1d47f449cb42a80f0f0c0a2ba3e,L1b,Lao động phổ thông,Trưởng Nhóm Barista,Lao động phổ thông,E1|E2|E3|E2t|E3t,"{""E1"": 9, ""E2"": 5, ""E3"": 4, ""E2t"": 4, ""E3t"": 3}",4.0,4.0,4.0,4.0,False,False,2.0,2.0,1.0,1.0
ldpt_L1b,f0b26c47ee45c09b2fa65bc782af7252,L1b,Lao động phổ thông,"Nhân Viên Pha Chế - Nhà Hàng LILYSA / Thu Nhập 15 Triệu / Phường An Khánh, HCM",Lao động phổ thông,E1|E2|E3|E2t|E3t,"{""E1"": 3, ""E2"": 3, ""E3"": 3, ""E2t"": 3, ""E3t"": 4}",4.5,4.5,5.0,4.6667,False,True,3.0,3.0,1.0,1.0
ldpt_L1b,23a062d025340d00f0eb70e4f985aee2,L1b,Lao động phổ thông,Nhân Viên Sale Trực Page Thị Trường Ngoại Ca Tối & Ca Đêm,Lao động phổ thông,E1|E3|E2t|E3t,"{""E1"": 4, ""E3"": 7, ""E2t"": 7, ""E3t"": 6}",4.5,4.5,4.0,3.6667,False,False,5.0,3.0,6.0,4.0
ldpt_L1b,2678b66fceacd696385f77e237d726cd,L1b,Lao động phổ thông,Head Bar,Lao động phổ thông,E1|E2|E3|E2t|E3t,"{""E1"": 7, ""E2"": 4, ""E3"": 5, ""E2t"": 5, ""E3t"": 5}",3.0,3.0,3.0,3.0,False,False,4.0,4.0,3.0,3.0
ldpt_L1b,e09ced58995dcdf243db0b20d87dff95,L1b,Lao động phổ thông,Quản Lý Cửa Hàng Dược Mỹ Phẩm - Thu Nhập Upto 15 Triệu Tại Lottle Gò Vấp,Lao động phổ thông,E1|E2t|E3t,"{""E1"": 5, ""E2t"": 9, ""E3t"": 8}",3.5,3.75,3.0,3.6667,False,False,2.0,2.0,3.0,2.0
ldpt_L1b,7ff12a1115d059edb55eeb45a31f5a45,L1b,Lao động phổ thông,"Nhân Viên Bán Hàng Sô-Cô-La - Giao Tiếp Tiếng Anh - Không Yêu Cầu Kinh Nghiệm - Hà Nội, Hồ Chí Minh, Đà Nẵng, Hội An, Phú Quốc",Lao động phổ thông,E1|E2|E3|E2t|E3t,"{""E1"": 6, ""E2"": 6, ""E3"": 6, ""E2t"": 6, ""E3t"": 7}",5.0,5.25,5.0,4.6667,True,True,3.0,1.0,1.0,1.0
ldpt_L1b,14fd3f9e45a57ad60b8fde7ebec11f55,L1b,Lao động phổ thông,Đầu Bếp,Lao động phổ thông,E1|E2|E3|E2t,"{""E1"": 10, ""E2"": 7, ""E3"": 10, ""E2t"": 10}",2.0,2.0,2.0,2.0,False,False,2.0,2.0,3.0,3.0
ldpt_L1b,332b842c0854222126666c568e291898,L1b,Lao động phổ thông,Nhân Viên Kho Kinh Nghiệm 1 Năm Trở Lên,Lao động phổ thông,E1,"{""E1"": 8}",5.5,5.25,5.0,4.6667,True,True,4.0,3.0,3.0,1.0
ldpt_L1b,e7dab3031ab1fbf67ca9d9e3fb0c21ae,L1b,Lao động phổ thông,Giám Sát Ca,Lao động phổ thông,E2|E3|E2t|E3t,"{""E2"": 8, ""E3"": 8, ""E2t"": 8, ""E3t"": 10}",3.0,3.25,3.0,3.3333,False,False,3.0,3.0,3.0,3.0
ldpt_L1b,6553714e60262e7bb71e982f1b4633ac,L1b,Lao động phổ thông,Nhân Viên Tư Vấn & Bán Hàng Tại Shop (Thu Nhập Hấp Dẫn),Lao động phổ thông,E2|E3,"{""E2"": 9, ""E3"": 9}",6.5,6.25,6.0,6.0,True,True,2.0,2.0,2.0,1.0
ldpt_L1b,dde1be6a9f3f3d23f4706b9a3815e42e,L1b,Lao động phổ thông,Nhân Viên Bán Hàng - Trực Page Khu Vực Tân Phú,Lao động phổ thông,E3t,"{""E3t"": 9}",5.0,4.5,5.0,4.3333,True,True,2.0,2.0,2.0,2.0
ldpt_L1b,89247410d2d34b11a69a5a6c11ee5555,L1b,Lao động phổ thông,Nhân Viên Bán Hàng Showroom,Lao động phổ thông,E2,"{""E2"": 10}",6.0,5.75,5.0,5.3333,True,True,3.0,3.0,1.0,1.0
ldpt_L2,6553714e60262e7bb71e982f1b4633ac,L2,Lao động phổ thông,Nhân Viên Tư Vấn & Bán Hàng Tại Shop (Thu Nhập Hấp Dẫn),Lao động phổ thông,E1|E2|E3|E2t|E3t,"{""E1"": 1, ""E2"": 4, ""E3"": 3, ""E2t"": 3, ""E3t"": 3}",6.5,6.25,6.0,6.0,True,True,2.0,2.0,2.0,1.0
ldpt_L2,e7dab3031ab1fbf67ca9d9e3fb0c21ae,L2,Lao động phổ thông,Giám Sát Ca,Lao động phổ thông,E1|E2|E3|E2t|E3t,"{""E1"": 3, ""E2"": 1, ""E3"": 1, ""E2t"": 1, ""E3t"": 1}",4.5,4.5,5.0,4.6667,False,True,1.0,1.0,0.0,0.0
ldpt_L2,89247410d2d34b11a69a5a6c11ee5555,L2,Lao động phổ thông,Nhân Viên Bán Hàng Showroom,Lao động phổ thông,E1|E2|E3|E2t|E3t,"{""E1"": 2, ""E2"": 2, ""E3"": 2, ""E2t"": 2, ""E3t"": 2}",7.0,6.75,7.0,6.6667,True,True,1.0,1.0,1.0,1.0
ldpt_L2,f0b26c47ee45c09b2fa65bc782af7252,L2,Lao động phổ thông,"Nhân Viên Pha Chế - Nhà Hàng LILYSA / Thu Nhập 15 Triệu / Phường An Khánh, HCM",Lao động phổ thông,E1|E2|E3|E2t|E3t,"{""E1"": 4, ""E2"": 3, ""E3"": 6, ""E2t"": 4, ""E3t"": 5}",4.0,4.5,4.0,5.0,False,False,4.0,3.0,2.0,2.0
ldpt_L2,e4dde83c976b544b51cfb4b8d3631bba,L2,Lao động phổ thông,Quản Lý Sản Phẩm Và Phát Triển (Ngành F&B),Lao động phổ thông,E1|E2|E3|E2t|E3t,"{""E1"": 9, ""E2"": 5, ""E3"": 4, ""E2t"": 5, ""E3t"": 4}",2.0,2.25,2.0,2.3333,False,False,3.0,3.0,3.0,3.0
ldpt_L2,51b5cfeb8670f330525e422d0c6e13c4,L2,Lao động phổ thông,Chuyên Viên Hành Chính Nhân Sự,Lao động phổ thông,E2|E3|E2t|E3t,"{""E2"": 8, ""E3"": 5, ""E2t"": 8, ""E3t"": 7}",2.5,2.25,2.0,2.0,False,False,2.0,2.0,1.0,1.0
ldpt_L2,9375e4be6cd01b082f045dcd58264497,L2,Lao động phổ thông,Trưởng Nhóm Đào Tạo Pha Chế,Lao động phổ thông,E1|E2|E3|E2t|E3t,"{""E1"": 5, ""E2"": 7, ""E3"": 8, ""E2t"": 6, ""E3t"": 6}",3.5,3.75,4.0,4.0,False,False,2.0,2.0,2.0,2.0
ldpt_L2,1c2d5300e31b3068c6f92540817e4261,L2,Lao động phổ thông,Quản Lý Cửa Hàng Tiện Lợi 7-Eleven (Store Manager),Lao động phổ thông,E1|E3|E2t|E3t,"{""E1"": 6, ""E3"": 9, ""E2t"": 10, ""E3t"": 9}",5.0,5.25,5.0,5.3333,True,True,1.0,1.0,2.0,2.0
ldpt_L2,4a2b8d3acba75bc63ab20cfca3856f35,L2,Lao động phổ thông,Trưởng Ban Vận Hành F&B - Chuỗi Nhà Hàng,Lao động phổ thông,E1|E2|E3|E2t|E3t,"{""E1"": 8, ""E2"": 6, ""E3"": 7, ""E2t"": 7, ""E3t"": 8}",2.0,1.75,2.0,1.6667,False,False,1.0,1.0,3.0,2.0
ldpt_L2,2b7e7bb771ccdeb0f57172dcea69c8d0,L2,Lao động phổ thông,Quản Lý Cửa Hàng Tiện Lợi 7-Eleven (Store Manager),Lao động phổ thông,E1,"{""E1"": 7}",5.5,5.25,6.0,5.3333,True,True,2.0,2.0,3.0,3.0
ldpt_L2,31dd752b3d4232159bc02317477e41eb,L2,Lao động phổ thông,Head Barista - Trưởng Quầy Pha Chế,Lao động phổ thông,E2t,"{""E2t"": 9}",3.5,3.75,3.0,3.6667,False,False,2.0,2.0,1.0,1.0
ldpt_L2,3d91d1d47f449cb42a80f0f0c0a2ba3e,L2,Lao động phổ thông,Trưởng Nhóm Barista,Lao động phổ thông,E1|E2|E3,"{""E1"": 10, ""E2"": 9, ""E3"": 10}",4.0,4.0,4.0,4.0,False,False,2.0,2.0,2.0,2.0
ldpt_L2,87991121fdd88722b979ea49a7f1dc9d,L2,Lao động phổ thông,Nhân Viên Vận Hành Máy,Lao động phổ thông,E2,"{""E2"": 10}",4.0,4.0,3.0,3.3333,False,False,4.0,3.0,4.0,3.0
ldpt_L2,dde1be6a9f3f3d23f4706b9a3815e42e,L2,Lao động phổ thông,Nhân Viên Bán Hàng - Trực Page Khu Vực Tân Phú,Lao động phổ thông,E3t,"{""E3t"": 10}",5.0,5.25,5.0,5.3333,True,True,1.0,1.0,2.0,2.0
ldpt_L2b,14fd3f9e45a57ad60b8fde7ebec11f55,L2b,Lao động phổ thông,Đầu Bếp,Lao động phổ thông,E1|E2|E3|E2t|E3t,"{""E1"": 3, ""E2"": 1, ""E3"": 3, ""E2t"": 2, ""E3t"": 5}",7.0,7.0,7.0,7.0,True,True,0.0,0.0,1.0,0.0
ldpt_L2b,e7dab3031ab1fbf67ca9d9e3fb0c21ae,L2b,Lao động phổ thông,Giám Sát Ca,Lao động phổ thông,E1|E2|E3|E2t|E3t,"{""E1"": 1, ""E2"": 2, ""E3"": 1, ""E2t"": 1, ""E3t"": 1}",5.0,5.25,5.0,5.3333,True,True,1.0,1.0,2.0,2.0
ldpt_L2b,31dd752b3d4232159bc02317477e41eb,L2b,Lao động phổ thông,Head Barista - Trưởng Quầy Pha Chế,Lao động phổ thông,E2t|E3t,"{""E2t"": 3, ""E3t"": 2}",4.0,3.75,3.0,3.3333,False,False,3.0,3.0,3.0,3.0
ldpt_L2b,332b842c0854222126666c568e291898,L2b,Lao động phổ thông,Nhân Viên Kho Kinh Nghiệm 1 Năm Trở Lên,Lao động phổ thông,E1|E2t|E3t,"{""E1"": 2, ""E2t"": 4, ""E3t"": 6}",3.5,3.5,2.0,3.0,False,False,3.0,3.0,3.0,3.0
ldpt_L2b,9375e4be6cd01b082f045dcd58264497,L2b,Lao động phổ thông,Trưởng Nhóm Đào Tạo Pha Chế,Lao động phổ thông,E1|E2|E3|E2t|E3t,"{""E1"": 4, ""E2"": 3, ""E3"": 2, ""E2t"": 5, ""E3t"": 3}",4.5,4.25,5.0,4.3333,False,True,2.0,2.0,1.0,1.0
ldpt_L2b,2678b66fceacd696385f77e237d726cd,L2b,Lao động phổ thông,Head Bar,Lao động phổ thông,E2|E3|E2t|E3t,"{""E2"": 5, ""E3"": 5, ""E2t"": 7, ""E3t"": 4}",4.0,3.5,4.0,3.3333,False,False,4.0,4.0,3.0,3.0
ldpt_L2b,f0b26c47ee45c09b2fa65bc782af7252,L2b,Lao động phổ thông,"Nhân Viên Pha Chế - Nhà Hàng LILYSA / Thu Nhập 15 Triệu / Phường An Khánh, HCM",Lao động phổ thông,E1|E2|E3|E2t|E3t,"{""E1"": 5, ""E2"": 4, ""E3"": 4, ""E2t"": 6, ""E3t"": 7}",6.5,6.25,6.0,6.0,True,True,4.0,4.0,3.0,3.0
ldpt_L2b,3d91d1d47f449cb42a80f0f0c0a2ba3e,L2b,Lao động phổ thông,Trưởng Nhóm Barista,Lao động phổ thông,E2|E3|E3t,"{""E2"": 10, ""E3"": 6, ""E3t"": 8}",4.0,4.75,4.0,5.0,False,False,5.0,5.0,4.0,4.0
ldpt_L2b,c377ed7d1f316096a485d52e9936a074,L2b,Lao động phổ thông,Tổ Phó Bếp,Lao động phổ thông,E1|E2|E3|E2t,"{""E1"": 8, ""E2"": 6, ""E3"": 8, ""E2t"": 9}",7.5,7.25,8.0,7.3333,True,True,2.0,2.0,3.0,3.0
ldpt_L2b,f6031251718bf52ac7f8c33905c4f54c,L2b,Lao động phổ thông,Tổ Trưởng Bếp Tổng - Bếp Trung Tâm,Lao động phổ thông,E1|E2|E3|E2t|E3t,"{""E1"": 6, ""E2"": 8, ""E3"": 9, ""E2t"": 10, ""E3t"": 9}",5.5,5.75,5.0,5.3333,True,True,2.0,1.0,2.0,1.0
ldpt_L2b,14b34f886adfba1566e778771c4584c1,L2b,Lao động phổ thông,Nhân Viên Lái Xe Giao Nhận Hàng Hóa,Lao động phổ thông,E1,"{""E1"": 7}",3.5,3.5,3.0,3.3333,False,False,3.0,3.0,6.0,3.0
ldpt_L2b,4758a56f9408404a059ee203fe91c466,L2b,Lao động phổ thông,Bếp Phó,Lao động phổ thông,E2|E3|E2t,"{""E2"": 7, ""E3"": 10, ""E2t"": 8}",5.0,4.75,6.0,5.3333,True,True,3.0,2.0,3.0,3.0
ldpt_L2b,e4dde83c976b544b51cfb4b8d3631bba,L2b,Lao động phổ thông,Quản Lý Sản Phẩm Và Phát Triển (Ngành F&B),Lao động phổ thông,E1|E2|E3|E3t,"{""E1"": 9, ""E2"": 9, ""E3"": 7, ""E3t"": 10}",2.5,2.75,3.0,3.0,False,False,2.0,2.0,1.0,1.0
ldpt_L2b,410f878b6acbc1af33050c7a3149f105,L2b,Lao động phổ thông,Nhân Viên Nhà Hàng Nhật,Lao động phổ thông,E1,"{""E1"": 10}",6.5,5.5,6.0,5.0,True,True,5.0,5.0,2.0,2.0
ldpt_L3,3af5c72ad2b6b7a6d004441686a5872f,L3,Lao động phổ thông,Nhân Viên Kỹ Thuật Bảo Trì Sửa Chữa Thiết Bị Điện Lạnh/ Kho Lạnh/ Tủ Lạnh/Tủ Showcase,Lao động phổ thông,E1|E2|E3|E3t,"{""E1"": 9, ""E2"": 3, ""E3"": 1, ""E3t"": 7}",2.0,2.25,2.0,2.3333,False,False,3.0,3.0,5.0,3.0
ldpt_L3,42ddd29de903a129b7751da58a1d2873,L3,Lao động phổ thông,Bếp Chính - Unagi Yosakura HCM (Nhà Hàng Nhật) (Gross - 12 Triệu/Tháng),Lao động phổ thông,E1|E2|E2t|E3t,"{""E1"": 1, ""E2"": 2, ""E2t"": 1, ""E3t"": 1}",8.0,7.5,8.0,7.3333,True,True,2.0,2.0,2.0,2.0
ldpt_L3,f6031251718bf52ac7f8c33905c4f54c,L3,Lao động phổ thông,Tổ Trưởng Bếp Tổng - Bếp Trung Tâm,Lao động phổ thông,E2|E3|E2t,"{""E2"": 1, ""E3"": 6, ""E2t"": 7}",5.5,5.5,5.0,5.0,True,True,3.0,2.0,3.0,2.0
ldpt_L3,14b34f886adfba1566e778771c4584c1,L3,Lao động phổ thông,Nhân Viên Lái Xe Giao Nhận Hàng Hóa,Lao động phổ thông,E1|E2|E3|E2t|E3t,"{""E1"": 7, ""E2"": 4, ""E3"": 2, ""E2t"": 10, ""E3t"": 9}",3.0,3.0,3.0,2.6667,False,False,2.0,1.0,3.0,3.0
ldpt_L3,332b842c0854222126666c568e291898,L3,Lao động phổ thông,Nhân Viên Kho Kinh Nghiệm 1 Năm Trở Lên,Lao động phổ thông,E3|E3t,"{""E3"": 5, ""E3t"": 2}",4.0,4.5,3.0,3.6667,False,False,4.0,2.0,4.0,1.0
ldpt_L3,9a26bc7a9ec9c6675650d2b7a0687b09,L3,Lao động phổ thông,Nhân Viên Nấu Bếp,Lao động phổ thông,E2t|E3t,"{""E2t"": 2, ""E3t"": 4}",8.0,7.75,8.0,7.6667,True,True,1.0,1.0,2.0,1.0
ldpt_L3,e7dab3031ab1fbf67ca9d9e3fb0c21ae,L3,Lao động phổ thông,Giám Sát Ca,Lao động phổ thông,E1|E2|E3|E2t|E3t,"{""E1"": 2, ""E2"": 8, ""E3"": 4, ""E2t"": 3, ""E3t"": 3}",5.5,6.0,6.0,6.3333,True,True,3.0,3.0,4.0,4.0
ldpt_L3,02a112e050510e8348315a42faadea5a,L3,Lao động phổ thông,Thủ Kho Hàng Tiêu Dùng - Thương Mại Điện Tử,Lao động phổ thông,E2|E3|E3t,"{""E2"": 6, ""E3"": 3, ""E3t"": 6}",4.0,3.5,4.0,3.3333,False,False,2.0,2.0,6.0,3.0
ldpt_L3,6553714e60262e7bb71e982f1b4633ac,L3,Lao động phổ thông,Nhân Viên Tư Vấn & Bán Hàng Tại Shop (Thu Nhập Hấp Dẫn),Lao động phổ thông,E1|E2|E3|E2t|E3t,"{""E1"": 3, ""E2"": 5, ""E3"": 7, ""E2t"": 5, ""E3t"": 5}",5.0,5.0,5.0,4.6667,True,True,2.0,1.0,1.0,1.0
ldpt_L3,1c2d5300e31b3068c6f92540817e4261,L3,Lao động phổ thông,Quản Lý Cửa Hàng Tiện Lợi 7-Eleven (Store Manager),Lao động phổ thông,E1|E2t|E3t,"{""E1"": 4, ""E2t"": 9, ""E3t"": 10}",4.5,4.5,4.0,4.3333,False,False,3.0,3.0,2.0,2.0
ldpt_L3,520ef089c61043ffae3a5e0f0bdd6007,L3,Lao động phổ thông,Nhân Viên Phục Vụ,Lao động phổ thông,E2t,"{""E2t"": 4}",8.0,7.75,8.0,7.6667,True,True,1.0,1.0,4.0,4.0
ldpt_L3,2b7e7bb771ccdeb0f57172dcea69c8d0,L3,Lao động phổ thông,Quản Lý Cửa Hàng Tiện Lợi 7-Eleven (Store Manager),Lao động phổ thông,E1,"{""E1"": 5}",4.0,3.75,3.0,3.3333,False,False,3.0,3.0,4.0,3.0
ldpt_L3,10f6b9dd9e2758231ca384bfb26e20c7,L3,Lao động phổ thông,Bếp Chính Nhà Hàng Âu,Lao động phổ thông,E1|E2,"{""E1"": 6, ""E2"": 10}",7.0,7.25,7.0,7.3333,True,True,3.0,3.0,3.0,2.0
ldpt_L3,14fd3f9e45a57ad60b8fde7ebec11f55,L3,Lao động phổ thông,Đầu Bếp,Lao động phổ thông,E2|E3|E2t|E3t,"{""E2"": 7, ""E3"": 8, ""E2t"": 6, ""E3t"": 8}",8.0,8.25,8.0,8.3333,True,True,1.0,1.0,1.0,1.0
ldpt_L3,40c4458c978ca39c237485c91ac74a3d,L3,Lao động phổ thông,Nhân Viên Lái Xe Cho Sếp,Lao động phổ thông,E1,"{""E1"": 8}",1.5,1.75,1.0,1.3333,False,False,2.0,1.0,2.0,2.0
ldpt_L3,c377ed7d1f316096a485d52e9936a074,L3,Lao động phổ thông,Tổ Phó Bếp,Lao động phổ thông,E2t,"{""E2t"": 8}",7.5,7.75,8.0,8.0,True,True,2.0,2.0,2.0,1.0
ldpt_L3,4758a56f9408404a059ee203fe91c466,L3,Lao động phổ thông,Bếp Phó,Lao động phổ thông,E2|E3,"{""E2"": 9, ""E3"": 9}",5.5,5.5,6.0,6.0,True,True,3.0,2.0,5.0,5.0
ldpt_L3,026e1c602292099cc482cd1e9050789d,L3,Lao động phổ thông,Chủ Quản Đóng Gói,Lao động phổ thông,E3,"{""E3"": 10}",2.0,2.0,2.0,1.6667,False,False,2.0,1.0,2.0,2.0
ldpt_L3,1c2d591d52186db399ed44582322736c,L3,Lao động phổ thông,Trưởng Khối Vận Hành (Head Of Operations),Lao động phổ thông,E1,"{""E1"": 10}",2.0,2.25,2.0,2.6667,False,False,3.0,2.0,5.0,4.0
ldpt_L3b,3af5c72ad2b6b7a6d004441686a5872f,L3b,Lao động phổ thông,Nhân Viên Kỹ Thuật Bảo Trì Sửa Chữa Thiết Bị Điện Lạnh/ Kho Lạnh/ Tủ Lạnh/Tủ Showcase,Lao động phổ thông,E1|E2|E3|E2t|E3t,"{""E1"": 2, ""E2"": 1, ""E3"": 3, ""E2t"": 3, ""E3t"": 3}",5.5,5.25,5.0,4.6667,True,True,4.0,3.0,5.0,5.0
ldpt_L3b,bb0b9ec8a903c5413856887166286e69,L3b,Lao động phổ thông,Nhân Viên Lái Xe,Lao động phổ thông,E1|E2|E3|E2t|E3t,"{""E1"": 6, ""E2"": 3, ""E3"": 1, ""E2t"": 7, ""E3t"": 1}",6.5,5.75,6.0,5.3333,True,True,4.0,4.0,6.0,5.0
ldpt_L3b,bd6dd77b21b8e33445196c0f73457c47,L3b,Lao động phổ thông,Tài Xế Lái Xe Văn Phòng - Giao Tiếp Tiếng Trung,Lao động phổ thông,E1|E3|E2t|E3t,"{""E1"": 1, ""E3"": 7, ""E2t"": 1, ""E3t"": 2}",5.0,5.25,5.0,4.6667,True,True,3.0,1.0,6.0,5.0
ldpt_L3b,14fed9a36eea19b25d9877d660b60187,L3b,Lao động phổ thông,Nhân Viên Kỹ Thuật Bảo Trì Tòa Nhà/ Văn Phòng,Lao động phổ thông,E1|E2|E2t|E3t,"{""E1"": 4, ""E2"": 2, ""E2t"": 4, ""E3t"": 9}",5.5,5.75,5.0,5.6667,True,True,2.0,2.0,5.0,4.0
ldpt_L3b,49180c88e962ce31c20a9fdc5005e7eb,L3b,Lao động phổ thông,Trưởng Nhóm Kỹ Thuật Bảo Trì,Lao động phổ thông,E2|E2t,"{""E2"": 4, ""E2t"": 2}",7.0,6.0,7.0,5.6667,True,True,4.0,4.0,6.0,5.0
ldpt_L3b,cda48c82766411bf55a282881ecc8f2c,L3b,Lao động phổ thông,Tài Xế Lái Xe 7 Chỗ,Lao động phổ thông,E3|E3t,"{""E3"": 2, ""E3t"": 4}",5.0,4.25,5.0,4.0,True,True,3.0,3.0,7.0,7.0
ldpt_L3b,89cff6b5e5d544634ba01b7d1e4a8f1e,L3b,Lao động phổ thông,Nhân Viên Bảo Trì Kỹ Thuật Căn Hộ Dịch Vụ Tại Hồ Chí Minh (Lương 11tr - 13tr ),Lao động phổ thông,E1|E2t|E3t,"{""E1"": 3, ""E2t"": 6, ""E3t"": 6}",6.0,5.5,6.0,5.0,True,True,4.0,3.0,6.0,4.0
ldpt_L3b,68e79c0d6d2814f03663ca4283317207,L3b,Lao động phổ thông,Nhân Viên Lái Xe,Lao động phổ thông,E1|E2|E3|E3t,"{""E1"": 7, ""E2"": 7, ""E3"": 4, ""E3t"": 10}",4.5,5.0,4.0,4.3333,False,False,3.0,1.0,5.0,0.0
ldpt_L3b,1afb5f61708cdb5900595b3383de6762,L3b,Lao động phổ thông,Nhân Viên Bảo Trì Thu Nhập 10 - 12 Triệu (6 Tháng Kinh Nghiệm) Tại Hồ Chí Minh,Lao động phổ thông,E1|E2|E2t,"{""E1"": 5, ""E2"": 10, ""E2t"": 9}",6.5,6.25,6.0,6.0,True,True,4.0,4.0,6.0,1.0
ldpt_L3b,332b842c0854222126666c568e291898,L3b,Lao động phổ thông,Nhân Viên Kho Kinh Nghiệm 1 Năm Trở Lên,Lao động phổ thông,E2|E3|E2t|E3t,"{""E2"": 5, ""E3"": 5, ""E2t"": 5, ""E3t"": 7}",8.0,7.75,8.0,8.0,True,True,1.0,0.0,3.0,2.0
ldpt_L3b,4778f812fe1d62f4fac1808d96b92a02,L3b,Lao động phổ thông,"Nhân Viên Vận Hành, Bảo Trì, Bảo Dưỡng Hệ Thống Tự Động Hóa, PLC",Lao động phổ thông,E2t|E3t,"{""E2t"": 8, ""E3t"": 5}",4.0,3.75,4.0,3.6667,False,False,1.0,1.0,5.0,5.0
ldpt_L3b,14b34f886adfba1566e778771c4584c1,L3b,Lao động phổ thông,Nhân Viên Lái Xe Giao Nhận Hàng Hóa,Lao động phổ thông,E3|E3t,"{""E3"": 6, ""E3t"": 8}",6.0,6.25,5.0,6.0,True,True,3.0,3.0,5.0,3.0
ldpt_L3b,b4148b587810cd38b6f0f954fc06b540,L3b,Lao động phổ thông,Chuyên Viên Kỹ Thuật (Mảng Điện Lạnh),Lao động phổ thông,E1|E2,"{""E1"": 8, ""E2"": 6}",5.5,5.0,5.0,4.6667,True,True,3.0,3.0,3.0,3.0
ldpt_L3b,02a112e050510e8348315a42faadea5a,L3b,Lao động phổ thông,Thủ Kho Hàng Tiêu Dùng - Thương Mại Điện Tử,Lao động phổ thông,E2|E2t,"{""E2"": 8, ""E2t"": 10}",5.5,5.75,6.0,6.0,True,True,2.0,2.0,1.0,0.0
ldpt_L3b,912d0844348f572e7b30df04db5b9d06,L3b,Lao động phổ thông,Nhân Viên Lái Xe Giao Hàng B2,Lao động phổ thông,E1|E3,"{""E1"": 9, ""E3"": 8}",4.0,4.25,4.0,3.3333,False,False,5.0,2.0,5.0,4.0
ldpt_L3b,ec8bed7bf57da4faf1441f2d6b58115c,L3b,Lao động phổ thông,Nhân Viên Lái Xe Văn Phòng,Lao động phổ thông,E2|E3,"{""E2"": 9, ""E3"": 9}",6.0,6.0,6.0,6.3333,True,True,2.0,1.0,4.0,4.0
ldpt_L3b,40c4458c978ca39c237485c91ac74a3d,L3b,Lao động phổ thông,Nhân Viên Lái Xe Cho Sếp,Lao động phổ thông,E3,"{""E3"": 10}",6.0,6.0,6.0,6.3333,True,True,2.0,1.0,4.0,4.0
ldpt_L3b,b26c6dbc62b1e72dbdc8943a558296bb,L3b,Lao động phổ thông,Trưởng Phòng Nghiệp Vụ,Lao động phổ thông,E1,"{""E1"": 10}",3.5,4.0,3.0,3.0,False,False,5.0,2.0,6.0,2.0
ldpt_L4,e7dab3031ab1fbf67ca9d9e3fb0c21ae,L4,Lao động phổ thông,Giám Sát Ca,Lao động phổ thông,E1|E2|E3|E2t|E3t,"{""E1"": 1, ""E2"": 1, ""E3"": 1, ""E2t"": 1, ""E3t"": 1}",8.0,7.75,8.0,7.6667,True,True,1.0,1.0,2.0,2.0
ldpt_L4,14fed9a36eea19b25d9877d660b60187,L4,Lao động phổ thông,Nhân Viên Kỹ Thuật Bảo Trì Tòa Nhà/ Văn Phòng,Lao động phổ thông,E1|E2|E2t|E3t,"{""E1"": 2, ""E2"": 8, ""E2t"": 2, ""E3t"": 2}",3.5,3.5,3.0,3.3333,False,False,3.0,3.0,4.0,4.0
ldpt_L4,4a2b8d3acba75bc63ab20cfca3856f35,L4,Lao động phổ thông,Trưởng Ban Vận Hành F&B - Chuỗi Nhà Hàng,Lao động phổ thông,E1|E2|E3|E2t|E3t,"{""E1"": 6, ""E2"": 2, ""E3"": 2, ""E2t"": 4, ""E3t"": 5}",6.0,6.0,6.0,6.3333,True,True,2.0,1.0,1.0,1.0
ldpt_L4,1afb5f61708cdb5900595b3383de6762,L4,Lao động phổ thông,Nhân Viên Bảo Trì Thu Nhập 10 - 12 Triệu (6 Tháng Kinh Nghiệm) Tại Hồ Chí Minh,Lao động phổ thông,E1|E2t|E3t,"{""E1"": 3, ""E2t"": 6, ""E3t"": 6}",3.5,3.75,2.0,3.3333,False,False,4.0,4.0,6.0,4.0
ldpt_L4,bb0b9ec8a903c5413856887166286e69,L4,Lao động phổ thông,Nhân Viên Lái Xe,Lao động phổ thông,E2|E3|E2t|E3t,"{""E2"": 5, ""E3"": 8, ""E2t"": 3, ""E3t"": 3}",4.5,4.25,4.0,4.0,False,False,2.0,2.0,5.0,5.0
ldpt_L4,e4dde83c976b544b51cfb4b8d3631bba,L4,Lao động phổ thông,Quản Lý Sản Phẩm Và Phát Triển (Ngành F&B),Lao động phổ thông,E2|E3|E2t|E3t,"{""E2"": 3, ""E3"": 3, ""E2t"": 5, ""E3t"": 4}",4.0,4.5,4.0,4.6667,False,False,2.0,2.0,2.0,2.0
ldpt_L4,1c2d5300e31b3068c6f92540817e4261,L4,Lao động phổ thông,Quản Lý Cửa Hàng Tiện Lợi 7-Eleven (Store Manager),Lao động phổ thông,E1|E3|E2t|E3t,"{""E1"": 4, ""E3"": 5, ""E2t"": 8, ""E3t"": 7}",6.0,6.0,6.0,5.6667,True,True,2.0,1.0,4.0,4.0
ldpt_L4,912d0844348f572e7b30df04db5b9d06,L4,Lao động phổ thông,Nhân Viên Lái Xe Giao Hàng B2,Lao động phổ thông,E1|E2|E3|E2t|E3t,"{""E1"": 8, ""E2"": 4, ""E3"": 4, ""E2t"": 10, ""E3t"": 10}",4.5,4.25,3.0,3.3333,False,False,6.0,5.0,6.0,2.0
ldpt_L4,2b7e7bb771ccdeb0f57172dcea69c8d0,L4,Lao động phổ thông,Quản Lý Cửa Hàng Tiện Lợi 7-Eleven (Store Manager),Lao động phổ thông,E1|E3|E2t|E3t,"{""E1"": 5, ""E3"": 9, ""E2t"": 9, ""E3t"": 9}",6.5,6.75,6.0,6.6667,True,True,2.0,2.0,4.0,3.0
ldpt_L4,cda48c82766411bf55a282881ecc8f2c,L4,Lao động phổ thông,Tài Xế Lái Xe 7 Chỗ,Lao động phổ thông,E2|E3,"{""E2"": 6, ""E3"": 6}",4.5,4.0,4.0,3.3333,False,False,5.0,4.0,5.0,2.0
ldpt_L4,14b34f886adfba1566e778771c4584c1,L4,Lao động phổ thông,Nhân Viên Lái Xe Giao Nhận Hàng Hóa,Lao động phổ thông,E2|E3,"{""E2"": 7, ""E3"": 10}",4.5,4.5,3.0,4.0,False,False,5.0,5.0,3.0,1.0
ldpt_L4,68e79c0d6d2814f03663ca4283317207,L4,Lao động phổ thông,Nhân Viên Lái Xe,Lao động phổ thông,E1|E2|E3,"{""E1"": 7, ""E2"": 9, ""E3"": 7}",4.0,4.0,4.0,3.0,False,False,6.0,3.0,6.0,5.0
ldpt_L4,87991121fdd88722b979ea49a7f1dc9d,L4,Lao động phổ thông,Nhân Viên Vận Hành Máy,Lao động phổ thông,E2t,"{""E2t"": 7}",3.0,2.75,2.0,2.3333,False,False,5.0,5.0,5.0,3.0
ldpt_L4,51b5cfeb8670f330525e422d0c6e13c4,L4,Lao động phổ thông,Chuyên Viên Hành Chính Nhân Sự,Lao động phổ thông,E2|E3t,"{""E2"": 10, ""E3t"": 8}",4.5,4.5,4.0,4.3333,False,False,1.0,1.0,0.0,0.0
ldpt_L4,89cff6b5e5d544634ba01b7d1e4a8f1e,L4,Lao động phổ thông,Nhân Viên Bảo Trì Kỹ Thuật Căn Hộ Dịch Vụ Tại Hồ Chí Minh (Lương 11tr - 13tr ),Lao động phổ thông,E1,"{""E1"": 9}",5.0,4.75,3.0,4.0,True,False,5.0,5.0,4.0,1.0
ldpt_L4,10f6b9dd9e2758231ca384bfb26e20c7,L4,Lao động phổ thông,Bếp Chính Nhà Hàng Âu,Lao động phổ thông,E1,"{""E1"": 10}",5.0,3.75,5.0,3.3333,True,True,5.0,5.0,7.0,7.0
ldpt_L4b,14fd3f9e45a57ad60b8fde7ebec11f55,L4b,Lao động phổ thông,Đầu Bếp,Lao động phổ thông,E1|E2|E3|E2t|E3t,"{""E1"": 4, ""E2"": 1, ""E3"": 1, ""E2t"": 3, ""E3t"": 1}",7.0,7.0,7.0,7.0,True,True,2.0,2.0,3.0,2.0
ldpt_L4b,bd6dd77b21b8e33445196c0f73457c47,L4b,Lao động phổ thông,Tài Xế Lái Xe Văn Phòng - Giao Tiếp Tiếng Trung,Lao động phổ thông,E1|E2t|E3t,"{""E1"": 1, ""E2t"": 1, ""E3t"": 2}",4.5,4.25,4.0,3.6667,False,False,4.0,3.0,7.0,6.0
ldpt_L4b,31dd752b3d4232159bc02317477e41eb,L4b,Lao động phổ thông,Head Barista - Trưởng Quầy Pha Chế,Lao động phổ thông,E2t,"{""E2t"": 2}",7.0,7.25,7.0,7.3333,True,True,3.0,3.0,2.0,1.0
ldpt_L4b,332b842c0854222126666c568e291898,L4b,Lao động phổ thông,Nhân Viên Kho Kinh Nghiệm 1 Năm Trở Lên,Lao động phổ thông,E1|E2t|E3t,"{""E1"": 2, ""E2t"": 5, ""E3t"": 5}",4.5,4.25,4.0,3.6667,False,False,4.0,3.0,6.0,6.0
ldpt_L4b,e7dab3031ab1fbf67ca9d9e3fb0c21ae,L4b,Lao động phổ thông,Giám Sát Ca,Lao động phổ thông,E1|E2|E3|E2t|E3t,"{""E1"": 8, ""E2"": 3, ""E3"": 2, ""E2t"": 7, ""E3t"": 3}",7.0,7.0,7.0,7.0,True,True,2.0,2.0,2.0,1.0
ldpt_L4b,f6031251718bf52ac7f8c33905c4f54c,L4b,Lao động phổ thông,Tổ Trưởng Bếp Tổng - Bếp Trung Tâm,Lao động phổ thông,E1|E2|E3|E2t|E3t,"{""E1"": 3, ""E2"": 2, ""E3"": 3, ""E2t"": 6, ""E3t"": 4}",7.5,7.25,8.0,7.3333,True,True,2.0,2.0,2.0,2.0
ldpt_L4b,2678b66fceacd696385f77e237d726cd,L4b,Lao động phổ thông,Head Bar,Lao động phổ thông,E2|E3|E2t|E3t,"{""E2"": 5, ""E3"": 7, ""E2t"": 4, ""E3t"": 6}",5.5,5.75,6.0,6.0,True,True,2.0,2.0,2.0,2.0
ldpt_L4b,4758a56f9408404a059ee203fe91c466,L4b,Lao động phổ thông,Bếp Phó,Lao động phổ thông,E1|E2|E3|E2t|E3t,"{""E1"": 6, ""E2"": 7, ""E3"": 4, ""E2t"": 10, ""E3t"": 7}",7.5,7.5,7.0,7.3333,True,True,1.0,1.0,2.0,1.0
ldpt_L4b,9375e4be6cd01b082f045dcd58264497,L4b,Lao động phổ thông,Trưởng Nhóm Đào Tạo Pha Chế,Lao động phổ thông,E1|E2|E3|E2t|E3t,"{""E1"": 7, ""E2"": 4, ""E3"": 5, ""E2t"": 8, ""E3t"": 8}",6.0,6.0,6.0,6.3333,True,True,2.0,1.0,2.0,2.0
ldpt_L4b,c377ed7d1f316096a485d52e9936a074,L4b,Lao động phổ thông,Tổ Phó Bếp,Lao động phổ thông,E1|E2|E3|E2t|E3t,"{""E1"": 5, ""E2"": 6, ""E3"": 6, ""E2t"": 9, ""E3t"": 9}",7.0,6.75,7.0,6.6667,True,True,1.0,1.0,3.0,3.0
ldpt_L4b,10f6b9dd9e2758231ca384bfb26e20c7,L4b,Lao động phổ thông,Bếp Chính Nhà Hàng Âu,Lao động phổ thông,E2,"{""E2"": 8}",7.5,7.0,7.0,6.6667,True,True,3.0,3.0,2.0,2.0
ldpt_L4b,e4dde83c976b544b51cfb4b8d3631bba,L4b,Lao động phổ thông,Quản Lý Sản Phẩm Và Phát Triển (Ngành F&B),Lao động phổ thông,E1|E3,"{""E1"": 10, ""E3"": 8}",5.0,5.0,5.0,5.3333,True,True,2.0,1.0,1.0,1.0
ldpt_L4b,4a2b8d3acba75bc63ab20cfca3856f35,L4b,Lao động phổ thông,Trưởng Ban Vận Hành F&B - Chuỗi Nhà Hàng,Lao động phổ thông,E1,"{""E1"": 9}",5.0,5.25,4.0,5.0,True,False,5.0,5.0,2.0,2.0
ldpt_L4b,68e79c0d6d2814f03663ca4283317207,L4b,Lao động phổ thông,Nhân Viên Lái Xe,Lao động phổ thông,E2|E3,"{""E2"": 10, ""E3"": 9}",4.0,4.5,4.0,3.6667,False,False,4.0,1.0,8.0,8.0
ldpt_L4b,f0b26c47ee45c09b2fa65bc782af7252,L4b,Lao động phổ thông,"Nhân Viên Pha Chế - Nhà Hàng LILYSA / Thu Nhập 15 Triệu / Phường An Khánh, HCM",Lao động phổ thông,E2,"{""E2"": 9}",6.5,6.5,6.0,6.3333,True,True,3.0,3.0,4.0,2.0
ldpt_L4b,14b34f886adfba1566e778771c4584c1,L4b,Lao động phổ thông,Nhân Viên Lái Xe Giao Nhận Hàng Hóa,Lao động phổ thông,E3,"{""E3"": 10}",4.5,4.5,3.0,4.0,False,False,5.0,5.0,4.0,3.0
ldpt_L4b,9a26bc7a9ec9c6675650d2b7a0687b09,L4b,Lao động phổ thông,Nhân Viên Nấu Bếp,Lao động phổ thông,E3t,"{""E3t"": 10}",7.0,6.5,7.0,6.3333,True,True,4.0,4.0,3.0,2.0
ldpt_P,a9ff50156c5c68869371e1ede3adf900,P,Lao động phổ thông,Chuyên Viên Vật Lý (Lương 30 Triệu ++),Giáo dục,E1|E2|E3|E2t|E3t,"{""E1"": 1, ""E2"": 9, ""E3"": 7, ""E2t"": 1, ""E3t"": 1}",2.0,2.25,2.0,2.3333,False,False,1.0,1.0,2.0,1.0
ldpt_P,b838f240ce7695573dbee4b4a0f6d2b2,P,Lao động phổ thông,Java Developer (Senior) - Phần Mềm,IT,E2|E3|E2t|E3t,"{""E2"": 1, ""E3"": 1, ""E2t"": 5, ""E3t"": 2}",5.0,5.75,5.0,6.0,True,True,3.0,3.0,5.0,4.0
ldpt_P,158c8fc83b4db02b2ba03290c1137618,P,Lao động phổ thông,Chuyên Viên Nhân Sự Tổng Hợp,Hành chính nhân sự,E1|E3|E2t|E3t,"{""E1"": 2, ""E3"": 8, ""E2t"": 3, ""E3t"": 3}",2.5,3.0,2.0,3.0,False,False,3.0,3.0,2.0,2.0
ldpt_P,f2241241c0a74d6a53859d81cd875726,P,Lao động phổ thông,Fullstack Software Engineer,IT,E2|E3,"{""E2"": 4, ""E3"": 2}",5.0,5.25,5.0,5.3333,True,True,3.0,3.0,4.0,4.0
ldpt_P,f224329725039dacca80697c36a5b0fe,P,Lao động phổ thông,AI Machine Learning Lead,Giáo dục,E2|E2t,"{""E2"": 10, ""E2t"": 2}",3.5,3.25,4.0,3.6667,False,False,2.0,1.0,2.0,2.0
ldpt_P,f8efd4f2428268672be73753c4270382,P,Lao động phổ thông,Nhân Viên Tư Vấn Khóa Học- Tiếng Trung Giao Tiếp,Giáo dục,E2,"{""E2"": 2}",3.5,3.5,4.0,3.6667,False,False,3.0,3.0,6.0,3.0
ldpt_P,29d48d4363bf19fc33148f8f86ccdb31,P,Lao động phổ thông,Software Engineer (Golang/Python/Java...),IT,E2|E3,"{""E2"": 3, ""E3"": 5}",7.5,7.25,8.0,7.3333,True,True,2.0,2.0,3.0,3.0
ldpt_P,8fde593eb96f322bd444a2af0574f40c,P,Lao động phổ thông,Kỹ Sư Phát Triển Phần Mềm (Java Developer) - VTS,IT,E2|E3|E3t,"{""E2"": 5, ""E3"": 3, ""E3t"": 6}",5.0,5.0,6.0,5.3333,True,True,2.0,2.0,2.0,2.0
ldpt_P,fadbf9fddd686b0aba832143a92a3355,P,Lao động phổ thông,Nhân Viên Chăm Sóc Khách Hàng,Chăm sóc khách hàng,E1|E3|E2t|E3t,"{""E1"": 3, ""E3"": 10, ""E2t"": 6, ""E3t"": 5}",4.5,4.25,3.0,3.6667,False,False,4.0,4.0,5.0,5.0
ldpt_P,6ab62df42ffa0205400bb950ba3b7ab6,P,Lao động phổ thông,"Lập Trình Viên Java (Product Domain Bank, Fintech)",Ngân hàng,E3|E3t,"{""E3"": 9, ""E3t"": 4}",4.5,4.75,4.0,4.6667,False,False,2.0,2.0,3.0,3.0
ldpt_P,7222c009019dbf5438a77e38fdcb9770,P,Lao động phổ thông,Nhân Viên Kinh Doanh/ Nhân Viên Tư Vấn Tuyển Sinh/ Tư Vấn Khóa Học IELTS (Không Yêu Cầu Kinh Nghiệm Giáo Dục) - Lương 12 - 25 Triệu/Tháng,Nhân viên kinh doanh,E1|E2t|E3t,"{""E1"": 4, ""E2t"": 7, ""E3t"": 7}",4.0,3.75,3.0,3.3333,False,False,3.0,3.0,5.0,5.0
ldpt_P,764bf297db86e529307d13d27d537066,P,Lao động phổ thông,Fullstack Developer (Java),IT,E2|E3,"{""E2"": 8, ""E3"": 4}",5.5,5.5,5.0,5.3333,True,True,3.0,3.0,2.0,2.0
ldpt_P,f86ea28fc8d31339288eaf3c5fff8780,P,Lao động phổ thông,Chuyên Viên QUAN HỆ KHÁCH HÀNG CÁ NHÂN (THU NHẬP TỐT_ ĐÀO TẠO CÓ LƯƠNG),Ngân hàng,E2t,"{""E2t"": 4}",4.0,4.0,3.0,3.6667,False,False,4.0,4.0,7.0,7.0
ldpt_P,720794ec272ac8e46040a471a59a7ec2,P,Lao động phổ thông,Nhân Viên Lễ Tân (Giao Tiếp Tiếng Anh) - Thu Nhập Hấp Dẫn - Làm Việc Tại Phường Bình Chiểu Hồ Chí Minh,Hành chính nhân sự,E1|E2t|E3t,"{""E1"": 5, ""E2t"": 9, ""E3t"": 9}",3.0,3.0,3.0,3.0,False,False,2.0,2.0,1.0,1.0
ldpt_P,eadb10f792afb06bf250cdce60363583,P,Lao động phổ thông,"Giám Sát Tuyển Sinh - Quản Lý Lớp Học - Sales Supervisor (Quảng Ngãi, Đà Nẵng, Long An) - Có Kinh Nghiệm Quản Lý Đội Nhóm",Telesales,E1,"{""E1"": 6}",4.0,3.75,3.0,3.3333,False,False,3.0,3.0,4.0,2.0
ldpt_P,f16690d387dede7dad20743492e4eccf,P,Lao động phổ thông,Developer,IT,E2|E3,"{""E2"": 6, ""E3"": 6}",5.0,4.75,5.0,4.6667,True,True,3.0,3.0,2.0,2.0
ldpt_P,393569e29b4b58bc0f81851017ed3cd8,P,Lao động phổ thông,"CHUYÊN VIÊN TƯ VẤN TÀI CHÍNH -SHINHAN BANK ( Pico Plaza, Phường Bảy Hiền)",Ngân hàng,E1,"{""E1"": 7}",3.5,3.75,2.0,3.3333,False,False,4.0,4.0,9.0,9.0
ldpt_P,e0bb341c71d626139c3bd447a4321e10,P,Lao động phổ thông,Kỹ Sư AI Thị Giác Máy Tính - Có Xe Đưa Đón,IT,E2,"{""E2"": 7}",5.0,5.75,5.0,6.0,True,True,3.0,3.0,2.0,2.0
ldpt_P,bd8c77558d57276d2d01507420f7c3ec,P,Lao động phổ thông,Java Developer 3 Năm Kinh Nghiệm Onsite Bank,Ngân hàng,E3t,"{""E3t"": 8}",3.0,3.25,3.0,3.3333,False,False,1.0,1.0,3.0,3.0
ldpt_P,c073efc5ec9c7f006494b1ceaf14aad0,P,Lao động phổ thông,Trưởng Nhóm Hạ Tầng Kỹ Thuật,Kỹ sư xây dựng,E2t,"{""E2t"": 8}",2.0,1.75,2.0,1.6667,False,False,1.0,1.0,1.0,1.0
ldpt_P,e2a95ee4eb1f005599ac4cbb23651694,P,Lao động phổ thông,Nhân Viên Chăm Sóc Khách Hàng Kiêm Lễ Tân,Chăm sóc khách hàng,E1,"{""E1"": 8}",4.0,3.75,3.0,3.3333,False,False,3.0,3.0,2.0,2.0
ldpt_P,16617adf17ee61ed74e69e567aa545ca,P,Lao động phổ thông,Trưởng Phòng Kinh Doanh Bất Động Sản,Bất động sản,E1,"{""E1"": 9}",2.5,2.5,2.0,2.3333,False,False,3.0,3.0,1.0,1.0
ldpt_P,7c9fb473473e08e1bf2da55f5e932433,P,Lao động phổ thông,Backend Developer - Java - Dự Án Bank - 5 Năm Kinh Nghiệm,Ngân hàng,E3t,"{""E3t"": 10}",3.5,3.5,3.0,3.3333,False,False,1.0,1.0,1.0,1.0
ldpt_P,91ff03c6506f69d4d824039f1d1c2e9f,P,Lao động phổ thông,Web Frontend Team Leader,IT,E2t,"{""E2t"": 10}",3.5,3.5,3.0,3.3333,False,False,1.0,1.0,1.0,1.0
ldpt_P,977fab175ddb8388f706eeb3c008f647,P,Lao động phổ thông,Nhân Viên Kinh Doanh Bất Động Sản - Up To 20 Triệu - Làm Việc Tại TP.HCM Và Tây Ninh,Bất động sản,E1,"{""E1"": 10}",2.5,2.75,2.0,2.3333,False,False,2.0,1.0,7.0,7.0
ldpt_P2,0b76d06d6b3e327518030a7f1303aa56,P2,Lao động phổ thông,Giảng Viên Lập Trình IT,Giáo dục,E1|E2|E3|E2t|E3t,"{""E1"": 4, ""E2"": 1, ""E3"": 2, ""E2t"": 1, ""E3t"": 3}",6.0,6.0,6.0,6.3333,True,True,2.0,1.0,3.0,3.0
ldpt_P2,6ab62df42ffa0205400bb950ba3b7ab6,P2,Lao động phổ thông,"Lập Trình Viên Java (Product Domain Bank, Fintech)",Ngân hàng,E1|E2|E3|E2t|E3t,"{""E1"": 2, ""E2"": 2, ""E3"": 1, ""E2t"": 3, ""E3t"": 1}",5.0,4.75,4.0,4.3333,True,False,3.0,3.0,0.0,0.0
ldpt_P2,f5eee5193d6a6c743f1c23eefdca1c71,P2,Lao động phổ thông,Embedded Linux Middleware Engineer,IT,E1|E2|E3|E2t|E3t,"{""E1"": 1, ""E2"": 8, ""E3"": 5, ""E2t"": 2, ""E3t"": 2}",4.0,3.75,4.0,3.6667,False,False,1.0,1.0,6.0,6.0
ldpt_P2,42227edcf479559821430d0811783dc2,P2,Lao động phổ thông,Lập Trình Unity Game 2D/3D (All Level) - Thu Nhập Upto 50M/Tháng (1 Năm Kinh Nghiệm),IT,E2|E3,"{""E2"": 4, ""E3"": 3}",4.5,4.75,3.0,4.0,False,False,4.0,3.0,6.0,5.0
ldpt_P2,7222c009019dbf5438a77e38fdcb9770,P2,Lao động phổ thông,Nhân Viên Kinh Doanh/ Nhân Viên Tư Vấn Tuyển Sinh/ Tư Vấn Khóa Học IELTS (Không Yêu Cầu Kinh Nghiệm Giáo Dục) - Lương 12 - 25 Triệu/Tháng,Nhân viên kinh doanh,E1|E2|E3|E2t|E3t,"{""E1"": 3, ""E2"": 10, ""E3"": 7, ""E2t"": 5, ""E3t"": 5}",3.0,3.25,2.0,3.0,False,False,3.0,3.0,6.0,6.0
ldpt_P2,baa6408c7e86eb2ac30486be5197d4da,P2,Lao động phổ thông,Kỹ Thuật Viên Lập Trình Gia Công Cơ Khí (Mastercam – Phòng Kỹ Thuật),IT,E1|E2,"{""E1"": 9, ""E2"": 3}",3.5,3.75,3.0,2.6667,False,False,6.0,3.0,6.0,4.0
ldpt_P2,b838f240ce7695573dbee4b4a0f6d2b2,P2,Lao động phổ thông,Java Developer (Senior) - Phần Mềm,IT,E2|E3|E2t|E3t,"{""E2"": 9, ""E3"": 6, ""E2t"": 4, ""E3t"": 4}",5.0,5.5,5.0,5.6667,True,True,4.0,4.0,3.0,2.0
ldpt_P2,f16690d387dede7dad20743492e4eccf,P2,Lao động phổ thông,Developer,IT,E2|E3,"{""E2"": 7, ""E3"": 4}",4.5,5.0,4.0,5.0,False,False,3.0,3.0,1.0,1.0
ldpt_P2,26afafd7fc47e96b8cf47c4b8a24037f,P2,Lao động phổ thông,CAD/CAM Engineer / Kỹ Sư Lập Trình - Làm Việc Tại VSIP 1,IT,E1|E2|E3|E2t|E3t,"{""E1"": 5, ""E2"": 5, ""E3"": 9, ""E2t"": 7, ""E3t"": 7}",2.5,2.25,2.0,2.0,False,False,2.0,2.0,3.0,3.0
ldpt_P2,88b0adcb07a7e766f48a5ccc775ee3fe,P2,Lao động phổ thông,"Lập Trình Viên AI - AI Engineer Kinh Nghiệm Từ 2 Năm, Thu Nhập Hấp Dẫn Từ 16 - 25 Triệu, Hà Nội, Đi Làm Nga",IT,E2,"{""E2"": 6}",5.0,5.0,5.0,4.6667,True,True,2.0,1.0,4.0,2.0
ldpt_P2,8fde593eb96f322bd444a2af0574f40c,P2,Lao động phổ thông,Kỹ Sư Phát Triển Phần Mềm (Java Developer) - VTS,IT,E2t|E3t,"{""E2t"": 6, ""E3t"": 10}",5.0,5.0,5.0,5.0,True,True,2.0,2.0,2.0,2.0
ldpt_P2,a9ff50156c5c68869371e1ede3adf900,P2,Lao động phổ thông,Chuyên Viên Vật Lý (Lương 30 Triệu ++),Giáo dục,E1|E2t|E3t,"{""E1"": 6, ""E2t"": 10, ""E3t"": 9}",1.5,2.0,1.0,2.0,False,False,3.0,3.0,2.0,0.0
ldpt_P2,bd8c77558d57276d2d01507420f7c3ec,P2,Lao động phổ thông,Java Developer 3 Năm Kinh Nghiệm Onsite Bank,Ngân hàng,E3|E3t,"{""E3"": 8, ""E3t"": 6}",3.5,3.75,4.0,4.0,False,False,2.0,2.0,3.0,3.0
ldpt_P2,fadbf9fddd686b0aba832143a92a3355,P2,Lao động phổ thông,Nhân Viên Chăm Sóc Khách Hàng,Chăm sóc khách hàng,E1,"{""E1"": 7}",4.0,4.0,3.0,3.3333,False,False,4.0,3.0,3.0,2.0
ldpt_P2,7c9fb473473e08e1bf2da55f5e932433,P2,Lao động phổ thông,Backend Developer - Java - Dự Án Bank - 5 Năm Kinh Nghiệm,Ngân hàng,E3|E2t|E3t,"{""E3"": 10, ""E2t"": 8, ""E3t"": 8}",3.5,3.5,4.0,3.6667,False,False,1.0,1.0,1.0,1.0
ldpt_P2,ea9de5a145cfb4c3cfd6ddf4a76a15cb,P2,Lao động phổ thông,Thiết Kế Điện & Lập Trình (Electrical & Automation) Thu Nhập Lên Đến 25 Triệu,IT,E1,"{""E1"": 8}",3.5,3.75,3.0,3.0,False,False,4.0,2.0,4.0,4.0
ldpt_P2,f86ea28fc8d31339288eaf3c5fff8780,P2,Lao động phổ thông,Chuyên Viên QUAN HỆ KHÁCH HÀNG CÁ NHÂN (THU NHẬP TỐT_ ĐÀO TẠO CÓ LƯƠNG),Ngân hàng,E2t,"{""E2t"": 9}",4.0,3.75,3.0,3.3333,False,False,3.0,3.0,3.0,3.0
ldpt_P2,8ea305ffc96dde0f3c32c6060d13ac12,P2,Lao động phổ thông,"Lập Trình Fullstack [Hà Nội] - Thu Nhập Upto 23 Triệu, Từ 2 Năm Kinh Nghiệm",IT,E1,"{""E1"": 10}",7.0,6.5,8.0,6.6667,True,True,4.0,4.0,1.0,1.0
mkt_L1,31dfa188447d53a0b136364a94da409f,L1,Marketing,Nhân Viên Google Ads,Marketing,E1|E2|E3|E2t|E3t,"{""E1"": 3, ""E2"": 1, ""E3"": 1, ""E2t"": 1, ""E3t"": 1}",5.5,5.75,5.0,5.3333,True,True,2.0,1.0,2.0,2.0
mkt_L1,ec62da15c56d8797928fd98c6cc9e394,L1,Marketing,Digital Marketing Manager,Marketing,E1|E3|E2t|E3t,"{""E1"": 1, ""E3"": 6, ""E2t"": 2, ""E3t"": 2}",3.0,2.75,3.0,2.6667,False,False,1.0,1.0,2.0,2.0
mkt_L1,c7cc9a134187690a4d6643ba5a90a3b6,L1,Marketing,Trưởng Nhóm ADS,Marketing,E1|E2|E3|E2t|E3t,"{""E1"": 4, ""E2"": 2, ""E3"": 2, ""E2t"": 3, ""E3t"": 5}",2.0,2.0,2.0,2.0,False,False,0.0,0.0,1.0,1.0
mkt_L1,ea211ad74136c82ae778b9f5563b450e,L1,Marketing,Marketing Manager/ Trưởng Phòng Marketing Tại Hà Nội,Marketing,E1|E2|E2t|E3t,"{""E1"": 2, ""E2"": 10, ""E2t"": 4, ""E3t"": 4}",3.0,3.0,3.0,2.6667,False,False,2.0,1.0,2.0,2.0
mkt_L1,0541a36f20ae3bb34d5611611cdf2575,L1,Marketing,Trưởng Nhóm Marketing,Marketing,E2|E3|E2t|E3t,"{""E2"": 9, ""E3"": 7, ""E2t"": 9, ""E3t"": 3}",2.5,2.25,2.0,2.0,False,False,2.0,2.0,2.0,2.0
mkt_L1,3379c926fc8b6b227f5699f62517cc06,L1,Marketing,"Trưởng Phòng Marketing - Thu Nhập 30-40M++ |Mạnh SEO, GOOGLE, AI (Yêu Cầu Ứng Viên Nữ)",Marketing,E1|E2|E3|E2t|E3t,"{""E1"": 8, ""E2"": 3, ""E3"": 3, ""E2t"": 5, ""E3t"": 6}",3.0,3.25,3.0,3.0,False,False,1.0,0.0,2.0,2.0
mkt_L1,db26fe21fb542f5da657f8949825e776,L1,Marketing,Trưởng Nhóm Marketing - Đi Làm Ngay - Lương Upto 20 Triệu/ Tháng + Thưởng,Marketing,E1|E2|E3|E2t|E3t,"{""E1"": 5, ""E2"": 4, ""E3"": 4, ""E2t"": 6, ""E3t"": 8}",3.0,3.5,3.0,3.6667,False,False,2.0,2.0,3.0,3.0
mkt_L1,2e7c3f5f7958a44cd7dc5872ce4be30c,L1,Marketing,Senior Digital Marketing Executive,Marketing,E1|E2|E3|E2t|E3t,"{""E1"": 6, ""E2"": 5, ""E3"": 10, ""E2t"": 7, ""E3t"": 10}",4.0,3.75,3.0,3.3333,False,False,3.0,3.0,3.0,3.0
mkt_L1,f997a841ad66878b0b1732896720795c,L1,Marketing,Nhân Viên Marketing / Digital Marketing - Offer Upto 20M,Marketing,E1|E2|E3|E2t|E3t,"{""E1"": 7, ""E2"": 7, ""E3"": 5, ""E2t"": 10, ""E3t"": 9}",4.5,4.75,4.0,4.6667,False,False,2.0,2.0,6.0,5.0
mkt_L1,70f49105d1be09483c9e9f1313655192,L1,Marketing,Trưởng Nhóm Digital,Marketing,E1|E2|E3|E2t,"{""E1"": 10, ""E2"": 6, ""E3"": 9, ""E2t"": 8}",2.5,2.25,2.0,2.0,False,False,2.0,2.0,2.0,2.0
mkt_L1,da6d7882e9e7d6703c35d3a2080aae0d,L1,Marketing,UA Marketing Game,Marketing,E3t,"{""E3t"": 7}",5.0,5.25,5.0,4.6667,True,True,3.0,1.0,10.0,10.0
mkt_L1,d806438a705abc4794e10cf386870c36,L1,Marketing,Chuyên Viên Marketing / Digital Chạy ADS (Google Ads) - Lĩnh Vực Tattoo (Thu Nhập Hấp Dẫn) Tại Hồ Chí Minh,Marketing,E1|E2,"{""E1"": 9, ""E2"": 8}",3.5,3.75,4.0,4.0,False,False,2.0,2.0,2.0,2.0
mkt_L1,e945ac4591c259668a9e13f8ef11db2c,L1,Marketing,Brand Marketing Lead (Hybrid),Marketing,E3,"{""E3"": 8}",3.5,3.0,3.0,2.6667,False,False,3.0,3.0,2.0,2.0
mkt_L1b,31dfa188447d53a0b136364a94da409f,L1b,Marketing,Nhân Viên Google Ads,Marketing,E1|E2|E3|E2t|E3t,"{""E1"": 3, ""E2"": 1, ""E3"": 1, ""E2t"": 1, ""E3t"": 1}",5.5,5.75,5.0,5.3333,True,True,2.0,1.0,1.0,0.0
mkt_L1b,ec62da15c56d8797928fd98c6cc9e394,L1b,Marketing,Digital Marketing Manager,Marketing,E1|E3|E2t|E3t,"{""E1"": 1, ""E3"": 6, ""E2t"": 2, ""E3t"": 2}",3.0,3.25,3.0,3.3333,False,False,1.0,1.0,1.0,1.0
mkt_L1b,c7cc9a134187690a4d6643ba5a90a3b6,L1b,Marketing,Trưởng Nhóm ADS,Marketing,E1|E2|E3|E2t|E3t,"{""E1"": 4, ""E2"": 2, ""E3"": 2, ""E2t"": 3, ""E3t"": 5}",2.0,2.0,2.0,2.0,False,False,0.0,0.0,2.0,1.0
mkt_L1b,ea211ad74136c82ae778b9f5563b450e,L1b,Marketing,Marketing Manager/ Trưởng Phòng Marketing Tại Hà Nội,Marketing,E1|E2|E2t|E3t,"{""E1"": 2, ""E2"": 10, ""E2t"": 4, ""E3t"": 4}",3.5,3.75,3.0,3.6667,False,False,2.0,2.0,2.0,2.0
mkt_L1b,0541a36f20ae3bb34d5611611cdf2575,L1b,Marketing,Trưởng Nhóm Marketing,Marketing,E2|E3|E2t|E3t,"{""E2"": 9, ""E3"": 7, ""E2t"": 9, ""E3t"": 3}",3.0,3.0,3.0,3.0,False,False,2.0,2.0,1.0,0.0
mkt_L1b,3379c926fc8b6b227f5699f62517cc06,L1b,Marketing,"Trưởng Phòng Marketing - Thu Nhập 30-40M++ |Mạnh SEO, GOOGLE, AI (Yêu Cầu Ứng Viên Nữ)",Marketing,E1|E2|E3|E2t|E3t,"{""E1"": 8, ""E2"": 3, ""E3"": 3, ""E2t"": 5, ""E3t"": 6}",4.5,4.5,5.0,4.6667,False,True,3.0,3.0,3.0,3.0
mkt_L1b,db26fe21fb542f5da657f8949825e776,L1b,Marketing,Trưởng Nhóm Marketing - Đi Làm Ngay - Lương Upto 20 Triệu/ Tháng + Thưởng,Marketing,E1|E2|E3|E2t|E3t,"{""E1"": 5, ""E2"": 4, ""E3"": 4, ""E2t"": 6, ""E3t"": 8}",4.5,4.25,5.0,4.3333,False,True,2.0,2.0,1.0,1.0
mkt_L1b,2e7c3f5f7958a44cd7dc5872ce4be30c,L1b,Marketing,Senior Digital Marketing Executive,Marketing,E1|E2|E3|E2t|E3t,"{""E1"": 6, ""E2"": 5, ""E3"": 10, ""E2t"": 7, ""E3t"": 10}",4.0,3.75,4.0,3.6667,False,False,1.0,1.0,1.0,1.0
mkt_L1b,f997a841ad66878b0b1732896720795c,L1b,Marketing,Nhân Viên Marketing / Digital Marketing - Offer Upto 20M,Marketing,E1|E2|E3|E2t|E3t,"{""E1"": 7, ""E2"": 7, ""E3"": 5, ""E2t"": 10, ""E3t"": 9}",5.0,5.0,5.0,5.0,True,True,2.0,2.0,2.0,2.0
mkt_L1b,70f49105d1be09483c9e9f1313655192,L1b,Marketing,Trưởng Nhóm Digital,Marketing,E1|E2|E3|E2t,"{""E1"": 10, ""E2"": 6, ""E3"": 9, ""E2t"": 8}",3.0,2.75,3.0,2.6667,False,False,1.0,1.0,1.0,0.0
mkt_L1b,da6d7882e9e7d6703c35d3a2080aae0d,L1b,Marketing,UA Marketing Game,Marketing,E3t,"{""E3t"": 7}",4.0,4.25,4.0,3.3333,False,False,5.0,2.0,9.0,6.0
mkt_L1b,d806438a705abc4794e10cf386870c36,L1b,Marketing,Chuyên Viên Marketing / Digital Chạy ADS (Google Ads) - Lĩnh Vực Tattoo (Thu Nhập Hấp Dẫn) Tại Hồ Chí Minh,Marketing,E1|E2,"{""E1"": 9, ""E2"": 8}",3.5,3.75,4.0,4.0,False,False,2.0,2.0,2.0,2.0
mkt_L1b,e945ac4591c259668a9e13f8ef11db2c,L1b,Marketing,Brand Marketing Lead (Hybrid),Marketing,E3,"{""E3"": 8}",3.5,3.25,4.0,3.3333,False,False,2.0,2.0,1.0,1.0
mkt_L2,ba29971e5d9731955883737174dddb96,L2,Marketing,Performance Marketing/ Facebook Ads - Dropshipping,Marketing,E1|E2|E3|E2t|E3t,"{""E1"": 1, ""E2"": 1, ""E3"": 1, ""E2t"": 1, ""E3t"": 1}",7.0,6.75,7.0,7.0,True,True,1.0,0.0,3.0,3.0
mkt_L2,1ae79f6ebf24fc659f61237698cc37f9,L2,Marketing,Marketing Facebook Ads - Test Sản Phẩm ( Không Yêu Cầu Kinh Nghiệm ) - Thu Nhập Từ 15 -30 Triệu,Marketing,E1|E2|E3|E2t|E3t,"{""E1"": 7, ""E2"": 2, ""E3"": 2, ""E2t"": 4, ""E3t"": 8}",7.5,7.5,8.0,7.6667,True,True,1.0,1.0,1.0,1.0
mkt_L2,b67dd74ff5f8305b0f6ef71decc12b4e,L2,Marketing,Chuyên Viên Marketing,Marketing,E2|E3|E2t|E3t,"{""E2"": 5, ""E3"": 4, ""E2t"": 8, ""E3t"": 2}",6.0,6.25,6.0,6.0,True,True,1.0,0.0,2.0,2.0
mkt_L2,d7a7a0f736115bd6e358e89f75d0ed45,L2,Marketing,Marketing Facebook - Thị Trường Mỹ,Marketing,E2t,"{""E2t"": 2}",6.0,6.0,6.0,5.6667,True,True,2.0,1.0,1.0,0.0
mkt_L2,db26fe21fb542f5da657f8949825e776,L2,Marketing,Trưởng Nhóm Marketing - Đi Làm Ngay - Lương Upto 20 Triệu/ Tháng + Thưởng,Marketing,E1|E2|E2t|E3t,"{""E1"": 2, ""E2"": 10, ""E2t"": 3, ""E3t"": 3}",4.0,4.25,4.0,4.3333,False,False,1.0,1.0,3.0,1.0
mkt_L2,10e0b56a844e326bbe4738ddd04ec1b6,L2,Marketing,Digital Marketing - Ads FB/TikTok - BIết Tiếng Trung HSK4 - Tại Quận 7,Marketing,E1|E2|E3|E2t|E3t,"{""E1"": 4, ""E2"": 3, ""E3"": 3, ""E2t"": 5, ""E3t"": 6}",6.0,6.0,6.0,5.6667,True,True,2.0,1.0,1.0,0.0
mkt_L2,70f49105d1be09483c9e9f1313655192,L2,Marketing,Trưởng Nhóm Digital,Marketing,E1|E2|E3|E2t|E3t,"{""E1"": 3, ""E2"": 9, ""E3"": 5, ""E2t"": 6, ""E3t"": 5}",3.0,3.25,3.0,3.3333,False,False,1.0,1.0,2.0,2.0
mkt_L2,d5915a869a4054e89da28ca8f76fdd0e,L2,Marketing,Nhân Viên Performance Marketing,Marketing,E1|E2|E3|E2t|E3t,"{""E1"": 5, ""E2"": 4, ""E3"": 6, ""E2t"": 7, ""E3t"": 9}",6.5,6.5,6.0,6.3333,True,True,1.0,1.0,2.0,1.0
mkt_L2,da6d7882e9e7d6703c35d3a2080aae0d,L2,Marketing,UA Marketing Game,Marketing,E3|E3t,"{""E3"": 10, ""E3t"": 4}",5.5,5.5,5.0,5.0,True,True,3.0,2.0,2.0,1.0
mkt_L2,1a279fed63e82745f5ebb5c2f031ce30,L2,Marketing,"Nhân Viên Ads Marketing, 1 Năm Kinh Nghiệm, Thu Nhập 10 - 25 Triệu, Nghỉ T7 & CN (Cầu Giấy - Hà Nội)",Marketing,E2,"{""E2"": 6}",7.5,7.5,7.0,7.3333,True,True,3.0,3.0,2.0,1.0
mkt_L2,d806438a705abc4794e10cf386870c36,L2,Marketing,Chuyên Viên Marketing / Digital Chạy ADS (Google Ads) - Lĩnh Vực Tattoo (Thu Nhập Hấp Dẫn) Tại Hồ Chí Minh,Marketing,E1|E2|E2t,"{""E1"": 6, ""E2"": 7, ""E2t"": 10}",4.0,4.0,4.0,4.0,False,False,2.0,2.0,3.0,2.0
mkt_L2,0541a36f20ae3bb34d5611611cdf2575,L2,Marketing,Trưởng Nhóm Marketing,Marketing,E3,"{""E3"": 7}",3.0,3.0,3.0,3.0,False,False,2.0,2.0,1.0,1.0
mkt_L2,9ee5d9af0ee04ae719854e480aa593f6,L2,Marketing,Nhân Viên Marketing,Marketing,E3t,"{""E3t"": 7}",7.0,6.75,7.0,6.6667,True,True,3.0,3.0,2.0,2.0
mkt_L2,771bf20685cebe06e442710aad9c7874,L2,Marketing,Marketing Executive (Full-Stack) - Làm Việc Tại Hoàn Kiếm (Hà Nội),Marketing,E1|E3,"{""E1"": 10, ""E3"": 8}",7.0,6.75,7.0,6.6667,True,True,3.0,3.0,1.0,0.0
mkt_L2,b30e07e3bd7fbf1ac6322f85a2da0112,L2,Marketing,Nhân Viên Content Marketing Mảng Thời Trang Thu Nhập 9 -13 Triệu (Không Yêu Cầu Kinh Nghiệm),Marketing,E1,"{""E1"": 8}",5.0,5.5,5.0,5.0,True,True,2.0,0.0,2.0,2.0
mkt_L2,c7cc9a134187690a4d6643ba5a90a3b6,L2,Marketing,Trưởng Nhóm ADS,Marketing,E2|E2t,"{""E2"": 8, ""E2t"": 9}",2.0,2.5,2.0,2.6667,False,False,2.0,2.0,1.0,1.0
mkt_L2,965b213aeeeb0fd48dfa5c158dcd6ff4,L2,Marketing,Senior Creative Content (Thương Lượng Năng Lực_Upto 25M_Quận 1),Marketing,E3|E3t,"{""E3"": 9, ""E3t"": 10}",4.5,4.25,4.0,4.0,False,False,2.0,2.0,5.0,5.0
mkt_L2,c8da568e240359690b5daeb9cbc2fc5d,L2,Marketing,Nhân Viên Content Marketing Lĩnh Vực Bất Động Sản- Lương Up To 15 Triệu - Làm Việc Tại TP.HCM,Marketing,E1,"{""E1"": 9}",5.0,5.0,4.0,4.6667,True,False,4.0,4.0,5.0,5.0
mkt_L2b,10e0b56a844e326bbe4738ddd04ec1b6,L2b,Marketing,Digital Marketing - Ads FB/TikTok - BIết Tiếng Trung HSK4 - Tại Quận 7,Marketing,E1|E2|E3|E2t|E3t,"{""E1"": 2, ""E2"": 1, ""E3"": 1, ""E2t"": 1, ""E3t"": 1}",6.0,6.25,6.0,6.0,True,True,1.0,0.0,5.0,5.0
mkt_L2b,db26fe21fb542f5da657f8949825e776,L2b,Marketing,Trưởng Nhóm Marketing - Đi Làm Ngay - Lương Upto 20 Triệu/ Tháng + Thưởng,Marketing,E1|E2|E3|E2t|E3t,"{""E1"": 1, ""E2"": 4, ""E3"": 8, ""E2t"": 2, ""E3t"": 2}",6.5,6.75,6.0,6.6667,True,True,2.0,2.0,5.0,3.0
mkt_L2b,d5915a869a4054e89da28ca8f76fdd0e,L2b,Marketing,Nhân Viên Performance Marketing,Marketing,E1|E2|E3|E2t|E3t,"{""E1"": 3, ""E2"": 2, ""E3"": 2, ""E2t"": 3, ""E3t"": 4}",6.0,6.25,6.0,6.0,True,True,1.0,0.0,3.0,2.0
mkt_L2b,ba29971e5d9731955883737174dddb96,L2b,Marketing,Performance Marketing/ Facebook Ads - Dropshipping,Marketing,E1|E2|E3|E2t|E3t,"{""E1"": 4, ""E2"": 3, ""E3"": 3, ""E2t"": 5, ""E3t"": 6}",6.5,6.25,6.0,6.0,True,True,2.0,2.0,4.0,3.0
mkt_L2b,c3d00a9d844cb959a12264d1b7bd3c3d,L2b,Marketing,Content Socials Thẩm Mỹ Da Liễu - Đi Làm Ngay,Marketing,E2t|E3t,"{""E2t"": 9, ""E3t"": 3}",6.5,6.25,6.0,6.0,True,True,2.0,2.0,3.0,1.0
mkt_L2b,31be1f40b11ae114645fd3ed96abb297,L2b,Marketing,Quản Trị Viên (Part Time) Kênh TikTok/Facebook/Intagram/Youtube,Marketing,E2t,"{""E2t"": 4}",7.5,7.75,8.0,8.0,True,True,2.0,2.0,2.0,2.0
mkt_L2b,b67dd74ff5f8305b0f6ef71decc12b4e,L2b,Marketing,Chuyên Viên Marketing,Marketing,E2|E3|E3t,"{""E2"": 8, ""E3"": 4, ""E3t"": 7}",8.0,8.0,8.0,8.0,True,True,2.0,2.0,3.0,2.0
mkt_L2b,0541a36f20ae3bb34d5611611cdf2575,L2b,Marketing,Trưởng Nhóm Marketing,Marketing,E1|E3|E2t|E3t,"{""E1"": 6, ""E3"": 5, ""E2t"": 7, ""E3t"": 8}",4.0,4.25,4.0,4.3333,False,False,3.0,3.0,2.0,2.0
mkt_L2b,2c0064385df1b7bd5d88c0ae2d16a7bc,L2b,Marketing,Head Of Marcom,Marketing,E1|E2t|E3t,"{""E1"": 5, ""E2t"": 8, ""E3t"": 9}",3.0,3.25,3.0,3.3333,False,False,3.0,3.0,2.0,2.0
mkt_L2b,2e7c3f5f7958a44cd7dc5872ce4be30c,L2b,Marketing,Senior Digital Marketing Executive,Marketing,E2|E3|E2t,"{""E2"": 5, ""E3"": 6, ""E2t"": 10}",7.0,6.75,7.0,6.6667,True,True,3.0,3.0,3.0,3.0
mkt_L2b,9ee5d9af0ee04ae719854e480aa593f6,L2b,Marketing,Nhân Viên Marketing,Marketing,E3t,"{""E3t"": 5}",6.5,6.75,6.0,6.6667,True,True,2.0,2.0,3.0,2.0
mkt_L2b,256cfb275446c0c0c16559b29505fa86,L2b,Marketing,Nhân Viên Digital Marketing ( Thu Nhập 18-30 Triệu ) Thưởng Phụ Cấp Hấp Dẫn [Tại Yên Hoà- Cầu Giấy],Marketing,E2t,"{""E2t"": 6}",7.5,7.75,7.0,7.6667,True,True,2.0,2.0,3.0,2.0
mkt_L2b,4dfcef2aabd8d001f38786175258bb55,L2b,Marketing,Content Leader,Marketing,E2|E3,"{""E2"": 6, ""E3"": 7}",4.5,4.5,5.0,4.6667,False,True,1.0,1.0,3.0,3.0
mkt_L2b,0a93fa004b2d4a8be34db6c1a7cff3cf,L2b,Marketing,Marketing Manager FnB,Marketing,E1,"{""E1"": 7}",5.0,5.0,5.0,5.0,True,True,2.0,2.0,3.0,3.0
mkt_L2b,62b5e201a6cf72006af8d6576aba034e,L2b,Marketing,Chuyên Viên Marketing – Brand And Performance Ads | Từ 2 Năm Kinh Nghiệm - Lương 18–25 Triệu + Thưởng KPI Hoa Hồng Bậc Thang: 1% – 3% Doanh Thu Cá Nhân | Mamaflow,Marketing,E2,"{""E2"": 7}",7.0,7.0,7.0,7.0,True,True,2.0,2.0,4.0,4.0
mkt_L2b,be615a6133bbc722fdc7749a361657d0,L2b,Marketing,Trưởng Phòng Marketing,Marketing,E1|E3,"{""E1"": 8, ""E3"": 9}",5.5,5.75,5.0,5.6667,True,True,4.0,4.0,3.0,3.0
mkt_L2b,1a279fed63e82745f5ebb5c2f031ce30,L2b,Marketing,"Nhân Viên Ads Marketing, 1 Năm Kinh Nghiệm, Thu Nhập 10 - 25 Triệu, Nghỉ T7 & CN (Cầu Giấy - Hà Nội)",Marketing,E1|E2,"{""E1"": 9, ""E2"": 9}",7.5,7.75,7.0,7.6667,True,True,2.0,2.0,2.0,2.0
mkt_L2b,8eb3c8bb9279637069aac0f22245b5d4,L2b,Marketing,Trưởng Nhóm Marketing (Marketing Leader),Marketing,E1,"{""E1"": 10}",6.0,6.0,6.0,6.0,True,True,2.0,2.0,2.0,2.0
mkt_L2b,965b213aeeeb0fd48dfa5c158dcd6ff4,L2b,Marketing,Senior Creative Content (Thương Lượng Năng Lực_Upto 25M_Quận 1),Marketing,E3,"{""E3"": 10}",5.5,5.5,5.0,5.3333,True,True,3.0,3.0,2.0,2.0
mkt_L2b,c2bb6f606dcbfa45fd834997665ad6ae,L2b,Marketing,"Intern Marketing (Trợ Cấp Từ 2-4 Triệu, Làm Việc Từ T2-T6)",Marketing,E2,"{""E2"": 10}",7.5,7.0,8.0,7.0,True,True,3.0,3.0,6.0,6.0
mkt_L2b,f997a841ad66878b0b1732896720795c,L2b,Marketing,Nhân Viên Marketing / Digital Marketing - Offer Upto 20M,Marketing,E3t,"{""E3t"": 10}",7.0,6.75,7.0,6.6667,True,True,1.0,1.0,2.0,1.0
mkt_L3,2c0064385df1b7bd5d88c0ae2d16a7bc,L3,Marketing,Head Of Marcom,Marketing,E1|E2|E3|E2t|E3t,"{""E1"": 1, ""E2"": 6, ""E3"": 1, ""E2t"": 2, ""E3t"": 1}",6.5,6.5,6.0,6.3333,True,True,3.0,3.0,4.0,4.0
mkt_L3,db26fe21fb542f5da657f8949825e776,L3,Marketing,Trưởng Nhóm Marketing - Đi Làm Ngay - Lương Upto 20 Triệu/ Tháng + Thưởng,Marketing,E1|E2|E3|E2t|E3t,"{""E1"": 2, ""E2"": 1, ""E3"": 9, ""E2t"": 1, ""E3t"": 3}",6.0,6.25,6.0,6.0,True,True,1.0,0.0,3.0,3.0
mkt_L3,a6580413779db6a2e32e068d566c8f38,L3,Marketing,Giám Đốc Marketing,Marketing,E3|E2t|E3t,"{""E3"": 10, ""E2t"": 3, ""E3t"": 2}",7.0,6.5,7.0,6.3333,True,True,2.0,2.0,1.0,1.0
mkt_L3,d5915a869a4054e89da28ca8f76fdd0e,L3,Marketing,Nhân Viên Performance Marketing,Marketing,E1|E2|E3|E2t|E3t,"{""E1"": 5, ""E2"": 2, ""E3"": 2, ""E2t"": 5, ""E3t"": 6}",5.0,5.0,5.0,4.6667,True,True,2.0,1.0,4.0,4.0
mkt_L3,10e0b56a844e326bbe4738ddd04ec1b6,L3,Marketing,Digital Marketing - Ads FB/TikTok - BIết Tiếng Trung HSK4 - Tại Quận 7,Marketing,E1|E2|E3|E2t|E3t,"{""E1"": 3, ""E2"": 4, ""E3"": 4, ""E2t"": 4, ""E3t"": 4}",5.0,5.25,4.0,4.6667,True,False,3.0,2.0,4.0,2.0
mkt_L3,2e7c3f5f7958a44cd7dc5872ce4be30c,L3,Marketing,Senior Digital Marketing Executive,Marketing,E1|E2|E3|E2t|E3t,"{""E1"": 10, ""E2"": 5, ""E3"": 3, ""E2t"": 9, ""E3t"": 7}",7.5,7.0,7.0,6.6667,True,True,3.0,3.0,2.0,1.0
mkt_L3,e3e26a746f4eca641a308d397c9316c7,L3,Marketing,E-Commerce Ads / Tiktok Ads / Performance Marketing Lương Từ 10 Triệu-20 Triệu ( Tối Thiểu 3 Năm Kinh Nghiệm ),Marketing,E1|E2|E3|E2t,"{""E1"": 6, ""E2"": 3, ""E3"": 6, ""E2t"": 6}",6.5,6.25,7.0,6.3333,True,True,4.0,4.0,2.0,2.0
mkt_L3,70f49105d1be09483c9e9f1313655192,L3,Marketing,Trưởng Nhóm Digital,Marketing,E1|E2t|E3t,"{""E1"": 4, ""E2t"": 10, ""E3t"": 9}",6.0,6.25,5.0,6.0,True,True,5.0,5.0,6.0,6.0
mkt_L3,5bceee31bfa92c70eda25c8bb7f520cf,L3,Marketing,Trưởng Nhóm Content,Marketing,E2|E3|E3t,"{""E2"": 10, ""E3"": 5, ""E3t"": 10}",6.5,6.25,6.0,6.0,True,True,4.0,4.0,5.0,3.0
mkt_L3,e945ac4591c259668a9e13f8ef11db2c,L3,Marketing,Brand Marketing Lead (Hybrid),Marketing,E3t,"{""E3t"": 5}",6.5,6.5,7.0,6.6667,True,True,1.0,1.0,3.0,1.0
mkt_L3,31be1f40b11ae114645fd3ed96abb297,L3,Marketing,Quản Trị Viên (Part Time) Kênh TikTok/Facebook/Intagram/Youtube,Marketing,E2t|E3t,"{""E2t"": 7, ""E3t"": 8}",7.0,6.75,7.0,6.6667,True,True,3.0,3.0,6.0,6.0
mkt_L3,8eb3c8bb9279637069aac0f22245b5d4,L3,Marketing,Trưởng Nhóm Marketing (Marketing Leader),Marketing,E2|E3|E2t,"{""E2"": 7, ""E3"": 7, ""E2t"": 8}",7.0,7.25,7.0,7.0,True,True,1.0,0.0,4.0,2.0
mkt_L3,ba29971e5d9731955883737174dddb96,L3,Marketing,Performance Marketing/ Facebook Ads - Dropshipping,Marketing,E1,"{""E1"": 7}",5.5,5.0,5.0,4.6667,True,True,3.0,3.0,3.0,1.0
mkt_L3,62b5e201a6cf72006af8d6576aba034e,L3,Marketing,Chuyên Viên Marketing – Brand And Performance Ads | Từ 2 Năm Kinh Nghiệm - Lương 18–25 Triệu + Thưởng KPI Hoa Hồng Bậc Thang: 1% – 3% Doanh Thu Cá Nhân | Mamaflow,Marketing,E1|E2,"{""E1"": 8, ""E2"": 8}",6.5,6.5,6.0,6.3333,True,True,3.0,3.0,1.0,1.0
mkt_L3,be615a6133bbc722fdc7749a361657d0,L3,Marketing,Trưởng Phòng Marketing,Marketing,E3,"{""E3"": 8}",7.5,7.5,7.0,7.3333,True,True,1.0,1.0,2.0,2.0
mkt_L3,c2bb6f606dcbfa45fd834997665ad6ae,L3,Marketing,"Intern Marketing (Trợ Cấp Từ 2-4 Triệu, Làm Việc Từ T2-T6)",Marketing,E2,"{""E2"": 9}",6.0,5.5,5.0,5.0,True,True,4.0,4.0,8.0,8.0
mkt_L3,f286dc24bd9a804510811b7d054e1e66,L3,Marketing,Trưởng Phòng Marketing - Từ 5 Năm Kinh Nghiệm - Lương UpTo Đến 22 Triệu/Tháng - Tại Hồ Chí Minh,Marketing,E1,"{""E1"": 9}",6.5,6.75,6.0,6.6667,True,True,4.0,4.0,4.0,4.0
mkt_L3b,2e7c3f5f7958a44cd7dc5872ce4be30c,L3b,Marketing,Senior Digital Marketing Executive,Marketing,E2|E3|E2t|E3t,"{""E2"": 1, ""E3"": 2, ""E2t"": 1, ""E3t"": 6}",8.0,8.25,8.0,8.3333,True,True,1.0,1.0,1.0,1.0
mkt_L3b,b67dd74ff5f8305b0f6ef71decc12b4e,L3b,Marketing,Chuyên Viên Marketing,Marketing,E1|E2|E3|E2t|E3t,"{""E1"": 3, ""E2"": 3, ""E3"": 1, ""E2t"": 5, ""E3t"": 3}",8.0,7.5,8.0,7.3333,True,True,2.0,2.0,4.0,3.0
mkt_L3b,db26fe21fb542f5da657f8949825e776,L3b,Marketing,Trưởng Nhóm Marketing - Đi Làm Ngay - Lương Upto 20 Triệu/ Tháng + Thưởng,Marketing,E1|E2|E3|E2t|E3t,"{""E1"": 1, ""E2"": 8, ""E3"": 6, ""E2t"": 2, ""E3t"": 1}",8.0,7.75,8.0,7.6667,True,True,1.0,1.0,2.0,1.0
mkt_L3b,2c0064385df1b7bd5d88c0ae2d16a7bc,L3b,Marketing,Head Of Marcom,Marketing,E1|E2t|E3t,"{""E1"": 2, ""E2t"": 4, ""E3t"": 4}",6.0,6.25,6.0,6.0,True,True,1.0,0.0,1.0,1.0
mkt_L3b,d5915a869a4054e89da28ca8f76fdd0e,L3b,Marketing,Nhân Viên Performance Marketing,Marketing,E1|E2|E3|E2t|E3t,"{""E1"": 10, ""E2"": 2, ""E3"": 3, ""E2t"": 3, ""E3t"": 7}",7.0,7.0,7.0,7.0,True,True,2.0,2.0,1.0,1.0
mkt_L3b,da6d7882e9e7d6703c35d3a2080aae0d,L3b,Marketing,UA Marketing Game,Marketing,E3|E3t,"{""E3"": 4, ""E3t"": 2}",5.5,6.0,5.0,5.3333,True,True,3.0,1.0,6.0,1.0
mkt_L3b,0a93fa004b2d4a8be34db6c1a7cff3cf,L3b,Marketing,Marketing Manager FnB,Marketing,E1|E2t|E3t,"{""E1"": 4, ""E2t"": 9, ""E3t"": 9}",8.0,8.0,8.0,8.0,True,True,2.0,2.0,2.0,1.0
mkt_L3b,be615a6133bbc722fdc7749a361657d0,L3b,Marketing,Trưởng Phòng Marketing,Marketing,E1|E2|E3|E2t|E3t,"{""E1"": 5, ""E2"": 4, ""E3"": 5, ""E2t"": 7, ""E3t"": 8}",7.5,7.75,7.0,7.6667,True,True,2.0,2.0,4.0,3.0
mkt_L3b,a6580413779db6a2e32e068d566c8f38,L3b,Marketing,Giám Đốc Marketing,Marketing,E2|E3|E2t|E3t,"{""E2"": 10, ""E3"": 7, ""E2t"": 6, ""E3t"": 5}",7.0,7.25,6.0,7.0,True,True,3.0,3.0,5.0,4.0
mkt_L3b,ec62da15c56d8797928fd98c6cc9e394,L3b,Marketing,Digital Marketing Manager,Marketing,E2|E3,"{""E2"": 5, ""E3"": 8}",8.0,7.5,8.0,7.3333,True,True,2.0,2.0,3.0,1.0
mkt_L3b,70f49105d1be09483c9e9f1313655192,L3b,Marketing,Trưởng Nhóm Digital,Marketing,E2,"{""E2"": 6}",7.0,6.75,7.0,6.3333,True,True,3.0,2.0,4.0,3.0
mkt_L3b,f286dc24bd9a804510811b7d054e1e66,L3b,Marketing,Trưởng Phòng Marketing - Từ 5 Năm Kinh Nghiệm - Lương UpTo Đến 22 Triệu/Tháng - Tại Hồ Chí Minh,Marketing,E1,"{""E1"": 6}",7.0,7.0,7.0,7.0,True,True,2.0,2.0,3.0,3.0
mkt_L3b,771bf20685cebe06e442710aad9c7874,L3b,Marketing,Marketing Executive (Full-Stack) - Làm Việc Tại Hoàn Kiếm (Hà Nội),Marketing,E1,"{""E1"": 7}",8.0,7.75,8.0,7.6667,True,True,1.0,1.0,4.0,4.0
mkt_L3b,f997a841ad66878b0b1732896720795c,L3b,Marketing,Nhân Viên Marketing / Digital Marketing - Offer Upto 20M,Marketing,E2|E3|E2t,"{""E2"": 7, ""E3"": 9, ""E2t"": 8}",6.0,6.25,6.0,6.0,True,True,1.0,0.0,3.0,3.0
mkt_L3b,8eb3c8bb9279637069aac0f22245b5d4,L3b,Marketing,Trưởng Nhóm Marketing (Marketing Leader),Marketing,E1,"{""E1"": 8}",8.5,8.25,9.0,8.3333,True,True,2.0,2.0,2.0,2.0
mkt_L3b,10e0b56a844e326bbe4738ddd04ec1b6,L3b,Marketing,Digital Marketing - Ads FB/TikTok - BIết Tiếng Trung HSK4 - Tại Quận 7,Marketing,E2|E2t,"{""E2"": 9, ""E2t"": 10}",6.5,6.25,6.0,6.0,True,True,2.0,2.0,7.0,7.0
mkt_L3b,ea211ad74136c82ae778b9f5563b450e,L3b,Marketing,Marketing Manager/ Trưởng Phòng Marketing Tại Hà Nội,Marketing,E1|E3,"{""E1"": 9, ""E3"": 10}",8.0,7.75,8.0,7.6667,True,True,1.0,1.0,3.0,3.0
mkt_L3b,0541a36f20ae3bb34d5611611cdf2575,L3b,Marketing,Trưởng Nhóm Marketing,Marketing,E3t,"{""E3t"": 10}",6.5,6.25,6.0,6.0,True,True,2.0,2.0,3.0,2.0
mkt_L4,10e0b56a844e326bbe4738ddd04ec1b6,L4,Marketing,Digital Marketing - Ads FB/TikTok - BIết Tiếng Trung HSK4 - Tại Quận 7,Marketing,E1|E2|E3|E2t|E3t,"{""E1"": 3, ""E2"": 1, ""E3"": 4, ""E2t"": 1, ""E3t"": 6}",6.0,5.25,5.0,4.6667,True,True,5.0,5.0,4.0,4.0
mkt_L4,d5915a869a4054e89da28ca8f76fdd0e,L4,Marketing,Nhân Viên Performance Marketing,Marketing,E1|E2|E3|E2t|E3t,"{""E1"": 4, ""E2"": 2, ""E3"": 1, ""E2t"": 4, ""E3t"": 4}",6.5,6.25,6.0,6.0,True,True,2.0,2.0,4.0,4.0
mkt_L4,db26fe21fb542f5da657f8949825e776,L4,Marketing,Trưởng Nhóm Marketing - Đi Làm Ngay - Lương Upto 20 Triệu/ Tháng + Thưởng,Marketing,E1|E2|E3|E2t|E3t,"{""E1"": 1, ""E2"": 5, ""E3"": 7, ""E2t"": 2, ""E3t"": 1}",7.0,6.75,6.0,6.3333,True,True,3.0,3.0,5.0,3.0
mkt_L4,2c0064385df1b7bd5d88c0ae2d16a7bc,L4,Marketing,Head Of Marcom,Marketing,E1|E2t|E3t,"{""E1"": 2, ""E2t"": 5, ""E3t"": 3}",8.0,7.75,8.0,8.0,True,True,1.0,0.0,3.0,3.0
mkt_L4,a6580413779db6a2e32e068d566c8f38,L4,Marketing,Giám Đốc Marketing,Marketing,E2t|E3t,"{""E2t"": 6, ""E3t"": 2}",7.5,7.75,7.0,7.6667,True,True,2.0,2.0,3.0,2.0
mkt_L4,ea211ad74136c82ae778b9f5563b450e,L4,Marketing,Marketing Manager/ Trưởng Phòng Marketing Tại Hà Nội,Marketing,E1|E2|E3|E3t,"{""E1"": 8, ""E2"": 7, ""E3"": 2, ""E3t"": 8}",8.0,7.75,8.0,7.6667,True,True,1.0,1.0,3.0,3.0
mkt_L4,2e7c3f5f7958a44cd7dc5872ce4be30c,L4,Marketing,Senior Digital Marketing Executive,Marketing,E2|E3|E2t,"{""E2"": 3, ""E3"": 10, ""E2t"": 3}",7.5,7.25,7.0,7.0,True,True,2.0,2.0,3.0,2.0
mkt_L4,be615a6133bbc722fdc7749a361657d0,L4,Marketing,Trưởng Phòng Marketing,Marketing,E1|E2|E3|E2t|E3t,"{""E1"": 6, ""E2"": 6, ""E3"": 3, ""E2t"": 8, ""E3t"": 10}",7.5,7.5,7.0,7.3333,True,True,3.0,3.0,3.0,3.0
mkt_L4,ba29971e5d9731955883737174dddb96,L4,Marketing,Performance Marketing/ Facebook Ads - Dropshipping,Marketing,E1|E2|E3|E2t|E3t,"{""E1"": 5, ""E2"": 4, ""E3"": 5, ""E2t"": 7, ""E3t"": 9}",7.0,6.5,7.0,6.3333,True,True,4.0,4.0,5.0,5.0
mkt_L4,0541a36f20ae3bb34d5611611cdf2575,L4,Marketing,Trưởng Nhóm Marketing,Marketing,E3|E3t,"{""E3"": 6, ""E3t"": 5}",7.0,7.0,7.0,7.0,True,True,2.0,2.0,2.0,1.0
mkt_L4,0a93fa004b2d4a8be34db6c1a7cff3cf,L4,Marketing,Marketing Manager FnB,Marketing,E1,"{""E1"": 7}",7.0,7.0,7.0,6.6667,True,True,2.0,1.0,3.0,2.0
mkt_L4,5bceee31bfa92c70eda25c8bb7f520cf,L4,Marketing,Trưởng Nhóm Content,Marketing,E3|E3t,"{""E3"": 9, ""E3t"": 7}",8.0,7.75,8.0,7.6667,True,True,1.0,1.0,3.0,3.0
mkt_L4,4dfcef2aabd8d001f38786175258bb55,L4,Marketing,Content Leader,Marketing,E2|E2t,"{""E2"": 8, ""E2t"": 10}",8.5,8.25,9.0,8.3333,True,True,2.0,2.0,3.0,3.0
mkt_L4,b67dd74ff5f8305b0f6ef71decc12b4e,L4,Marketing,Chuyên Viên Marketing,Marketing,E1|E2|E3,"{""E1"": 9, ""E2"": 10, ""E3"": 8}",7.5,7.25,7.0,7.0,True,True,2.0,2.0,5.0,4.0
mkt_L4,31be1f40b11ae114645fd3ed96abb297,L4,Marketing,Quản Trị Viên (Part Time) Kênh TikTok/Facebook/Intagram/Youtube,Marketing,E2t,"{""E2t"": 9}",6.5,6.0,6.0,5.6667,True,True,3.0,3.0,7.0,7.0
mkt_L4,ec62da15c56d8797928fd98c6cc9e394,L4,Marketing,Digital Marketing Manager,Marketing,E2,"{""E2"": 9}",8.0,7.75,8.0,7.6667,True,True,1.0,1.0,3.0,2.0
mkt_L4,f286dc24bd9a804510811b7d054e1e66,L4,Marketing,Trưởng Phòng Marketing - Từ 5 Năm Kinh Nghiệm - Lương UpTo Đến 22 Triệu/Tháng - Tại Hồ Chí Minh,Marketing,E1,"{""E1"": 10}",8.0,8.25,8.0,8.3333,True,True,1.0,1.0,1.0,1.0
mkt_L4b,2c0064385df1b7bd5d88c0ae2d16a7bc,L4b,Marketing,Head Of Marcom,Marketing,E1|E3|E2t|E3t,"{""E1"": 1, ""E3"": 6, ""E2t"": 2, ""E3t"": 1}",9.0,8.75,9.0,8.6667,True,True,1.0,1.0,1.0,0.0
mkt_L4b,2e7c3f5f7958a44cd7dc5872ce4be30c,L4b,Marketing,Senior Digital Marketing Executive,Marketing,E2|E3|E2t|E3t,"{""E2"": 1, ""E3"": 1, ""E2t"": 1, ""E3t"": 7}",7.5,7.25,7.0,7.0,True,True,2.0,2.0,3.0,1.0
mkt_L4b,0a93fa004b2d4a8be34db6c1a7cff3cf,L4b,Marketing,Marketing Manager FnB,Marketing,E1|E2t|E3t,"{""E1"": 2, ""E2t"": 4, ""E3t"": 4}",8.0,7.75,8.0,7.6667,True,True,1.0,1.0,2.0,2.0
mkt_L4b,a6580413779db6a2e32e068d566c8f38,L4b,Marketing,Giám Đốc Marketing,Marketing,E2|E3|E2t|E3t,"{""E2"": 7, ""E3"": 7, ""E2t"": 7, ""E3t"": 2}",8.0,7.5,8.0,7.3333,True,True,2.0,2.0,3.0,1.0
mkt_L4b,b67dd74ff5f8305b0f6ef71decc12b4e,L4b,Marketing,Chuyên Viên Marketing,Marketing,E1|E2|E3|E2t|E3t,"{""E1"": 4, ""E2"": 2, ""E3"": 2, ""E2t"": 6, ""E3t"": 6}",6.5,6.5,6.0,6.0,True,True,3.0,2.0,4.0,1.0
mkt_L4b,be615a6133bbc722fdc7749a361657d0,L4b,Marketing,Trưởng Phòng Marketing,Marketing,E1|E2|E3|E2t|E3t,"{""E1"": 3, ""E2"": 4, ""E3"": 4, ""E2t"": 5, ""E3t"": 5}",8.0,7.25,8.0,7.0,True,True,5.0,5.0,5.0,5.0
mkt_L4b,d5915a869a4054e89da28ca8f76fdd0e,L4b,Marketing,Nhân Viên Performance Marketing,Marketing,E2|E3|E2t,"{""E2"": 3, ""E3"": 3, ""E2t"": 3}",6.5,5.75,6.0,5.3333,True,True,4.0,4.0,4.0,2.0
mkt_L4b,da6d7882e9e7d6703c35d3a2080aae0d,L4b,Marketing,UA Marketing Game,Marketing,E3|E3t,"{""E3"": 5, ""E3t"": 3}",5.5,5.0,5.0,4.3333,True,True,5.0,4.0,7.0,5.0
mkt_L4b,70f49105d1be09483c9e9f1313655192,L4b,Marketing,Trưởng Nhóm Digital,Marketing,E2,"{""E2"": 5}",8.5,8.5,9.0,8.6667,True,True,1.0,1.0,1.0,1.0
mkt_L4b,f286dc24bd9a804510811b7d054e1e66,L4b,Marketing,Trưởng Phòng Marketing - Từ 5 Năm Kinh Nghiệm - Lương UpTo Đến 22 Triệu/Tháng - Tại Hồ Chí Minh,Marketing,E1|E2t|E3t,"{""E1"": 5, ""E2t"": 10, ""E3t"": 10}",8.0,8.25,8.0,8.3333,True,True,1.0,1.0,0.0,0.0
mkt_L4b,1a279fed63e82745f5ebb5c2f031ce30,L4b,Marketing,"Nhân Viên Ads Marketing, 1 Năm Kinh Nghiệm, Thu Nhập 10 - 25 Triệu, Nghỉ T7 & CN (Cầu Giấy - Hà Nội)",Marketing,E1,"{""E1"": 6}",5.5,5.0,5.0,4.3333,True,True,5.0,4.0,5.0,3.0
mkt_L4b,ec62da15c56d8797928fd98c6cc9e394,L4b,Marketing,Digital Marketing Manager,Marketing,E2|E3|E2t,"{""E2"": 6, ""E3"": 9, ""E2t"": 8}",8.5,8.5,8.0,8.3333,True,True,1.0,1.0,1.0,1.0
mkt_L4b,8eb3c8bb9279637069aac0f22245b5d4,L4b,Marketing,Trưởng Nhóm Marketing (Marketing Leader),Marketing,E1|E2,"{""E1"": 7, ""E2"": 9}",8.0,8.25,8.0,8.3333,True,True,1.0,1.0,2.0,2.0
mkt_L4b,5bceee31bfa92c70eda25c8bb7f520cf,L4b,Marketing,Trưởng Nhóm Content,Marketing,E2,"{""E2"": 8}",7.5,7.25,7.0,7.0,True,True,2.0,2.0,2.0,2.0
mkt_L4b,771bf20685cebe06e442710aad9c7874,L4b,Marketing,Marketing Executive (Full-Stack) - Làm Việc Tại Hoàn Kiếm (Hà Nội),Marketing,E1,"{""E1"": 8}",7.0,6.75,7.0,6.3333,True,True,3.0,2.0,5.0,3.0
mkt_L4b,ea211ad74136c82ae778b9f5563b450e,L4b,Marketing,Marketing Manager/ Trưởng Phòng Marketing Tại Hà Nội,Marketing,E1|E3,"{""E1"": 9, ""E3"": 8}",8.5,8.5,9.0,8.6667,True,True,1.0,1.0,2.0,1.0
mkt_L4b,f997a841ad66878b0b1732896720795c,L4b,Marketing,Nhân Viên Marketing / Digital Marketing - Offer Upto 20M,Marketing,E3t,"{""E3t"": 8}",6.0,6.0,6.0,5.6667,True,True,2.0,1.0,4.0,2.0
mkt_L4b,10e0b56a844e326bbe4738ddd04ec1b6,L4b,Marketing,Digital Marketing - Ads FB/TikTok - BIết Tiếng Trung HSK4 - Tại Quận 7,Marketing,E3t,"{""E3t"": 9}",5.5,5.5,5.0,5.0,True,True,3.0,2.0,5.0,0.0
mkt_L4b,9ee5d9af0ee04ae719854e480aa593f6,L4b,Marketing,Nhân Viên Marketing,Marketing,E2t,"{""E2t"": 9}",6.5,6.0,6.0,5.6667,True,True,3.0,3.0,3.0,2.0
mkt_L4b,4dfcef2aabd8d001f38786175258bb55,L4b,Marketing,Content Leader,Marketing,E2,"{""E2"": 10}",8.0,8.0,8.0,8.0,True,True,2.0,2.0,2.0,2.0
mkt_L4b,560f1a5456ba5210365269a62018a3a5,L4b,Marketing,Thực Tập Sinh Digital Marketing/ UA Marketing - Game Industry,Marketing,E1,"{""E1"": 10}",4.0,4.25,3.0,3.6667,False,False,3.0,2.0,1.0,0.0
mkt_L4b,c7cc9a134187690a4d6643ba5a90a3b6,L4b,Marketing,Trưởng Nhóm ADS,Marketing,E3,"{""E3"": 10}",7.0,7.0,7.0,7.0,True,True,2.0,2.0,2.0,2.0
mkt_P,7f3930fbef4b9c5630f54c512c4c2151,P,Marketing,CVCC Quản Trị Hiệu Quả Sản Phẩm BHNT - ID4446,Ngân hàng,E1|E2|E3|E2t|E3t,"{""E1"": 3, ""E2"": 1, ""E3"": 6, ""E2t"": 5, ""E3t"": 5}",2.0,2.0,2.0,1.6667,False,False,2.0,1.0,8.0,8.0
mkt_P,80e4e9e1f78f4a14a5a1b0dfa34fb691,P,Marketing,Senior Graphic Designer / Chuyên Viên Thiết Kế Đồ Họa,Thiết kế đồ họa,E3,"{""E3"": 1}",2.0,2.25,2.0,2.3333,False,False,3.0,3.0,4.0,4.0
mkt_P,fadbf9fddd686b0aba832143a92a3355,P,Marketing,Nhân Viên Chăm Sóc Khách Hàng,Chăm sóc khách hàng,E1|E2|E3|E2t|E3t,"{""E1"": 1, ""E2"": 3, ""E3"": 2, ""E2t"": 1, ""E3t"": 1}",4.0,3.75,3.0,3.3333,False,False,3.0,3.0,3.0,3.0
mkt_P,7222c009019dbf5438a77e38fdcb9770,P,Marketing,Nhân Viên Kinh Doanh/ Nhân Viên Tư Vấn Tuyển Sinh/ Tư Vấn Khóa Học IELTS (Không Yêu Cầu Kinh Nghiệm Giáo Dục) - Lương 12 - 25 Triệu/Tháng,Nhân viên kinh doanh,E1|E2|E3|E2t|E3t,"{""E1"": 2, ""E2"": 5, ""E3"": 4, ""E2t"": 3, ""E3t"": 3}",3.5,3.5,3.0,3.3333,False,False,1.0,1.0,4.0,4.0
mkt_P,9335aa414729cffb3b7b7634f9a552e0,P,Marketing,Nhân Viên Đặt Lịch Hẹn/ Book Lịch Học Thử - Làm Giờ Hành Chính - Data Cấp Sẵn 100% - KPI Không Phụ Thuộc Lương Cứng,Giáo dục,E2|E3|E2t|E3t,"{""E2"": 4, ""E3"": 3, ""E2t"": 2, ""E3t"": 2}",3.0,3.5,3.0,3.6667,False,False,2.0,2.0,3.0,3.0
mkt_P,cf25a8186ebec8c5eb5f2eda7c9dd7b2,P,Marketing,Nhân Viên Hành Chính Nhân Sự - Không Có Kinh Nghiệm Sẽ Được Đào Tạo - Đi Làm Ngay,Hành chính nhân sự,E2,"{""E2"": 2}",4.0,3.75,4.0,3.3333,False,False,3.0,2.0,3.0,3.0
mkt_P,12ada966cc6c022e21dd202477e5af9d,P,Marketing,Hành Chính Nhân Sự,Hành chính nhân sự,E2|E2t,"{""E2"": 6, ""E2t"": 4}",3.5,3.5,3.0,3.3333,False,False,3.0,3.0,3.0,3.0
mkt_P,6988fa91c747143a0cb8e04a1dc4bdaf,P,Marketing,Nhân Viên Thiết Kế [ Thu Nhập Upto 20 Triệu+++ Được Đào Tạo Bài Bản Từ Đầu...],IT,E3|E3t,"{""E3"": 5, ""E3t"": 4}",4.0,3.75,4.0,3.6667,False,False,3.0,3.0,8.0,7.0
mkt_P,a9ff50156c5c68869371e1ede3adf900,P,Marketing,Chuyên Viên Vật Lý (Lương 30 Triệu ++),Giáo dục,E1|E2|E3|E2t|E3t,"{""E1"": 4, ""E2"": 8, ""E3"": 8, ""E2t"": 7, ""E3t"": 7}",1.0,1.5,1.0,1.6667,False,False,2.0,2.0,2.0,2.0
mkt_P,393569e29b4b58bc0f81851017ed3cd8,P,Marketing,"CHUYÊN VIÊN TƯ VẤN TÀI CHÍNH -SHINHAN BANK ( Pico Plaza, Phường Bảy Hiền)",Ngân hàng,E1|E2|E3|E2t|E3t,"{""E1"": 5, ""E2"": 10, ""E3"": 10, ""E2t"": 9, ""E3t"": 9}",4.0,4.25,4.0,3.3333,False,False,5.0,2.0,5.0,5.0
mkt_P,30d04e5ddf720c6949a51fc7b218bf2b,P,Marketing,Nhân Viên Thiết Kế (Graphic Design),Thiết kế đồ họa,E3|E3t,"{""E3"": 7, ""E3t"": 6}",2.0,1.75,2.0,1.6667,False,False,1.0,1.0,2.0,2.0
mkt_P,34265abc78e946c86b0fca885ec8eaf0,P,Marketing,Giáo Viên Tiếng Anh (Toeic - Giao Tiếp) - Full Time / Part Time,Giáo dục,E2|E2t,"{""E2"": 7, ""E2t"": 6}",1.5,2.25,2.0,2.6667,False,False,4.0,4.0,8.0,8.0
mkt_P,5a397b33c9d726f347231415737beb42,P,Marketing,Area Sales Manager,Telesales,E1,"{""E1"": 6}",2.0,2.0,2.0,1.6667,False,False,2.0,1.0,3.0,3.0
mkt_P,051bc099fc1fd4d8e8051ad3f85f724a,P,Marketing,Trợ Lý Tổng Giám Đốc - (Tuyển Nữ),Bất động sản,E1,"{""E1"": 7}",1.5,2.25,1.0,2.3333,False,False,4.0,4.0,4.0,4.0
mkt_P,26afafd7fc47e96b8cf47c4b8a24037f,P,Marketing,CAD/CAM Engineer / Kỹ Sư Lập Trình - Làm Việc Tại VSIP 1,IT,E1,"{""E1"": 8}",3.0,3.25,4.0,3.6667,False,False,3.0,3.0,2.0,2.0
mkt_P,2cff6e9fec0e6de3c333654b7099c1d5,P,Marketing,Nhân Viên Thiết Kế Đồ Họa,Thiết kế đồ họa,E3|E3t,"{""E3"": 9, ""E3t"": 8}",1.5,2.0,1.0,2.0,False,False,3.0,3.0,1.0,1.0
mkt_P,e1ad9ba84fee82469a0d7a56ce58cba5,P,Marketing,Nhân Viên Sale/Tư Vấn - Làm Giờ Hành Chính (Thu Nhập Từ 15 - 25 Triệu/Tháng),Nhân viên kinh doanh,E2|E2t,"{""E2"": 9, ""E2t"": 8}",4.5,4.25,4.0,4.0,False,False,2.0,2.0,4.0,4.0
mkt_P,eadb10f792afb06bf250cdce60363583,P,Marketing,"Giám Sát Tuyển Sinh - Quản Lý Lớp Học - Sales Supervisor (Quảng Ngãi, Đà Nẵng, Long An) - Có Kinh Nghiệm Quản Lý Đội Nhóm",Telesales,E1,"{""E1"": 9}",3.0,3.25,2.0,2.6667,False,False,3.0,2.0,4.0,4.0
mkt_P,21e374ac9c4191dfb45bdc896cc76ac5,P,Marketing,Nhân Viên Chăm Sóc Khách Hàng| Telesales,Chăm sóc khách hàng,E2t,"{""E2t"": 10}",3.5,3.5,3.0,3.3333,False,False,3.0,3.0,4.0,4.0
mkt_P,332b842c0854222126666c568e291898,P,Marketing,Nhân Viên Kho Kinh Nghiệm 1 Năm Trở Lên,Lao động phổ thông,E1,"{""E1"": 10}",4.5,5.25,4.0,5.3333,False,False,4.0,4.0,3.0,3.0
mkt_P,dbbe570cbac7540f1446442d7428cfd6,P,Marketing,Nhân Viên Kinh Doanh / Tư Vấn Viên ̣̣̣KḤ ̣/ KHÔNG YÊU CẦU KINH NGHIỆM,Nhân viên kinh doanh,E3t,"{""E3t"": 10}",5.0,4.25,5.0,4.0,True,True,3.0,3.0,2.0,2.0
mkt_P2,28d4da5e5a7b5190630e7254b543ca88,P2,Marketing,Nhân Viên Tuyển Dụng Đào Tạo,Giáo dục,E1|E2|E3|E2t,"{""E1"": 7, ""E2"": 1, ""E3"": 4, ""E2t"": 8}",2.5,2.75,2.0,2.6667,False,False,2.0,2.0,1.0,1.0
mkt_P2,510483ef979ca1ad3d23f04a110ce308,P2,Marketing,"Chuyên Viên Phát Triển Thị Trường, Ngoài GT/MT",Nhân viên kinh doanh,E1|E2|E3,"{""E1"": 8, ""E2"": 4, ""E3"": 1}",3.0,2.75,2.0,2.3333,False,False,3.0,3.0,4.0,4.0
mkt_P2,fadbf9fddd686b0aba832143a92a3355,P2,Marketing,Nhân Viên Chăm Sóc Khách Hàng,Chăm sóc khách hàng,E1|E2|E3|E2t|E3t,"{""E1"": 1, ""E2"": 7, ""E3"": 7, ""E2t"": 1, ""E3t"": 1}",5.5,5.25,5.0,5.0,True,True,2.0,2.0,3.0,3.0
mkt_P2,6572f5aed5d6331a76898e2c9341a476,P2,Marketing,Thực Tập Sinh Vận Hành Robot Và Kiểm Soát Chất Lượng Data,IT,E2|E3|E2t|E3t,"{""E2"": 2, ""E3"": 2, ""E2t"": 10, ""E3t"": 4}",4.0,4.5,4.0,4.6667,False,False,2.0,2.0,1.0,1.0
mkt_P2,a9ff50156c5c68869371e1ede3adf900,P2,Marketing,Chuyên Viên Vật Lý (Lương 30 Triệu ++),Giáo dục,E1|E2|E3|E2t|E3t,"{""E1"": 2, ""E2"": 9, ""E3"": 9, ""E2t"": 3, ""E3t"": 3}",1.0,1.25,1.0,1.3333,False,False,1.0,1.0,1.0,1.0
mkt_P2,f490a8c8e59387660c6c465bb32614f3,P2,Marketing,Solution Consultant (CRM & Marketing),IT,E2|E3|E2t|E3t,"{""E2"": 8, ""E3"": 8, ""E2t"": 2, ""E3t"": 2}",4.5,4.25,4.0,4.0,False,False,2.0,2.0,3.0,3.0
mkt_P2,7222c009019dbf5438a77e38fdcb9770,P2,Marketing,Nhân Viên Kinh Doanh/ Nhân Viên Tư Vấn Tuyển Sinh/ Tư Vấn Khóa Học IELTS (Không Yêu Cầu Kinh Nghiệm Giáo Dục) - Lương 12 - 25 Triệu/Tháng,Nhân viên kinh doanh,E1|E3|E2t|E3t,"{""E1"": 3, ""E3"": 10, ""E2t"": 5, ""E3t"": 5}",5.0,4.75,5.0,4.6667,True,True,1.0,1.0,4.0,4.0
mkt_P2,84d7d60ba9343c2e81708112b822eb91,P2,Marketing,Nhân Viên Telesales / Trực Page - Thu Nhập 10 - 20 Triệu,Telesales,E2|E3|E3t,"{""E2"": 3, ""E3"": 3, ""E3t"": 9}",5.0,4.75,5.0,4.3333,True,True,3.0,2.0,2.0,2.0
mkt_P2,124f4256f0d6a862038089b366463a3e,P2,Marketing,"Nhân Viên Chăm Sóc Khách Hàng Hỗ Trợ Dịch Vụ (Ca Đêm) / Customer Service - Tiếng Anh Tốt, Thu Nhập Hấp Dẫn",Chăm sóc khách hàng,E1|E2t|E3t,"{""E1"": 4, ""E2t"": 7, ""E3t"": 7}",5.0,4.75,5.0,4.6667,True,True,1.0,1.0,2.0,2.0
mkt_P2,403c0fcc6385a30b7c71339d1791cc24,P2,Marketing,Nhân Viên Hướng Nghiệp Và Đại Học,Giáo dục,E2|E2t,"{""E2"": 10, ""E2t"": 4}",3.0,3.0,2.0,2.6667,False,False,2.0,2.0,8.0,3.0
mkt_P2,07e3efc642ab8e9d311ffb48920a762b,P2,Marketing,"Senior Education Advisor / Consultant / Chuyên Viên Tư Vấn Tuyển Sinh (Bình Thạnh, Thủ Đức)",Telesales,E1|E3t,"{""E1"": 5, ""E3t"": 10}",4.0,4.0,3.0,3.6667,False,False,2.0,2.0,3.0,3.0
mkt_P2,b177e6ea995d45835a248c54124fa95b,P2,Marketing,Trợ Lý Kinh Doanh (Thành Thạo Tiếng Trung),Hành chính nhân sự,E2|E3,"{""E2"": 5, ""E3"": 5}",4.5,4.5,4.0,4.3333,False,False,3.0,3.0,2.0,2.0
mkt_P2,3a1cb946e9e411285690e2b339f16812,P2,Marketing,"Quản Lý Phòng Hành Chính Tổng Hợp (Lương Thoả Thuận Cao, Đãi Ngộ Tốt) - Làm Việc Tại Bà Rịa - Vũng Tàu (Cũ)",Hành chính nhân sự,E2,"{""E2"": 6}",1.0,1.0,1.0,1.0,False,False,0.0,0.0,2.0,2.0
mkt_P2,610f25f0e6605b47d579d3280366ba11,P2,Marketing,CỘNG TÁC VIÊN VIB – THẺ TÍN DỤNG & VAY NHANH 5 PHÚT (ONLINE TOÀN QUỐC) (Việc Làm Online | Thu Nhập Cao | Không Cần Gặp Khách,Telesales,E2t,"{""E2t"": 6}",5.0,4.75,4.0,4.0,True,False,5.0,4.0,5.0,5.0
mkt_P2,e2a95ee4eb1f005599ac4cbb23651694,P2,Marketing,Nhân Viên Chăm Sóc Khách Hàng Kiêm Lễ Tân,Chăm sóc khách hàng,E1,"{""E1"": 6}",6.0,5.0,5.0,4.3333,True,True,6.0,6.0,6.0,6.0
mkt_P2,e59f62e8daa697917337c48fd6145c9a,P2,Marketing,"Nhân Viên Kinh Doanh (Không YC KN) (Thanh Xuân, HN)",IT,E2t|E3t,"{""E2t"": 9, ""E3t"": 6}",4.5,4.5,4.0,4.3333,False,False,3.0,3.0,1.0,1.0
mkt_P2,f997a841ad66878b0b1732896720795c,P2,Marketing,Nhân Viên Marketing / Digital Marketing - Offer Upto 20M,Marketing,E3,"{""E3"": 6}",3.5,3.5,4.0,3.6667,False,False,3.0,3.0,3.0,3.0
mkt_P2,c7d8611403d266205390aeb749e06def,P2,Marketing,"Admin Clerk (District 9, HCMC)",Hành chính nhân sự,E3t,"{""E3t"": 8}",3.0,3.5,2.0,3.3333,False,False,4.0,4.0,5.0,5.0
mkt_P2,98c2170bab855cc85bb028b834be7397,P2,Marketing,Trưởng Phòng Dự Án Nhân Sự,Hành chính nhân sự,E1,"{""E1"": 9}",1.0,1.25,1.0,1.0,False,False,1.0,0.0,1.0,1.0
mkt_P2,e378b05336e27625d618758c700f8cd2,P2,Marketing,"Kỹ Sư Shopdrawing Điện, Điện Nhẹ (Chế Độ Thu Nhập Cạnh Tranh)",Kỹ sư xây dựng,E1,"{""E1"": 10}",1.5,2.25,1.0,2.3333,False,False,4.0,4.0,5.0,5.0
nh_L1,ddfea85da54c5e5531365d773936dbd5,L1,Ngân hàng,Chuyên Viên Cao Cấp Tài Chính & Kế Toán,Ngân hàng,E2|E2t,"{""E2"": 3, ""E2t"": 1}",5.0,4.75,5.0,4.6667,True,True,3.0,3.0,3.0,2.0
nh_L1,e6bf76071d8a2569401c6f2f2cc0b642,L1,Ngân hàng,Chuyên Viên Phân Tích Nghiệp Vụ (Senior Business Analyst) - Sản Phẩm Quản Lý Cửa Hàng/Nhà Hàng/Tài Chính - AI Cho Cá Nhân,Ngân hàng,E1|E3|E2t|E3t,"{""E1"": 1, ""E3"": 7, ""E2t"": 2, ""E3t"": 1}",4.5,4.25,5.0,4.3333,False,True,2.0,2.0,3.0,3.0
nh_L1,f37d158e813197a50b3d101ab02214b9,L1,Ngân hàng,Chuyên Viên Tài Chính Kế Toán (Financial Accounting),Ngân hàng,E1|E2|E3|E2t|E3t,"{""E1"": 2, ""E2"": 1, ""E3"": 1, ""E2t"": 3, ""E3t"": 3}",4.0,4.25,4.0,4.3333,False,False,1.0,1.0,3.0,3.0
nh_L1,092d118255787266e7a784be87f5e982,L1,Ngân hàng,Giám Đốc (Chuyên Môn Tài Chính),Ngân hàng,E1|E2|E3|E2t|E3t,"{""E1"": 9, ""E2"": 5, ""E3"": 2, ""E2t"": 7, ""E3t"": 6}",2.5,2.5,2.0,2.3333,False,False,1.0,1.0,2.0,1.0
nh_L1,3997b1048747a9177ae7ce08950fa7b5,L1,Ngân hàng,Chuyên Viên Phân Tích Kế Toán - Tài Chính - Thu Nhập Upto 20 Triệu,Ngân hàng,E2|E3|E2t|E3t,"{""E2"": 2, ""E3"": 4, ""E2t"": 4, ""E3t"": 9}",5.0,5.0,5.0,5.0,True,True,4.0,4.0,3.0,3.0
nh_L1,f86ea28fc8d31339288eaf3c5fff8780,L1,Ngân hàng,Chuyên Viên QUAN HỆ KHÁCH HÀNG CÁ NHÂN (THU NHẬP TỐT_ ĐÀO TẠO CÓ LƯƠNG),Ngân hàng,E3t,"{""E3t"": 2}",5.0,5.0,4.0,4.3333,True,False,4.0,3.0,1.0,1.0
nh_L1,e1ae20e8e7feadec36962ec816137409,L1,Ngân hàng,Trưởng Phòng Tài Chính Kế Toán (Sản Xuất Hàng Tiêu Dùng),Ngân hàng,E1|E2|E3|E2t|E3t,"{""E1"": 3, ""E2"": 4, ""E3"": 3, ""E2t"": 5, ""E3t"": 5}",5.0,4.25,5.0,4.0,True,True,3.0,3.0,3.0,3.0
nh_L1,a4a486ddf824bf37b45de370cec049e5,L1,Ngân hàng,Chuyên Viên Hoạch Định Và Phân Tích Tài Chính,Ngân hàng,E1|E2t|E3t,"{""E1"": 4, ""E2t"": 8, ""E3t"": 8}",4.5,4.75,4.0,4.0,False,False,4.0,2.0,7.0,3.0
nh_L1,bd8c77558d57276d2d01507420f7c3ec,L1,Ngân hàng,Java Developer 3 Năm Kinh Nghiệm Onsite Bank,Ngân hàng,E3t,"{""E3t"": 4}",1.0,1.25,1.0,1.3333,False,False,1.0,1.0,2.0,2.0
nh_L1,60d78332e92285f43bac1d28e0da098e,L1,Ngân hàng,Chuyên Viên Tài Chính (IPO) - Kinh Nghiệm Từ 2 Năm - Cần Thơ,Ngân hàng,E1|E2,"{""E1"": 5, ""E2"": 9}",5.5,5.0,5.0,4.6667,True,True,3.0,3.0,5.0,3.0
nh_L1,fff8d13ba0264619de79e9c814773429,L1,Ngân hàng,Kế Toán Trưởng (TP Tài Chính - Kế Toán),Ngân hàng,E1|E2|E3|E2t|E3t,"{""E1"": 7, ""E2"": 7, ""E3"": 5, ""E2t"": 10, ""E3t"": 10}",2.5,2.75,2.0,2.6667,False,False,2.0,2.0,1.0,1.0
nh_L1,4071f9bfcc126b4bb39a85d9d5aca8af,L1,Ngân hàng,Financial Planning & Analysis (FP&A) Analyst,Ngân hàng,E1,"{""E1"": 6}",5.0,4.5,5.0,4.3333,True,True,2.0,2.0,8.0,8.0
nh_L1,4fd1589af1b036f70eee07430478140d,L1,Ngân hàng,"Kế Toán Thuế, Ngân Hàng - Lương Upto 20M - Làm Việc Tại Ô Chợ Dừa, Hà Nội",Ngân hàng,E2t,"{""E2t"": 6}",2.5,3.0,2.0,2.3333,False,False,3.0,1.0,3.0,1.0
nh_L1,ffbc5dc524072bccff7ef8944660ca8a,L1,Ngân hàng,Giám Đốc Tài Chính ( Nam - Đi Làm Ngay),Ngân hàng,E1|E2|E3|E2t,"{""E1"": 8, ""E2"": 6, ""E3"": 6, ""E2t"": 9}",2.0,2.0,2.0,2.0,False,False,2.0,2.0,0.0,0.0
nh_L1,f328e0de805b24920abcdb852c9dd749,L1,Ngân hàng,Nhân Viên Quan Hệ Khách Hàng Doanh Nghiệp (Tư Vấn Tài Chính),Ngân hàng,E2|E3|E3t,"{""E2"": 8, ""E3"": 8, ""E3t"": 7}",6.5,6.5,6.0,6.3333,True,True,3.0,3.0,1.0,1.0
nh_L1,3d89ae078f479dc5d9bac078598b770c,L1,Ngân hàng,Trưởng Bộ Phận Tài Chính Quản Trị,Ngân hàng,E3,"{""E3"": 9}",2.0,2.0,2.0,2.0,False,False,0.0,0.0,0.0,0.0
nh_L1,050a95f84d5f1aaf913b925bc61727ef,L1,Ngân hàng,Trưởng Nhóm Kiểm Toán Tài Chính,Ngân hàng,E2,"{""E2"": 10}",3.0,3.0,3.0,2.6667,False,False,2.0,1.0,2.0,1.0
nh_L1,31a802d6cb89b3df6933100ea6be0b2d,L1,Ngân hàng,Chuyên Viên Đối Soát & Công Nợ ( Tiếng Trung) / Internal Control Specialist - Từ 2 Năm Kinh Nghiệm - Upto 25M,Ngân hàng,E1|E3,"{""E1"": 10, ""E3"": 10}",3.0,3.75,3.0,2.6667,False,False,5.0,1.0,9.0,3.0
nh_L1b,0fd668619b098c047a06fb1cc0f5d298,L1b,Ngân hàng,"Nhân Viên Tư Vấn/Telesales Tài Chính Khu Vực Cà Mau, Kiên Giang, Trà Vinh",Ngân hàng,E1|E2|E3|E2t|E3t,"{""E1"": 4, ""E2"": 1, ""E3"": 2, ""E2t"": 3, ""E3t"": 7}",7.0,7.25,7.0,7.3333,True,True,1.0,1.0,2.0,2.0
nh_L1b,2088ced6ba1e8144cb9ad678071d02ae,L1b,Ngân hàng,Thực Tập Sinh Tài Chính - Thu Nhập Từ 10 Triệu/Tháng,Ngân hàng,E1|E2t|E3t,"{""E1"": 1, ""E2t"": 1, ""E3t"": 2}",7.0,7.0,7.0,7.0,True,True,2.0,2.0,2.0,2.0
nh_L1b,76035e858445d1269223654ab0ee3cd3,L1b,Ngân hàng,"Chuyên Viên Tư Vấn Bảo Hiểm Kênh Ngân Hàng [ Hà Nội, HCM, Bình Phước]",Ngân hàng,E2|E3|E2t|E3t,"{""E2"": 3, ""E3"": 1, ""E2t"": 2, ""E3t"": 1}",8.0,7.75,8.0,7.6667,True,True,1.0,1.0,1.0,1.0
nh_L1b,deeeefc240565af7c4872230626ebc0d,L1b,Ngân hàng,Nhân Viên Tư Vấn Hồ Sơ Trả Góp Xe Máy/Điện Máy/Điện Thoại - Miền Bắc,Ngân hàng,E1|E2|E3|E2t|E3t,"{""E1"": 2, ""E2"": 2, ""E3"": 10, ""E2t"": 4, ""E3t"": 3}",7.5,7.5,8.0,7.6667,True,True,1.0,1.0,1.0,0.0
nh_L1b,5296ff03c24b68726765858957ebba83,L1b,Ngân hàng,Chuyên Viên Tư Vấn Bảo Hiểm - Dự Án Ngân Hàng MB [Hưng Yên/Bắc Ninh/Vĩnh Phúc],Ngân hàng,E2|E3|E2t|E3t,"{""E2"": 4, ""E3"": 3, ""E2t"": 5, ""E3t"": 9}",8.0,7.75,8.0,7.6667,True,True,1.0,1.0,1.0,1.0
nh_L1b,e2fb30404e6e3878de21e5072b779a2c,L1b,Ngân hàng,Nhân Viên Tư Vấn Tài Chính Thị Trường (Các Tỉnh Miền Đông),Ngân hàng,E1|E2|E2t|E3t,"{""E1"": 3, ""E2"": 5, ""E2t"": 6, ""E3t"": 5}",7.0,7.25,7.0,7.3333,True,True,1.0,1.0,2.0,2.0
nh_L1b,f328e0de805b24920abcdb852c9dd749,L1b,Ngân hàng,Nhân Viên Quan Hệ Khách Hàng Doanh Nghiệp (Tư Vấn Tài Chính),Ngân hàng,E2|E3|E3t,"{""E2"": 8, ""E3"": 4, ""E3t"": 6}",7.0,7.0,6.0,6.6667,True,True,2.0,2.0,1.0,0.0
nh_L1b,f86ea28fc8d31339288eaf3c5fff8780,L1b,Ngân hàng,Chuyên Viên QUAN HỆ KHÁCH HÀNG CÁ NHÂN (THU NHẬP TỐT_ ĐÀO TẠO CÓ LƯƠNG),Ngân hàng,E2t|E3t,"{""E2t"": 7, ""E3t"": 4}",6.0,5.75,6.0,5.3333,True,True,3.0,2.0,3.0,3.0
nh_L1b,89bb2e447d8dd2bafc7ea83c103f5df9,L1b,Ngân hàng,Chuyên Viên Tư Vấn Tài Chính Và Đầu Tư - Fasttrack 2026 (Batch 2) - Không Yêu Cầu Kinh Nghiệm - [Hồ Chí Minh],Ngân hàng,E1|E2|E2t|E3t,"{""E1"": 5, ""E2"": 9, ""E2t"": 9, ""E3t"": 10}",8.0,8.25,8.0,8.3333,True,True,1.0,1.0,2.0,2.0
nh_L1b,cb0ee9ff19f1056c78e8bcaae4c99033,L1b,Ngân hàng,Chuyên Viên Tư Vấn Bảo Hiểm - Kênh Hợp Tác Ngân Hàng Vietcombank (Toàn Quốc),Ngân hàng,E2|E3|E2t,"{""E2"": 7, ""E3"": 5, ""E2t"": 8}",7.0,7.25,7.0,7.3333,True,True,1.0,1.0,2.0,1.0
nh_L1b,393569e29b4b58bc0f81851017ed3cd8,L1b,Ngân hàng,"CHUYÊN VIÊN TƯ VẤN TÀI CHÍNH -SHINHAN BANK ( Pico Plaza, Phường Bảy Hiền)",Ngân hàng,E3|E3t,"{""E3"": 6, ""E3t"": 8}",6.5,6.5,6.0,6.0,True,True,3.0,2.0,3.0,2.0
nh_L1b,7201674faf6ea9f85754049c855b27fb,L1b,Ngân hàng,"Nhân Viên Tư Vấn - Tài Chính (Bảo Hiểm Daiichi Life) / Thu Nhập Từ 20 Triệu / Dưới 1 Năm Kinh Nghiệm / Tại Thanh Xuân, Hà Nội",Ngân hàng,E1,"{""E1"": 6}",7.5,7.5,8.0,7.6667,True,True,1.0,1.0,1.0,1.0
nh_L1b,e3dbcdc7f20de5b9ea201002752251e7,L1b,Ngân hàng,Nhân Viên Tư Vấn Qua Điện Thoại,Ngân hàng,E1|E2|E2t,"{""E1"": 7, ""E2"": 6, ""E2t"": 10}",6.0,5.5,6.0,5.0,True,True,4.0,3.0,5.0,4.0
nh_L1b,5e2b3c6b64aa49e533916be8c7038f97,L1b,Ngân hàng,Chuyên Viên/ Chuyên Viên Chính/ Chuyên Viên Cao Cấp Tư Vấn Tài Chính Cá Nhân (Tín Chấp) Tại Cầu Giấy Hà Nội - Thu Nhập Hấp Dẫn,Ngân hàng,E3,"{""E3"": 7}",7.5,7.25,7.0,7.0,True,True,2.0,2.0,2.0,1.0
nh_L1b,b3e15ea2a8480498cff8bae638eae872,L1b,Ngân hàng,Chief Financial Officer,Ngân hàng,E1|E3,"{""E1"": 8, ""E3"": 8}",2.5,3.0,2.0,3.0,False,False,3.0,3.0,1.0,1.0
nh_L1b,72416260854a06a4a44f124ebb7737c9,L1b,Ngân hàng,Chuyên Viên Kế Hoạch Và Phát Triển Kinh Doanh Bậc Cao_Business Planning And Promotion Senior Associate_ BIDV - SUMI TRUST (Thu Nhập Hấp Dẫn),Ngân hàng,E1,"{""E1"": 9}",6.0,6.0,5.0,5.6667,True,True,2.0,2.0,2.0,2.0
nh_L1b,d49eab671d39acbe0d24d32de9a21d03,L1b,Ngân hàng,CHUYÊN VIÊN TƯ VẤN TÀI CHÍNH - MẢNG TÍN DỤNG KHCN(Không Yêu Cầu Kinh Nghiệm - Nhận Việc Ngay),Ngân hàng,E2|E3,"{""E2"": 10, ""E3"": 9}",6.0,5.5,6.0,5.0,True,True,4.0,3.0,2.0,2.0
nh_L1b,1f5b35c183f3cb4094e3eeee94e7409d,L1b,Ngân hàng,Chuyên Viên Môi Giới Tư Vấn Chứng Khoán Việt Nam,Ngân hàng,E1,"{""E1"": 10}",7.5,7.25,8.0,7.3333,True,True,2.0,2.0,3.0,2.0
nh_L2,122b26b230bcb3afb7574fa66a60578f,L2,Ngân hàng,Chuyên Viên Chính Phát Triển Sản Phẩm Bán Lẻ,Ngân hàng,E1|E2|E3|E2t|E3t,"{""E1"": 3, ""E2"": 2, ""E3"": 1, ""E2t"": 2, ""E3t"": 2}",7.0,6.75,7.0,6.6667,True,True,3.0,3.0,4.0,4.0
nh_L2,e5cde5f596b408de0cb7596cba08bbf1,L2,Ngân hàng,Chuyên Viên Tác Nghiệp Tín Dụng Tại Hội Sở,Ngân hàng,E1|E2|E3|E2t|E3t,"{""E1"": 1, ""E2"": 1, ""E3"": 2, ""E2t"": 1, ""E3t"": 1}",6.0,6.25,6.0,6.3333,True,True,1.0,1.0,1.0,1.0
nh_L2,d2d2b3ff6b7b84bbdc2c6b1f39f362e8,L2,Ngân hàng,Trưởng Bộ Phận Vận Hành Giao Dịch Vốn,Ngân hàng,E1|E2|E3|E2t|E3t,"{""E1"": 2, ""E2"": 4, ""E3"": 5, ""E2t"": 3, ""E3t"": 5}",5.0,4.5,5.0,4.3333,True,True,2.0,2.0,1.0,1.0
nh_L2,ab69845f9b23b2bb9a03d2dcd35b7169,L2,Ngân hàng,Chuyên Gia Kế Hoạch Tài Chính,Ngân hàng,E1|E2|E3|E2t|E3t,"{""E1"": 4, ""E2"": 3, ""E3"": 3, ""E2t"": 4, ""E3t"": 4}",4.0,3.75,4.0,3.6667,False,False,1.0,1.0,2.0,1.0
nh_L2,f86ea28fc8d31339288eaf3c5fff8780,L2,Ngân hàng,Chuyên Viên QUAN HỆ KHÁCH HÀNG CÁ NHÂN (THU NHẬP TỐT_ ĐÀO TẠO CÓ LƯƠNG),Ngân hàng,E3|E2t|E3t,"{""E3"": 10, ""E2t"": 5, ""E3t"": 3}",6.0,5.75,5.0,5.3333,True,True,3.0,3.0,2.0,2.0
nh_L2,393569e29b4b58bc0f81851017ed3cd8,L2,Ngân hàng,"CHUYÊN VIÊN TƯ VẤN TÀI CHÍNH -SHINHAN BANK ( Pico Plaza, Phường Bảy Hiền)",Ngân hàng,E2|E3|E2t|E3t,"{""E2"": 5, ""E3"": 4, ""E2t"": 6, ""E3t"": 6}",7.0,7.25,7.0,7.3333,True,True,1.0,1.0,2.0,1.0
nh_L2,49d786ed45adca20276202b64112e2ab,L2,Ngân hàng,Trưởng Phòng Hoạch Định Và Phân Tích Tài Chính - Nova Land,Ngân hàng,E1|E2t|E3t,"{""E1"": 5, ""E2t"": 7, ""E3t"": 7}",4.0,4.25,4.0,4.3333,False,False,3.0,3.0,2.0,2.0
nh_L2,a4a486ddf824bf37b45de370cec049e5,L2,Ngân hàng,Chuyên Viên Hoạch Định Và Phân Tích Tài Chính,Ngân hàng,E1|E2|E3|E2t|E3t,"{""E1"": 9, ""E2"": 6, ""E3"": 6, ""E2t"": 8, ""E3t"": 9}",7.0,6.5,7.0,6.3333,True,True,2.0,2.0,2.0,2.0
nh_L2,be64e110de5a97c66aebb1ae558373ae,L2,Ngân hàng,Chuyên Viên Cấp Cao/Chuyên Gia Thẩm Định Tín Dụng FI - Khối Quản Lý Tín Dụng,Ngân hàng,E1|E3t,"{""E1"": 6, ""E3t"": 10}",4.5,4.25,4.0,4.0,False,False,2.0,2.0,3.0,3.0
nh_L2,d49eab671d39acbe0d24d32de9a21d03,L2,Ngân hàng,CHUYÊN VIÊN TƯ VẤN TÀI CHÍNH - MẢNG TÍN DỤNG KHCN(Không Yêu Cầu Kinh Nghiệm - Nhận Việc Ngay),Ngân hàng,E1|E2|E3,"{""E1"": 10, ""E2"": 7, ""E3"": 8}",6.5,6.25,6.0,6.0,True,True,2.0,2.0,2.0,2.0
nh_L2,ecc4e76947eda47a2de6c998d6a7a4c9,L2,Ngân hàng,Chuyên Viên Cấp Cao/Chuyên Gia Thẩm Định Tín Dụng Khách Hàng Doanh Nghiệp Lớn - Khối Quản Lý Tín Dụng,Ngân hàng,E1|E2t,"{""E1"": 7, ""E2t"": 9}",3.5,3.5,3.0,3.3333,False,False,1.0,1.0,2.0,2.0
nh_L2,efa8a49bbd6d774e0dad3de73d079dc0,L2,Ngân hàng,Chuyên Viên Tư Vấn Tài Chính Qua Điện Thoại ( Không Đi Thị Trường _ Data Bank Cung Cấp),Ngân hàng,E2|E3|E3t,"{""E2"": 8, ""E3"": 7, ""E3t"": 8}",7.0,6.25,7.0,6.0,True,True,3.0,3.0,2.0,2.0
nh_L2,49a667c17ad9d0f79b11bd2d50dc884b,L2,Ngân hàng,Giám Đốc Phân Tích Kinh Doanh&Chiến Lược Vận Hành,Ngân hàng,E1|E2,"{""E1"": 8, ""E2"": 10}",4.5,4.25,5.0,4.3333,False,True,2.0,2.0,2.0,2.0
nh_L2,a20e96d1900cd102080dd9812280db2c,L2,Ngân hàng,CV Bán Sản Phẩm Cho Vay Thế Chấp (Lương Cứng 15-25trđ + Lương KD),Ngân hàng,E2,"{""E2"": 9}",6.5,6.75,6.0,6.3333,True,True,2.0,1.0,2.0,2.0
nh_L2,ca2fd4b46296e688c5f555021ebe253d,L2,Ngân hàng,CHUYÊN VIÊN TƯ VẤN TÀI CHÍNH - TÍN DỤNG Shinhan Bank HCM & HN (KHÔNG YÊU CẦU KINH NGHIỆM - NHẬN VIỆC NGAY),Ngân hàng,E3,"{""E3"": 9}",6.5,6.25,6.0,6.0,True,True,2.0,2.0,2.0,2.0
nh_L2,6fd0f53ce484ee83a6aa6bdd18a6a105,L2,Ngân hàng,Trưởng Nhóm Bán Hàng Tại Điểm Giới Thiệu Dịch Vụ,Ngân hàng,E2t,"{""E2t"": 10}",5.5,5.5,5.0,5.3333,True,True,1.0,1.0,2.0,2.0
nh_L2b,393569e29b4b58bc0f81851017ed3cd8,L2b,Ngân hàng,"CHUYÊN VIÊN TƯ VẤN TÀI CHÍNH -SHINHAN BANK ( Pico Plaza, Phường Bảy Hiền)",Ngân hàng,E1|E2|E3|E2t|E3t,"{""E1"": 1, ""E2"": 4, ""E3"": 6, ""E2t"": 2, ""E3t"": 2}",6.5,6.5,6.0,6.0,True,True,3.0,2.0,7.0,6.0
nh_L2b,76035e858445d1269223654ab0ee3cd3,L2b,Ngân hàng,"Chuyên Viên Tư Vấn Bảo Hiểm Kênh Ngân Hàng [ Hà Nội, HCM, Bình Phước]",Ngân hàng,E1|E2|E3|E2t|E3t,"{""E1"": 7, ""E2"": 2, ""E3"": 1, ""E2t"": 1, ""E3t"": 1}",7.5,7.5,8.0,7.6667,True,True,1.0,1.0,4.0,1.0
nh_L2b,d49eab671d39acbe0d24d32de9a21d03,L2b,Ngân hàng,CHUYÊN VIÊN TƯ VẤN TÀI CHÍNH - MẢNG TÍN DỤNG KHCN(Không Yêu Cầu Kinh Nghiệm - Nhận Việc Ngay),Ngân hàng,E1|E2|E3|E2t|E3t,"{""E1"": 2, ""E2"": 1, ""E3"": 4, ""E2t"": 3, ""E3t"": 3}",7.0,6.75,7.0,6.6667,True,True,1.0,1.0,4.0,4.0
nh_L2b,7c9fb473473e08e1bf2da55f5e932433,L2b,Ngân hàng,Backend Developer - Java - Dự Án Bank - 5 Năm Kinh Nghiệm,Ngân hàng,E1|E3|E2t|E3t,"{""E1"": 5, ""E3"": 2, ""E2t"": 7, ""E3t"": 5}",3.0,3.0,4.0,3.3333,False,False,2.0,2.0,3.0,1.0
nh_L2b,ca2fd4b46296e688c5f555021ebe253d,L2b,Ngân hàng,CHUYÊN VIÊN TƯ VẤN TÀI CHÍNH - TÍN DỤNG Shinhan Bank HCM & HN (KHÔNG YÊU CẦU KINH NGHIỆM - NHẬN VIỆC NGAY),Ngân hàng,E1|E2|E3|E2t|E3t,"{""E1"": 3, ""E2"": 5, ""E3"": 10, ""E2t"": 5, ""E3t"": 6}",6.5,6.25,6.0,6.0,True,True,2.0,2.0,4.0,4.0
nh_L2b,f86ea28fc8d31339288eaf3c5fff8780,L2b,Ngân hàng,Chuyên Viên QUAN HỆ KHÁCH HÀNG CÁ NHÂN (THU NHẬP TỐT_ ĐÀO TẠO CÓ LƯƠNG),Ngân hàng,E1|E2|E3|E2t|E3t,"{""E1"": 10, ""E2"": 3, ""E3"": 3, ""E2t"": 4, ""E3t"": 4}",6.5,6.25,6.0,6.0,True,True,2.0,2.0,4.0,4.0
nh_L2b,5e0c942d7d5ba78b3c6dd9db7200620f,L2b,Ngân hàng,Giám Đốc Điều Hành (CEO) Lĩnh Vực Tài Chính/Đầu Tư,Ngân hàng,E1|E2t|E3t,"{""E1"": 4, ""E2t"": 8, ""E3t"": 10}",3.0,3.0,3.0,3.0,False,False,2.0,2.0,2.0,2.0
nh_L2b,f328e0de805b24920abcdb852c9dd749,L2b,Ngân hàng,Nhân Viên Quan Hệ Khách Hàng Doanh Nghiệp (Tư Vấn Tài Chính),Ngân hàng,E1|E2|E3|E2t|E3t,"{""E1"": 8, ""E2"": 7, ""E3"": 5, ""E2t"": 9, ""E3t"": 7}",7.0,7.0,6.0,6.6667,True,True,2.0,2.0,6.0,3.0
nh_L2b,60d78332e92285f43bac1d28e0da098e,L2b,Ngân hàng,Chuyên Viên Tài Chính (IPO) - Kinh Nghiệm Từ 2 Năm - Cần Thơ,Ngân hàng,E1,"{""E1"": 6}",6.0,6.0,5.0,5.6667,True,True,2.0,2.0,3.0,2.0
nh_L2b,cb0ee9ff19f1056c78e8bcaae4c99033,L2b,Ngân hàng,Chuyên Viên Tư Vấn Bảo Hiểm - Kênh Hợp Tác Ngân Hàng Vietcombank (Toàn Quốc),Ngân hàng,E2|E3|E2t|E3t,"{""E2"": 6, ""E3"": 7, ""E2t"": 6, ""E3t"": 9}",8.0,7.75,8.0,7.6667,True,True,1.0,1.0,2.0,2.0
nh_L2b,5296ff03c24b68726765858957ebba83,L2b,Ngân hàng,Chuyên Viên Tư Vấn Bảo Hiểm - Dự Án Ngân Hàng MB [Hưng Yên/Bắc Ninh/Vĩnh Phúc],Ngân hàng,E2|E3|E2t,"{""E2"": 8, ""E3"": 9, ""E2t"": 10}",7.5,7.0,7.0,6.6667,True,True,3.0,3.0,3.0,3.0
nh_L2b,b3e15ea2a8480498cff8bae638eae872,L2b,Ngân hàng,Chief Financial Officer,Ngân hàng,E3t,"{""E3t"": 8}",4.5,4.75,5.0,5.0,False,True,2.0,2.0,1.0,1.0
nh_L2b,bd8c77558d57276d2d01507420f7c3ec,L2b,Ngân hàng,Java Developer 3 Năm Kinh Nghiệm Onsite Bank,Ngân hàng,E3,"{""E3"": 8}",2.5,2.5,2.0,2.3333,False,False,3.0,3.0,2.0,2.0
nh_L2b,c6e040e7ecae3a6d9cf696372e56f76c,L2b,Ngân hàng,Chuyên Viên Tư Vấn Tài Chính Doanh Nghiệp (Thu Nhập 20-30 Triệu /Tháng),Ngân hàng,E2,"{""E2"": 9}",6.5,6.5,6.0,6.3333,True,True,1.0,1.0,4.0,4.0
nh_L2b,efa8a49bbd6d774e0dad3de73d079dc0,L2b,Ngân hàng,Chuyên Viên Tư Vấn Tài Chính Qua Điện Thoại ( Không Đi Thị Trường _ Data Bank Cung Cấp),Ngân hàng,E1|E2,"{""E1"": 9, ""E2"": 10}",6.5,6.25,6.0,6.0,True,True,2.0,2.0,4.0,4.0
nh_L3,050a95f84d5f1aaf913b925bc61727ef,L3,Ngân hàng,Trưởng Nhóm Kiểm Toán Tài Chính,Ngân hàng,E1|E2|E3|E2t|E3t,"{""E1"": 1, ""E2"": 2, ""E3"": 9, ""E2t"": 1, ""E3t"": 1}",7.0,6.75,7.0,6.6667,True,True,1.0,1.0,1.0,1.0
nh_L3,3997b1048747a9177ae7ce08950fa7b5,L3,Ngân hàng,Chuyên Viên Phân Tích Kế Toán - Tài Chính - Thu Nhập Upto 20 Triệu,Ngân hàng,E1|E2|E3|E2t|E3t,"{""E1"": 2, ""E2"": 1, ""E3"": 1, ""E2t"": 2, ""E3t"": 3}",7.0,7.25,7.0,7.3333,True,True,1.0,1.0,1.0,1.0
nh_L3,092d118255787266e7a784be87f5e982,L3,Ngân hàng,Giám Đốc (Chuyên Môn Tài Chính),Ngân hàng,E1|E2|E3|E2t|E3t,"{""E1"": 6, ""E2"": 3, ""E3"": 2, ""E2t"": 8, ""E3t"": 9}",6.0,6.0,5.0,5.6667,True,True,4.0,4.0,4.0,4.0
nh_L3,f86ea28fc8d31339288eaf3c5fff8780,L3,Ngân hàng,Chuyên Viên QUAN HỆ KHÁCH HÀNG CÁ NHÂN (THU NHẬP TỐT_ ĐÀO TẠO CÓ LƯƠNG),Ngân hàng,E2t|E3t,"{""E2t"": 7, ""E3t"": 2}",5.5,5.5,4.0,5.0,True,False,5.0,5.0,5.0,5.0
nh_L3,76035e858445d1269223654ab0ee3cd3,L3,Ngân hàng,"Chuyên Viên Tư Vấn Bảo Hiểm Kênh Ngân Hàng [ Hà Nội, HCM, Bình Phước]",Ngân hàng,E2|E2t,"{""E2"": 6, ""E2t"": 3}",8.0,8.0,8.0,8.0,True,True,2.0,2.0,6.0,6.0
nh_L3,89bb2e447d8dd2bafc7ea83c103f5df9,L3,Ngân hàng,Chuyên Viên Tư Vấn Tài Chính Và Đầu Tư - Fasttrack 2026 (Batch 2) - Không Yêu Cầu Kinh Nghiệm - [Hồ Chí Minh],Ngân hàng,E1|E2t|E3t,"{""E1"": 3, ""E2t"": 5, ""E3t"": 5}",8.0,8.0,8.0,8.0,True,True,0.0,0.0,5.0,5.0
nh_L3,f37d158e813197a50b3d101ab02214b9,L3,Ngân hàng,Chuyên Viên Tài Chính Kế Toán (Financial Accounting),Ngân hàng,E2|E3|E3t,"{""E2"": 5, ""E3"": 3, ""E3t"": 7}",7.0,7.0,7.0,7.0,True,True,2.0,2.0,2.0,1.0
nh_L3,a4a486ddf824bf37b45de370cec049e5,L3,Ngân hàng,Chuyên Viên Hoạch Định Và Phân Tích Tài Chính,Ngân hàng,E1|E2|E3|E2t|E3t,"{""E1"": 4, ""E2"": 4, ""E3"": 5, ""E2t"": 6, ""E3t"": 6}",8.0,7.75,8.0,7.6667,True,True,1.0,1.0,2.0,1.0
nh_L3,cff54073600672ffc4682fb5e7d0e7d4,L3,Ngân hàng,Quản Lý Tài Chính,Ngân hàng,E2t|E3t,"{""E2t"": 4, ""E3t"": 4}",7.5,7.5,7.0,7.3333,True,True,1.0,1.0,4.0,3.0
nh_L3,f328e0de805b24920abcdb852c9dd749,L3,Ngân hàng,Nhân Viên Quan Hệ Khách Hàng Doanh Nghiệp (Tư Vấn Tài Chính),Ngân hàng,E2|E3|E3t,"{""E2"": 8, ""E3"": 4, ""E3t"": 10}",7.5,7.0,7.0,6.6667,True,True,3.0,3.0,5.0,5.0
nh_L3,31a802d6cb89b3df6933100ea6be0b2d,L3,Ngân hàng,Chuyên Viên Đối Soát & Công Nợ ( Tiếng Trung) / Internal Control Specialist - Từ 2 Năm Kinh Nghiệm - Upto 25M,Ngân hàng,E1|E2t,"{""E1"": 5, ""E2t"": 10}",6.5,6.5,6.0,6.0,True,True,3.0,2.0,4.0,2.0
nh_L3,ddfea85da54c5e5531365d773936dbd5,L3,Ngân hàng,Chuyên Viên Cao Cấp Tài Chính & Kế Toán,Ngân hàng,E3,"{""E3"": 6}",6.5,6.5,6.0,6.3333,True,True,1.0,1.0,5.0,4.0
nh_L3,72416260854a06a4a44f124ebb7737c9,L3,Ngân hàng,Chuyên Viên Kế Hoạch Và Phát Triển Kinh Doanh Bậc Cao_Business Planning And Promotion Senior Associate_ BIDV - SUMI TRUST (Thu Nhập Hấp Dẫn),Ngân hàng,E1|E3,"{""E1"": 8, ""E3"": 7}",7.5,7.5,7.0,7.3333,True,True,3.0,3.0,1.0,0.0
nh_L3,fff8d13ba0264619de79e9c814773429,L3,Ngân hàng,Kế Toán Trưởng (TP Tài Chính - Kế Toán),Ngân hàng,E1|E2,"{""E1"": 7, ""E2"": 7}",5.5,4.75,5.0,4.3333,True,True,4.0,4.0,4.0,2.0
nh_L3,546bb57b83f739cbdbe3bd9ec77f02dd,L3,Ngân hàng,Chuyên Viên Quan Hệ Khách Hàng - [Bac A Bank - Khu Vực Hà Nội/ Đông Anh/ Gia Lâm/ Hoài Đức/ Thanh Trì/ Chúc Sơn/ Sơn Tây/ Hòa Lạc/ Thạch Thất/ An Khánh],Ngân hàng,E3,"{""E3"": 8}",8.0,8.0,8.0,8.0,True,True,0.0,0.0,4.0,4.0
nh_L3,ab69845f9b23b2bb9a03d2dcd35b7169,L3,Ngân hàng,Chuyên Gia Kế Hoạch Tài Chính,Ngân hàng,E2t|E3t,"{""E2t"": 9, ""E3t"": 8}",6.0,6.0,6.0,5.6667,True,True,2.0,1.0,1.0,1.0
nh_L3,1f5b35c183f3cb4094e3eeee94e7409d,L3,Ngân hàng,Chuyên Viên Môi Giới Tư Vấn Chứng Khoán Việt Nam,Ngân hàng,E1,"{""E1"": 9}",7.5,6.75,7.0,6.3333,True,True,4.0,4.0,4.0,3.0
nh_L3,c6e040e7ecae3a6d9cf696372e56f76c,L3,Ngân hàng,Chuyên Viên Tư Vấn Tài Chính Doanh Nghiệp (Thu Nhập 20-30 Triệu /Tháng),Ngân hàng,E2,"{""E2"": 9}",7.0,7.0,7.0,6.6667,True,True,2.0,1.0,2.0,2.0
nh_L3,5e2b3c6b64aa49e533916be8c7038f97,L3,Ngân hàng,Chuyên Viên/ Chuyên Viên Chính/ Chuyên Viên Cao Cấp Tư Vấn Tài Chính Cá Nhân (Tín Chấp) Tại Cầu Giấy Hà Nội - Thu Nhập Hấp Dẫn,Ngân hàng,E2,"{""E2"": 10}",8.0,7.5,8.0,7.3333,True,True,2.0,2.0,3.0,3.0
nh_L3,be64e110de5a97c66aebb1ae558373ae,L3,Ngân hàng,Chuyên Viên Cấp Cao/Chuyên Gia Thẩm Định Tín Dụng FI - Khối Quản Lý Tín Dụng,Ngân hàng,E1,"{""E1"": 10}",6.0,5.5,5.0,5.0,True,True,4.0,4.0,3.0,1.0
nh_L3,d49eab671d39acbe0d24d32de9a21d03,L3,Ngân hàng,CHUYÊN VIÊN TƯ VẤN TÀI CHÍNH - MẢNG TÍN DỤNG KHCN(Không Yêu Cầu Kinh Nghiệm - Nhận Việc Ngay),Ngân hàng,E3,"{""E3"": 10}",5.5,5.75,5.0,5.3333,True,True,2.0,1.0,7.0,7.0
nh_L3b,393569e29b4b58bc0f81851017ed3cd8,L3b,Ngân hàng,"CHUYÊN VIÊN TƯ VẤN TÀI CHÍNH -SHINHAN BANK ( Pico Plaza, Phường Bảy Hiền)",Ngân hàng,E1|E2|E3|E2t|E3t,"{""E1"": 1, ""E2"": 2, ""E3"": 4, ""E2t"": 1, ""E3t"": 2}",6.0,6.25,5.0,5.6667,True,True,3.0,2.0,7.0,3.0
nh_L3b,7c9fb473473e08e1bf2da55f5e932433,L3b,Ngân hàng,Backend Developer - Java - Dự Án Bank - 5 Năm Kinh Nghiệm,Ngân hàng,E1|E2|E3|E2t|E3t,"{""E1"": 7, ""E2"": 3, ""E3"": 2, ""E2t"": 4, ""E3t"": 1}",5.0,4.75,6.0,5.0,True,True,5.0,5.0,4.0,4.0
nh_L3b,d49eab671d39acbe0d24d32de9a21d03,L3b,Ngân hàng,CHUYÊN VIÊN TƯ VẤN TÀI CHÍNH - MẢNG TÍN DỤNG KHCN(Không Yêu Cầu Kinh Nghiệm - Nhận Việc Ngay),Ngân hàng,E1|E2|E3|E2t|E3t,"{""E1"": 2, ""E2"": 1, ""E3"": 1, ""E2t"": 2, ""E3t"": 3}",5.5,5.75,5.0,5.3333,True,True,2.0,1.0,7.0,7.0
nh_L3b,bd8c77558d57276d2d01507420f7c3ec,L3b,Ngân hàng,Java Developer 3 Năm Kinh Nghiệm Onsite Bank,Ngân hàng,E1|E2|E3|E2t|E3t,"{""E1"": 6, ""E2"": 9, ""E3"": 3, ""E2t"": 9, ""E3t"": 4}",4.0,4.0,3.0,3.6667,False,False,4.0,4.0,1.0,1.0
nh_L3b,ca2fd4b46296e688c5f555021ebe253d,L3b,Ngân hàng,CHUYÊN VIÊN TƯ VẤN TÀI CHÍNH - TÍN DỤNG Shinhan Bank HCM & HN (KHÔNG YÊU CẦU KINH NGHIỆM - NHẬN VIỆC NGAY),Ngân hàng,E1|E2|E3|E2t|E3t,"{""E1"": 3, ""E2"": 4, ""E3"": 6, ""E2t"": 5, ""E3t"": 5}",6.0,6.0,5.0,5.6667,True,True,2.0,2.0,7.0,7.0
nh_L3b,f86ea28fc8d31339288eaf3c5fff8780,L3b,Ngân hàng,Chuyên Viên QUAN HỆ KHÁCH HÀNG CÁ NHÂN (THU NHẬP TỐT_ ĐÀO TẠO CÓ LƯƠNG),Ngân hàng,E2|E3|E2t|E3t,"{""E2"": 6, ""E3"": 5, ""E2t"": 3, ""E3t"": 6}",6.0,6.0,5.0,5.3333,True,True,4.0,3.0,7.0,7.0
nh_L3b,79579c9c19a346d322ef401f5995e133,L3b,Ngân hàng,"Kế Toán Tổng Hợp - Phụ Trách Báo Cáo Tài Chính - Thu Nhập Từ 12 - 15 Triệu , Làm Việc Tại Thủ Đức ( Nữ)",Ngân hàng,E1|E2t|E3t,"{""E1"": 4, ""E2t"": 7, ""E3t"": 7}",3.0,3.25,3.0,3.3333,False,False,3.0,3.0,1.0,1.0
nh_L3b,5e0c942d7d5ba78b3c6dd9db7200620f,L3b,Ngân hàng,Giám Đốc Điều Hành (CEO) Lĩnh Vực Tài Chính/Đầu Tư,Ngân hàng,E1|E2t|E3t,"{""E1"": 5, ""E2t"": 10, ""E3t"": 9}",5.0,5.25,5.0,5.3333,True,True,1.0,1.0,2.0,1.0
nh_L3b,76035e858445d1269223654ab0ee3cd3,L3b,Ngân hàng,"Chuyên Viên Tư Vấn Bảo Hiểm Kênh Ngân Hàng [ Hà Nội, HCM, Bình Phước]",Ngân hàng,E1|E2|E3|E2t,"{""E1"": 9, ""E2"": 5, ""E3"": 8, ""E2t"": 6}",7.5,7.25,7.0,7.0,True,True,2.0,2.0,5.0,5.0
nh_L3b,f328e0de805b24920abcdb852c9dd749,L3b,Ngân hàng,Nhân Viên Quan Hệ Khách Hàng Doanh Nghiệp (Tư Vấn Tài Chính),Ngân hàng,E1|E2|E3|E3t,"{""E1"": 10, ""E2"": 7, ""E3"": 7, ""E3t"": 10}",6.5,6.5,6.0,6.0,True,True,3.0,2.0,6.0,2.0
nh_L3b,60d78332e92285f43bac1d28e0da098e,L3b,Ngân hàng,Chuyên Viên Tài Chính (IPO) - Kinh Nghiệm Từ 2 Năm - Cần Thơ,Ngân hàng,E1,"{""E1"": 8}",7.5,7.0,7.0,6.6667,True,True,3.0,3.0,1.0,1.0
nh_L3b,72416260854a06a4a44f124ebb7737c9,L3b,Ngân hàng,Chuyên Viên Kế Hoạch Và Phát Triển Kinh Doanh Bậc Cao_Business Planning And Promotion Senior Associate_ BIDV - SUMI TRUST (Thu Nhập Hấp Dẫn),Ngân hàng,E3t,"{""E3t"": 8}",6.0,6.25,6.0,5.6667,True,True,3.0,1.0,3.0,2.0
nh_L3b,cff54073600672ffc4682fb5e7d0e7d4,L3b,Ngân hàng,Quản Lý Tài Chính,Ngân hàng,E2t,"{""E2t"": 8}",5.0,5.5,5.0,4.6667,True,True,4.0,1.0,3.0,2.0
nh_L3b,efa8a49bbd6d774e0dad3de73d079dc0,L3b,Ngân hàng,Chuyên Viên Tư Vấn Tài Chính Qua Điện Thoại ( Không Đi Thị Trường _ Data Bank Cung Cấp),Ngân hàng,E2|E3,"{""E2"": 8, ""E3"": 10}",5.5,5.25,5.0,4.6667,True,True,4.0,3.0,7.0,7.0
nh_L3b,1aa3813edc812bb3060106acad0c8df1,L3b,Ngân hàng,Senior Web Development & Operations Specialist - Finance Division - ID4983,Ngân hàng,E3,"{""E3"": 9}",3.0,3.0,2.0,2.3333,False,False,4.0,3.0,7.0,3.0
nh_L3b,cb0ee9ff19f1056c78e8bcaae4c99033,L3b,Ngân hàng,Chuyên Viên Tư Vấn Bảo Hiểm - Kênh Hợp Tác Ngân Hàng Vietcombank (Toàn Quốc),Ngân hàng,E2,"{""E2"": 10}",8.0,8.0,8.0,8.0,True,True,0.0,0.0,3.0,3.0
nh_L4,e5cde5f596b408de0cb7596cba08bbf1,L4,Ngân hàng,Chuyên Viên Tác Nghiệp Tín Dụng Tại Hội Sở,Ngân hàng,E1|E2|E3|E2t|E3t,"{""E1"": 1, ""E2"": 1, ""E3"": 1, ""E2t"": 1, ""E3t"": 1}",7.0,7.25,7.0,7.3333,True,True,1.0,1.0,2.0,1.0
nh_L4,ab69845f9b23b2bb9a03d2dcd35b7169,L4,Ngân hàng,Chuyên Gia Kế Hoạch Tài Chính,Ngân hàng,E1|E2|E3|E2t|E3t,"{""E1"": 6, ""E2"": 2, ""E3"": 2, ""E2t"": 2, ""E3t"": 8}",7.5,7.75,7.0,7.6667,True,True,2.0,2.0,1.0,1.0
nh_L4,be64e110de5a97c66aebb1ae558373ae,L4,Ngân hàng,Chuyên Viên Cấp Cao/Chuyên Gia Thẩm Định Tín Dụng FI - Khối Quản Lý Tín Dụng,Ngân hàng,E1|E2t|E3t,"{""E1"": 2, ""E2t"": 3, ""E3t"": 3}",8.0,8.0,8.0,8.0,True,True,2.0,2.0,1.0,1.0
nh_L4,cff54073600672ffc4682fb5e7d0e7d4,L4,Ngân hàng,Quản Lý Tài Chính,Ngân hàng,E2t|E3t,"{""E2t"": 10, ""E3t"": 2}",8.0,7.5,8.0,7.3333,True,True,2.0,2.0,3.0,3.0
nh_L4,a4a486ddf824bf37b45de370cec049e5,L4,Ngân hàng,Chuyên Viên Hoạch Định Và Phân Tích Tài Chính,Ngân hàng,E1|E2|E3|E2t|E3t,"{""E1"": 3, ""E2"": 3, ""E3"": 5, ""E2t"": 4, ""E3t"": 5}",8.0,7.75,8.0,7.6667,True,True,1.0,1.0,4.0,1.0
nh_L4,ecc4e76947eda47a2de6c998d6a7a4c9,L4,Ngân hàng,Chuyên Viên Cấp Cao/Chuyên Gia Thẩm Định Tín Dụng Khách Hàng Doanh Nghiệp Lớn - Khối Quản Lý Tín Dụng,Ngân hàng,E1|E2|E3|E2t|E3t,"{""E1"": 4, ""E2"": 7, ""E3"": 3, ""E2t"": 6, ""E3t"": 7}",8.0,8.0,9.0,8.3333,True,True,2.0,2.0,2.0,1.0
nh_L4,69d5a3f6294332708b70186dd259fe7c,L4,Ngân hàng,Chuyên Viên Tài Chính Dự Án,Ngân hàng,E1|E2|E3|E2t,"{""E1"": 7, ""E2"": 4, ""E3"": 7, ""E2t"": 8}",7.0,7.25,7.0,7.0,True,True,1.0,0.0,4.0,3.0
nh_L4,73bbfb33a3712ee8c6d7694ce0bec0be,L4,Ngân hàng,Chuyên Viên Cao Cấp Phân Tích Tài Chính,Ngân hàng,E2|E3|E2t,"{""E2"": 6, ""E3"": 4, ""E2t"": 9}",6.5,6.5,6.0,6.3333,True,True,3.0,3.0,3.0,3.0
nh_L4,f86ea28fc8d31339288eaf3c5fff8780,L4,Ngân hàng,Chuyên Viên QUAN HỆ KHÁCH HÀNG CÁ NHÂN (THU NHẬP TỐT_ ĐÀO TẠO CÓ LƯƠNG),Ngân hàng,E2|E3|E2t|E3t,"{""E2"": 8, ""E3"": 6, ""E2t"": 5, ""E3t"": 4}",6.0,5.25,6.0,4.6667,True,True,5.0,4.0,7.0,7.0
nh_L4,d2d2b3ff6b7b84bbdc2c6b1f39f362e8,L4,Ngân hàng,Trưởng Bộ Phận Vận Hành Giao Dịch Vốn,Ngân hàng,E1|E2|E3|E2t|E3t,"{""E1"": 5, ""E2"": 5, ""E3"": 9, ""E2t"": 7, ""E3t"": 9}",8.5,8.25,9.0,8.3333,True,True,2.0,2.0,2.0,2.0
nh_L4,122b26b230bcb3afb7574fa66a60578f,L4,Ngân hàng,Chuyên Viên Chính Phát Triển Sản Phẩm Bán Lẻ,Ngân hàng,E3|E3t,"{""E3"": 10, ""E3t"": 6}",7.5,7.25,7.0,7.0,True,True,2.0,2.0,2.0,1.0
nh_L4,349e20ede0fa59074fa29ca0c07730e7,L4,Ngân hàng,"Chuyên Viên Kiểm Thử Phần Mềm (QC/Tester) - Không Yêu Cầu Kinh Nghiệm QC/Tester - Background Tài Chính, Kế Toán, Kiểm Toán",Ngân hàng,E1,"{""E1"": 8}",4.5,4.25,6.0,5.0,False,True,4.0,3.0,4.0,0.0
nh_L4,393569e29b4b58bc0f81851017ed3cd8,L4,Ngân hàng,"CHUYÊN VIÊN TƯ VẤN TÀI CHÍNH -SHINHAN BANK ( Pico Plaza, Phường Bảy Hiền)",Ngân hàng,E1|E3,"{""E1"": 9, ""E3"": 8}",6.5,6.0,6.0,5.6667,True,True,3.0,3.0,7.0,7.0
nh_L4,76035e858445d1269223654ab0ee3cd3,L4,Ngân hàng,"Chuyên Viên Tư Vấn Bảo Hiểm Kênh Ngân Hàng [ Hà Nội, HCM, Bình Phước]",Ngân hàng,E2,"{""E2"": 9}",7.0,6.75,7.0,6.3333,True,True,3.0,2.0,5.0,5.0
nh_L4,050a95f84d5f1aaf913b925bc61727ef,L4,Ngân hàng,Trưởng Nhóm Kiểm Toán Tài Chính,Ngân hàng,E2,"{""E2"": 10}",8.0,7.5,8.0,7.3333,True,True,2.0,2.0,2.0,2.0
nh_L4,5e0c942d7d5ba78b3c6dd9db7200620f,L4,Ngân hàng,Giám Đốc Điều Hành (CEO) Lĩnh Vực Tài Chính/Đầu Tư,Ngân hàng,E1,"{""E1"": 10}",6.5,6.5,6.0,6.3333,True,True,1.0,1.0,2.0,2.0
nh_L4,6fd0f53ce484ee83a6aa6bdd18a6a105,L4,Ngân hàng,Trưởng Nhóm Bán Hàng Tại Điểm Giới Thiệu Dịch Vụ,Ngân hàng,E3t,"{""E3t"": 10}",7.5,7.5,8.0,7.6667,True,True,1.0,1.0,3.0,3.0
nh_L4b,ab69845f9b23b2bb9a03d2dcd35b7169,L4b,Ngân hàng,Chuyên Gia Kế Hoạch Tài Chính,Ngân hàng,E1|E2|E3|E2t|E3t,"{""E1"": 1, ""E2"": 1, ""E3"": 2, ""E2t"": 1, ""E3t"": 1}",8.0,7.75,8.0,7.6667,True,True,1.0,1.0,2.0,2.0
nh_L4b,d49eab671d39acbe0d24d32de9a21d03,L4b,Ngân hàng,CHUYÊN VIÊN TƯ VẤN TÀI CHÍNH - MẢNG TÍN DỤNG KHCN(Không Yêu Cầu Kinh Nghiệm - Nhận Việc Ngay),Ngân hàng,E1|E2|E3|E2t|E3t,"{""E1"": 3, ""E2"": 2, ""E3"": 1, ""E2t"": 2, ""E3t"": 3}",5.5,5.75,5.0,5.3333,True,True,2.0,1.0,7.0,7.0
nh_L4b,393569e29b4b58bc0f81851017ed3cd8,L4b,Ngân hàng,"CHUYÊN VIÊN TƯ VẤN TÀI CHÍNH -SHINHAN BANK ( Pico Plaza, Phường Bảy Hiền)",Ngân hàng,E1|E2|E3|E2t|E3t,"{""E1"": 2, ""E2"": 3, ""E3"": 7, ""E2t"": 3, ""E3t"": 4}",5.0,5.0,5.0,4.3333,True,True,4.0,2.0,10.0,3.0
nh_L4b,cff54073600672ffc4682fb5e7d0e7d4,L4b,Ngân hàng,Quản Lý Tài Chính,Ngân hàng,E2t|E3t,"{""E2t"": 10, ""E3t"": 2}",7.5,7.25,7.0,7.0,True,True,2.0,2.0,3.0,3.0
nh_L4b,bd8c77558d57276d2d01507420f7c3ec,L4b,Ngân hàng,Java Developer 3 Năm Kinh Nghiệm Onsite Bank,Ngân hàng,E1|E3|E3t,"{""E1"": 8, ""E3"": 3, ""E3t"": 9}",4.5,4.25,4.0,4.0,False,False,2.0,2.0,2.0,2.0
nh_L4b,5e0c942d7d5ba78b3c6dd9db7200620f,L4b,Ngân hàng,Giám Đốc Điều Hành (CEO) Lĩnh Vực Tài Chính/Đầu Tư,Ngân hàng,E1|E3,"{""E1"": 6, ""E3"": 4}",6.5,6.5,6.0,6.3333,True,True,1.0,1.0,3.0,3.0
nh_L4b,c6e040e7ecae3a6d9cf696372e56f76c,L4b,Ngân hàng,Chuyên Viên Tư Vấn Tài Chính Doanh Nghiệp (Thu Nhập 20-30 Triệu /Tháng),Ngân hàng,E1|E2|E2t|E3t,"{""E1"": 4, ""E2"": 9, ""E2t"": 6, ""E3t"": 8}",7.0,7.25,7.0,7.0,True,True,1.0,0.0,2.0,2.0
nh_L4b,ca2fd4b46296e688c5f555021ebe253d,L4b,Ngân hàng,CHUYÊN VIÊN TƯ VẤN TÀI CHÍNH - TÍN DỤNG Shinhan Bank HCM & HN (KHÔNG YÊU CẦU KINH NGHIỆM - NHẬN VIỆC NGAY),Ngân hàng,E1|E2|E3|E2t|E3t,"{""E1"": 5, ""E2"": 4, ""E3"": 9, ""E2t"": 5, ""E3t"": 10}",5.5,5.5,5.0,5.3333,True,True,1.0,1.0,7.0,7.0
nh_L4b,f86ea28fc8d31339288eaf3c5fff8780,L4b,Ngân hàng,Chuyên Viên QUAN HỆ KHÁCH HÀNG CÁ NHÂN (THU NHẬP TỐT_ ĐÀO TẠO CÓ LƯƠNG),Ngân hàng,E2|E2t|E3t,"{""E2"": 10, ""E2t"": 4, ""E3t"": 6}",5.0,5.25,5.0,4.6667,True,True,3.0,1.0,5.0,1.0
nh_L4b,72416260854a06a4a44f124ebb7737c9,L4b,Ngân hàng,Chuyên Viên Kế Hoạch Và Phát Triển Kinh Doanh Bậc Cao_Business Planning And Promotion Senior Associate_ BIDV - SUMI TRUST (Thu Nhập Hấp Dẫn),Ngân hàng,E3t,"{""E3t"": 5}",7.5,7.5,7.0,7.3333,True,True,1.0,1.0,3.0,3.0
nh_L4b,76035e858445d1269223654ab0ee3cd3,L4b,Ngân hàng,"Chuyên Viên Tư Vấn Bảo Hiểm Kênh Ngân Hàng [ Hà Nội, HCM, Bình Phước]",Ngân hàng,E2|E2t,"{""E2"": 5, ""E2t"": 7}",6.5,6.75,6.0,6.3333,True,True,2.0,1.0,5.0,1.0
nh_L4b,b3e15ea2a8480498cff8bae638eae872,L4b,Ngân hàng,Chief Financial Officer,Ngân hàng,E2|E3|E2t|E3t,"{""E2"": 7, ""E3"": 5, ""E2t"": 8, ""E3t"": 7}",7.0,7.0,7.0,7.0,True,True,2.0,2.0,2.0,2.0
nh_L4b,7c9fb473473e08e1bf2da55f5e932433,L4b,Ngân hàng,Backend Developer - Java - Dự Án Bank - 5 Năm Kinh Nghiệm,Ngân hàng,E2|E3|E2t,"{""E2"": 8, ""E3"": 6, ""E2t"": 9}",4.0,4.0,3.0,3.6667,False,False,2.0,2.0,3.0,2.0
nh_L4b,efa8a49bbd6d774e0dad3de73d079dc0,L4b,Ngân hàng,Chuyên Viên Tư Vấn Tài Chính Qua Điện Thoại ( Không Đi Thị Trường _ Data Bank Cung Cấp),Ngân hàng,E2,"{""E2"": 6}",5.5,5.75,5.0,5.3333,True,True,2.0,1.0,5.0,0.0
nh_L4b,60d78332e92285f43bac1d28e0da098e,L4b,Ngân hàng,Chuyên Viên Tài Chính (IPO) - Kinh Nghiệm Từ 2 Năm - Cần Thơ,Ngân hàng,E1,"{""E1"": 7}",7.0,7.0,7.0,6.6667,True,True,2.0,1.0,4.0,3.0
nh_L4b,4485e5549a871c913ab4fc5651b55b24,L4b,Ngân hàng,Giám Đốc Chi Nhánh - GPBank,Ngân hàng,E1|E3,"{""E1"": 9, ""E3"": 8}",8.0,8.25,8.0,8.3333,True,True,1.0,1.0,1.0,1.0
nh_L4b,49d786ed45adca20276202b64112e2ab,L4b,Ngân hàng,Trưởng Phòng Hoạch Định Và Phân Tích Tài Chính - Nova Land,Ngân hàng,E1,"{""E1"": 10}",8.0,7.5,8.0,7.3333,True,True,2.0,2.0,3.0,3.0
nh_L4b,ecc4e76947eda47a2de6c998d6a7a4c9,L4b,Ngân hàng,Chuyên Viên Cấp Cao/Chuyên Gia Thẩm Định Tín Dụng Khách Hàng Doanh Nghiệp Lớn - Khối Quản Lý Tín Dụng,Ngân hàng,E3,"{""E3"": 10}",7.5,7.25,7.0,7.0,True,True,2.0,2.0,2.0,2.0
nh_P,34265abc78e946c86b0fca885ec8eaf0,P,Ngân hàng,Giáo Viên Tiếng Anh (Toeic - Giao Tiếp) - Full Time / Part Time,Giáo dục,E2|E3|E2t|E3t,"{""E2"": 1, ""E3"": 1, ""E2t"": 3, ""E3t"": 6}",2.0,2.5,2.0,3.0,False,False,4.0,3.0,6.0,4.0
nh_P,fadbf9fddd686b0aba832143a92a3355,P,Ngân hàng,Nhân Viên Chăm Sóc Khách Hàng,Chăm sóc khách hàng,E1|E2|E3|E2t|E3t,"{""E1"": 1, ""E2"": 3, ""E3"": 2, ""E2t"": 1, ""E3t"": 1}",4.0,3.75,3.0,3.3333,False,False,3.0,3.0,3.0,3.0
nh_P,a9ff50156c5c68869371e1ede3adf900,P,Ngân hàng,Chuyên Viên Vật Lý (Lương 30 Triệu ++),Giáo dục,E1|E2|E3|E2t|E3t,"{""E1"": 2, ""E2"": 5, ""E3"": 4, ""E2t"": 4, ""E3t"": 3}",1.0,1.5,1.0,1.6667,False,False,2.0,2.0,2.0,2.0
nh_P,e92fe0f25fadb955d7462df748dbfb0b,P,Ngân hàng,Trưởng Nhóm Thiết Kế/Graphic Designer,Thiết kế đồ họa,E3|E3t,"{""E3"": 3, ""E3t"": 2}",1.5,1.5,2.0,1.6667,False,False,1.0,1.0,3.0,3.0
nh_P,f86ea28fc8d31339288eaf3c5fff8780,P,Ngân hàng,Chuyên Viên QUAN HỆ KHÁCH HÀNG CÁ NHÂN (THU NHẬP TỐT_ ĐÀO TẠO CÓ LƯƠNG),Ngân hàng,E2|E2t,"{""E2"": 4, ""E2t"": 2}",6.0,6.0,6.0,6.0,True,True,2.0,2.0,2.0,2.0
nh_P,f8efd4f2428268672be73753c4270382,P,Ngân hàng,Nhân Viên Tư Vấn Khóa Học- Tiếng Trung Giao Tiếp,Giáo dục,E2,"{""E2"": 2}",3.0,3.25,3.0,3.3333,False,False,3.0,3.0,5.0,3.0
nh_P,7222c009019dbf5438a77e38fdcb9770,P,Ngân hàng,Nhân Viên Kinh Doanh/ Nhân Viên Tư Vấn Tuyển Sinh/ Tư Vấn Khóa Học IELTS (Không Yêu Cầu Kinh Nghiệm Giáo Dục) - Lương 12 - 25 Triệu/Tháng,Nhân viên kinh doanh,E1|E2|E3|E2t|E3t,"{""E1"": 3, ""E2"": 6, ""E3"": 6, ""E2t"": 5, ""E3t"": 5}",4.5,4.5,4.0,4.3333,False,False,1.0,1.0,6.0,6.0
nh_P,124f4256f0d6a862038089b366463a3e,P,Ngân hàng,"Nhân Viên Chăm Sóc Khách Hàng Hỗ Trợ Dịch Vụ (Ca Đêm) / Customer Service - Tiếng Anh Tốt, Thu Nhập Hấp Dẫn",Chăm sóc khách hàng,E1|E2|E3|E2t|E3t,"{""E1"": 4, ""E2"": 8, ""E3"": 8, ""E2t"": 7, ""E3t"": 8}",4.5,4.0,4.0,3.6667,False,False,3.0,3.0,1.0,0.0
nh_P,bf6254db550b12c38e6d2eeb2ab57531,P,Ngân hàng,Thiết Kế,Thiết kế đồ họa,E3|E3t,"{""E3"": 5, ""E3t"": 4}",1.5,1.75,1.0,1.6667,False,False,2.0,2.0,4.0,4.0
nh_P,e2a95ee4eb1f005599ac4cbb23651694,P,Ngân hàng,Nhân Viên Chăm Sóc Khách Hàng Kiêm Lễ Tân,Chăm sóc khách hàng,E1|E2|E3|E2t|E3t,"{""E1"": 5, ""E2"": 10, ""E3"": 9, ""E2t"": 9, ""E3t"": 9}",4.5,4.25,4.0,4.0,False,False,2.0,2.0,3.0,3.0
nh_P,3006e0f5298bde0c4e16a99ec0f96872,P,Ngân hàng,Nhân Viên Chăm Sóc Khách Hàng - Telesales,Chăm sóc khách hàng,E2|E2t,"{""E2"": 7, ""E2t"": 6}",4.0,4.5,4.0,4.6667,False,False,4.0,4.0,3.0,3.0
nh_P,720794ec272ac8e46040a471a59a7ec2,P,Ngân hàng,Nhân Viên Lễ Tân (Giao Tiếp Tiếng Anh) - Thu Nhập Hấp Dẫn - Làm Việc Tại Phường Bình Chiểu Hồ Chí Minh,Hành chính nhân sự,E1,"{""E1"": 6}",4.0,3.75,5.0,4.0,False,True,3.0,3.0,5.0,3.0
nh_P,6988fa91c747143a0cb8e04a1dc4bdaf,P,Ngân hàng,Nhân Viên Thiết Kế [ Thu Nhập Upto 20 Triệu+++ Được Đào Tạo Bài Bản Từ Đầu...],IT,E3|E3t,"{""E3"": 7, ""E3t"": 7}",3.5,3.5,4.0,3.6667,False,False,3.0,3.0,8.0,7.0
nh_P,eadb10f792afb06bf250cdce60363583,P,Ngân hàng,"Giám Sát Tuyển Sinh - Quản Lý Lớp Học - Sales Supervisor (Quảng Ngãi, Đà Nẵng, Long An) - Có Kinh Nghiệm Quản Lý Đội Nhóm",Telesales,E1,"{""E1"": 7}",4.0,4.0,4.0,3.6667,False,False,2.0,1.0,3.0,3.0
nh_P,21e374ac9c4191dfb45bdc896cc76ac5,P,Ngân hàng,Nhân Viên Chăm Sóc Khách Hàng| Telesales,Chăm sóc khách hàng,E2|E2t,"{""E2"": 9, ""E2t"": 8}",4.0,4.0,4.0,4.0,False,False,2.0,2.0,3.0,3.0
nh_P,37908f0603e24219d1b931aa809ea5a8,P,Ngân hàng,Nhân Viên Chăm Sóc Khách Hàng,Chăm sóc khách hàng,E1,"{""E1"": 8}",4.5,4.5,4.0,4.3333,False,False,1.0,1.0,6.0,6.0
nh_P,285895e1e0f7af20a86453b5e2c7ed83,P,Ngân hàng,Nhân Viên Chăm Sóc Khách Hàng,Chăm sóc khách hàng,E1,"{""E1"": 9}",4.0,4.75,3.0,4.6667,False,False,5.0,5.0,2.0,1.0
nh_P,26870ec9968ada148e1caede13eeea51,P,Ngân hàng,Community Manager,Marketing,E2t,"{""E2t"": 10}",2.0,2.75,2.0,3.0,False,False,3.0,3.0,3.0,3.0
nh_P,30d04e5ddf720c6949a51fc7b218bf2b,P,Ngân hàng,Nhân Viên Thiết Kế (Graphic Design),Thiết kế đồ họa,E3|E3t,"{""E3"": 10, ""E3t"": 10}",1.5,2.0,1.0,2.0,False,False,3.0,3.0,6.0,6.0
nh_P,a4a067d01daa32bb7293f11bed773e80,P,Ngân hàng,Chuyên Viên Tuyển Dụng Đào Tạo,Giáo dục,E1,"{""E1"": 10}",2.0,2.25,2.0,2.3333,False,False,1.0,1.0,1.0,1.0
nh_P2,3006e0f5298bde0c4e16a99ec0f96872,P2,Ngân hàng,Nhân Viên Chăm Sóc Khách Hàng - Telesales,Chăm sóc khách hàng,E1|E2|E3|E2t|E3t,"{""E1"": 6, ""E2"": 1, ""E3"": 1, ""E2t"": 1, ""E3t"": 6}",4.0,4.0,4.0,4.0,False,False,4.0,4.0,5.0,5.0
nh_P2,fadbf9fddd686b0aba832143a92a3355,P2,Ngân hàng,Nhân Viên Chăm Sóc Khách Hàng,Chăm sóc khách hàng,E1|E2|E3|E2t|E3t,"{""E1"": 1, ""E2"": 4, ""E3"": 4, ""E2t"": 2, ""E3t"": 1}",4.0,4.25,3.0,3.6667,False,False,3.0,2.0,3.0,3.0
nh_P2,34265abc78e946c86b0fca885ec8eaf0,P2,Ngân hàng,Giáo Viên Tiếng Anh (Toeic - Giao Tiếp) - Full Time / Part Time,Giáo dục,E2|E3|E2t,"{""E2"": 2, ""E3"": 2, ""E2t"": 10}",1.5,2.25,2.0,2.6667,False,False,4.0,4.0,8.0,8.0
nh_P2,a9ff50156c5c68869371e1ede3adf900,P2,Ngân hàng,Chuyên Viên Vật Lý (Lương 30 Triệu ++),Giáo dục,E1|E2|E3|E2t|E3t,"{""E1"": 2, ""E2"": 5, ""E3"": 6, ""E2t"": 3, ""E3t"": 3}",1.0,1.5,1.0,1.6667,False,False,2.0,2.0,2.0,0.0
nh_P2,f86ea28fc8d31339288eaf3c5fff8780,P2,Ngân hàng,Chuyên Viên QUAN HỆ KHÁCH HÀNG CÁ NHÂN (THU NHẬP TỐT_ ĐÀO TẠO CÓ LƯƠNG),Ngân hàng,E2|E3|E2t|E3t,"{""E2"": 8, ""E3"": 5, ""E2t"": 6, ""E3t"": 2}",6.5,6.75,6.0,6.6667,True,True,2.0,2.0,1.0,1.0
nh_P2,2d94d588b2b949008b375ed7a7ae60cd,P2,Ngân hàng,Nhân Viên Hành Chính Nhân Sự,Hành chính nhân sự,E2|E3,"{""E2"": 3, ""E3"": 3}",2.5,3.0,2.0,3.0,False,False,3.0,3.0,1.0,1.0
nh_P2,7222c009019dbf5438a77e38fdcb9770,P2,Ngân hàng,Nhân Viên Kinh Doanh/ Nhân Viên Tư Vấn Tuyển Sinh/ Tư Vấn Khóa Học IELTS (Không Yêu Cầu Kinh Nghiệm Giáo Dục) - Lương 12 - 25 Triệu/Tháng,Nhân viên kinh doanh,E1|E2|E3|E2t|E3t,"{""E1"": 3, ""E2"": 7, ""E3"": 8, ""E2t"": 5, ""E3t"": 5}",4.0,4.25,4.0,4.3333,False,False,1.0,1.0,4.0,4.0
nh_P2,097a4436ce3426623535af2a0470d937,P2,Ngân hàng,Nhân Viên Design,Thiết kế đồ họa,E3|E3t,"{""E3"": 7, ""E3t"": 4}",1.5,1.75,1.0,1.6667,False,False,2.0,2.0,8.0,8.0
nh_P2,124f4256f0d6a862038089b366463a3e,P2,Ngân hàng,"Nhân Viên Chăm Sóc Khách Hàng Hỗ Trợ Dịch Vụ (Ca Đêm) / Customer Service - Tiếng Anh Tốt, Thu Nhập Hấp Dẫn",Chăm sóc khách hàng,E1|E2|E3|E2t|E3t,"{""E1"": 4, ""E2"": 9, ""E3"": 10, ""E2t"": 7, ""E3t"": 8}",5.0,5.0,4.0,4.3333,True,False,4.0,3.0,7.0,6.0
nh_P2,21e374ac9c4191dfb45bdc896cc76ac5,P2,Ngân hàng,Nhân Viên Chăm Sóc Khách Hàng| Telesales,Chăm sóc khách hàng,E2|E3|E2t|E3t,"{""E2"": 6, ""E3"": 9, ""E2t"": 4, ""E3t"": 7}",5.0,4.5,5.0,4.3333,True,True,2.0,2.0,3.0,3.0
nh_P2,e2a95ee4eb1f005599ac4cbb23651694,P2,Ngân hàng,Nhân Viên Chăm Sóc Khách Hàng Kiêm Lễ Tân,Chăm sóc khách hàng,E1|E2t|E3t,"{""E1"": 5, ""E2t"": 9, ""E3t"": 10}",4.5,4.25,4.0,4.0,False,False,2.0,2.0,3.0,3.0
nh_P2,4e20f025e2f98908bdb059b5b8f339d3,P2,Ngân hàng,Nhân Viên Chăm Sóc Khách Hàng - Được Đào Tạo (Lương 8 - 15 Triệu/Tháng),Chăm sóc khách hàng,E1,"{""E1"": 7}",5.0,5.0,5.0,4.6667,True,True,2.0,1.0,3.0,3.0
nh_P2,45fcd06c63fbbd8a70e7214600bf8028,P2,Ngân hàng,Nhân Viên Chăm Sóc Khách Hàng - Phòng Sales,Chăm sóc khách hàng,E2|E2t,"{""E2"": 10, ""E2t"": 8}",4.5,4.75,4.0,4.6667,False,False,2.0,2.0,1.0,1.0
nh_P2,66bd50e40809fd957181478e6fd22221,P2,Ngân hàng,Senior Graphic Designer Có Kinh Nghiệm Trong Nha Khoa Thẩm Mỹ,Thiết kế đồ họa,E1,"{""E1"": 8}",1.5,1.5,2.0,1.6667,False,False,1.0,1.0,2.0,0.0
nh_P2,4e3a89f12416500f1cda3d79e927d88c,P2,Ngân hàng,Graphic Designer,IT,E3t,"{""E3t"": 9}",2.5,2.75,3.0,3.0,False,False,4.0,4.0,1.0,1.0
nh_P2,720794ec272ac8e46040a471a59a7ec2,P2,Ngân hàng,Nhân Viên Lễ Tân (Giao Tiếp Tiếng Anh) - Thu Nhập Hấp Dẫn - Làm Việc Tại Phường Bình Chiểu Hồ Chí Minh,Hành chính nhân sự,E1,"{""E1"": 9}",5.0,5.0,5.0,5.3333,True,True,2.0,1.0,3.0,3.0
nh_P2,d768176760a4009a3743ceb2ee19d16a,P2,Ngân hàng,Nhân Viên Chăm Sóc Khách Hàng,Chăm sóc khách hàng,E1,"{""E1"": 10}",4.5,4.25,4.0,4.0,False,False,2.0,2.0,2.0,2.0
nvkd_L1,7222c009019dbf5438a77e38fdcb9770,L1,Nhân viên kinh doanh,Nhân Viên Kinh Doanh/ Nhân Viên Tư Vấn Tuyển Sinh/ Tư Vấn Khóa Học IELTS (Không Yêu Cầu Kinh Nghiệm Giáo Dục) - Lương 12 - 25 Triệu/Tháng,Nhân viên kinh doanh,E1|E2t|E3t,"{""E1"": 1, ""E2t"": 1, ""E3t"": 1}",5.0,5.5,5.0,5.0,True,True,2.0,0.0,5.0,5.0
nvkd_L1,9481739b789f3ce8466b1350e9851ef0,L1,Nhân viên kinh doanh,Nhân Viên Kinh Doanh/Sales Thị Trường _ 1 Năm Kinh Nghiệm _ Data Sẵn _ Thu Nhập Từ 30M Tại Hà Nội,Nhân viên kinh doanh,E1|E2|E2t|E3t,"{""E1"": 4, ""E2"": 1, ""E2t"": 3, ""E3t"": 9}",6.5,6.5,6.0,6.3333,True,True,3.0,3.0,7.0,4.0
nvkd_L1,f6966d58c808b307f5d46f0b27358349,L1,Nhân viên kinh doanh,"Nhân Viên Kinh Doanh, Tư Vấn Phần Mềm/ Sale B2B (Nghỉ Thứ 7, Chủ Nhật, Thu Nhập 10 - 20M) Tại Hà Nội + HCM",Nhân viên kinh doanh,E1|E2|E3|E2t|E3t,"{""E1"": 5, ""E2"": 2, ""E3"": 1, ""E2t"": 5, ""E3t"": 5}",6.0,6.0,6.0,5.6667,True,True,2.0,1.0,3.0,3.0
nvkd_L1,3238f5d4c07f4f14d853e45543ec46fb,L1,Nhân viên kinh doanh,Nhân Viên Sales Logistics / Sales Vận Chuyển Trung - Việt (Không Yêu Cầu Kinh Nghiệm - Thu Nhập Upto 30 Triệu/Tháng),Nhân viên kinh doanh,E1|E2t|E3t,"{""E1"": 2, ""E2t"": 7, ""E3t"": 4}",7.0,7.0,7.0,7.0,True,True,2.0,2.0,0.0,0.0
nvkd_L1,3f7b80454232a0106db9c3d188c8c65b,L1,Nhân viên kinh doanh,Business Development (Travel Tech - Tourism),Nhân viên kinh doanh,E3|E3t,"{""E3"": 2, ""E3t"": 8}",4.0,4.0,4.0,4.0,False,False,2.0,2.0,2.0,1.0
nvkd_L1,86c043c8fb7ddd7cbf3266a9bf070f11,L1,Nhân viên kinh doanh,Sales Lead (BD),Nhân viên kinh doanh,E3|E2t|E3t,"{""E3"": 9, ""E2t"": 2, ""E3t"": 2}",2.0,2.0,2.0,2.0,False,False,0.0,0.0,2.0,1.0
nvkd_L1,33fca8add102a8861ccf663b74f45822,L1,Nhân viên kinh doanh,"Chuyên Viên Kinh Doanh Truyền Thông Quảng Cáo (Hà Nội, Hồ Chí Minh) - Ưu Tiên Đi Làm Ngay",Nhân viên kinh doanh,E1|E2|E2t|E3t,"{""E1"": 3, ""E2"": 3, ""E2t"": 6, ""E3t"": 6}",4.0,4.0,4.0,4.0,False,False,2.0,2.0,2.0,1.0
nvkd_L1,40688ffa7f734137c591f2289eca304a,L1,Nhân viên kinh doanh,Chuyên Viên Tư Vấn Giải Pháp Phần Mềm Enterprise,Nhân viên kinh doanh,E3|E3t,"{""E3"": 4, ""E3t"": 3}",3.0,3.25,3.0,3.3333,False,False,3.0,3.0,3.0,3.0
nvkd_L1,6bac706ed4b81c274c7316b0a6eeeded,L1,Nhân viên kinh doanh,"Nhân Viên Kinh Doanh B2B/Sales B2B Lĩnh Vực CNTT (Lương Cứng Từ 15 - 50 Triệu, Thu Nhập Trung Bình Từ 75 - 100 Triệu)",Nhân viên kinh doanh,E3|E3t,"{""E3"": 3, ""E3t"": 10}",4.5,4.0,4.0,3.6667,False,False,3.0,3.0,3.0,3.0
nvkd_L1,6a33ea0ac615f5b77a4c8a5df944ced7,L1,Nhân viên kinh doanh,Chuyên Viên Phát Triển Kinh Doanh Thương Mại Dịch Vụ,Nhân viên kinh doanh,E2|E3|E2t,"{""E2"": 4, ""E3"": 7, ""E2t"": 4}",5.0,4.5,5.0,4.3333,True,True,2.0,2.0,3.0,3.0
nvkd_L1,6f94bc407e7e7f830b40525ec2748176,L1,Nhân viên kinh doanh,"Nhân Viên Kinh Doanh B2B - Lương 15 - 20 Triệu, Làm Việc Tại TPHCM - Đi Làm Ngay",Nhân viên kinh doanh,E2|E3,"{""E2"": 6, ""E3"": 5}",4.5,4.5,4.0,4.3333,False,False,1.0,1.0,6.0,2.0
nvkd_L1,b07e3c74a15abc9f13b1388c12455d8e,L1,Nhân viên kinh doanh,Chuyên Viên Tư Vấn Bán Hàng ( Spa & Mỹ Phẩm),Nhân viên kinh doanh,E2|E2t,"{""E2"": 5, ""E2t"": 10}",4.5,4.5,4.0,3.6667,False,False,5.0,3.0,2.0,2.0
nvkd_L1,51fb67451de71946ad04170d4b428563,L1,Nhân viên kinh doanh,Chăm Sóc Khách Hàng - Sales Biết Tiếng Trung,Nhân viên kinh doanh,E1|E3,"{""E1"": 7, ""E3"": 6}",4.0,4.0,3.0,3.6667,False,False,2.0,2.0,5.0,2.0
nvkd_L1,c5d8b930fbf1da2a0f191a878da766af,L1,Nhân viên kinh doanh,"Nhân Viên Kinh Doanh Phát Triển Thị Trường (Sales Rep), Lương Cứng 10 - 13 Triệu + Hoa Hồng, Phỏng Vấn Đi Làm Ngay",Nhân viên kinh doanh,E1|E2|E2t,"{""E1"": 6, ""E2"": 10, ""E2t"": 9}",5.5,5.75,5.0,5.3333,True,True,2.0,1.0,6.0,2.0
nvkd_L1,4452046256928035257f7c6a152422cf,L1,Nhân viên kinh doanh,Business Development - 5 Năm Kinh Nghiệm,Nhân viên kinh doanh,E3t,"{""E3t"": 7}",3.0,3.0,3.0,2.6667,False,False,2.0,1.0,2.0,1.0
nvkd_L1,f6238a52435180210acdd42e0ec67300,L1,Nhân viên kinh doanh,Sales (Warehouse Fulfillment Service),Nhân viên kinh doanh,E2|E2t,"{""E2"": 7, ""E2t"": 8}",3.5,3.25,3.0,3.0,False,False,2.0,2.0,2.0,1.0
nvkd_L1,6f907af0181eadb4dd6a0b9591211658,L1,Nhân viên kinh doanh,Chuyên Viên Cao Cấp Kinh Doanh Quảng Cáo - Khối Kinh Doanh Trực Tiếp (Lương Cứng Up To 25M),Nhân viên kinh doanh,E2,"{""E2"": 8}",3.0,3.0,2.0,2.6667,False,False,2.0,2.0,2.0,1.0
nvkd_L1,8b888652281ba45f559c2ef1a8676e28,L1,Nhân viên kinh doanh,Business Development - Publisher (Ưu Tiên Có Ngoại Ngữ Tốt),Nhân viên kinh doanh,E3,"{""E3"": 8}",4.0,4.25,3.0,3.3333,False,False,5.0,3.0,3.0,2.0
nvkd_L1,ff46f540aed4faba21f282497e3dcae5,L1,Nhân viên kinh doanh,Chuyên Viên Cao Cấp Kinh Doanh Quảng Cáo – Khối Bán Hàng Qua Agency (Lương Cứng Up To 29M),Nhân viên kinh doanh,E1,"{""E1"": 8}",4.0,4.25,2.0,3.3333,False,False,5.0,4.0,5.0,3.0
nvkd_L1,d35796bcaf7e5fb66c993bceef329964,L1,Nhân viên kinh doanh,Sales Admin Ngành Vật Liệu Xây Dựng (Bê Tông) - Làm Việc Tại Bình Phước Cũ & Hồ Chí Minh,Nhân viên kinh doanh,E1,"{""E1"": 9}",4.0,3.75,3.0,3.3333,False,False,5.0,5.0,8.0,4.0
nvkd_L1,eb7e5d44427397b92af99151bbb171d9,L1,Nhân viên kinh doanh,ASM - Nhãn Cafe Hòa Tan Gu Ngon,Nhân viên kinh doanh,E2,"{""E2"": 9}",3.0,3.0,2.0,2.6667,False,False,2.0,2.0,2.0,1.0
nvkd_L1,5ac0d1a5e6dcd772830f63154c4efb03,L1,Nhân viên kinh doanh,"Chuyên Viên Kinh Doanh B2B (Mảng Công Nghệ AI) / Từ 2 Năm Kinh Nghiệm / Lương Cứng 15 Triệu / Tại Quận 10 (Cũ) HCM Và Quận Nam Từ Liêm (Cũ), Hà Nội",Nhân viên kinh doanh,E3,"{""E3"": 10}",4.0,4.5,3.0,3.6667,False,False,4.0,2.0,7.0,3.0
nvkd_L1,ba02ed406a48eb944e00b505f0c37ae2,L1,Nhân viên kinh doanh,Phó Tổng Sales & Marketing,Nhân viên kinh doanh,E1,"{""E1"": 10}",1.5,1.5,1.0,1.3333,False,False,1.0,1.0,1.0,1.0
nvkd_L1b,7222c009019dbf5438a77e38fdcb9770,L1b,Nhân viên kinh doanh,Nhân Viên Kinh Doanh/ Nhân Viên Tư Vấn Tuyển Sinh/ Tư Vấn Khóa Học IELTS (Không Yêu Cầu Kinh Nghiệm Giáo Dục) - Lương 12 - 25 Triệu/Tháng,Nhân viên kinh doanh,E1|E2t|E3t,"{""E1"": 1, ""E2t"": 3, ""E3t"": 1}",6.0,6.0,6.0,5.6667,True,True,2.0,1.0,4.0,4.0
nvkd_L1b,b9bfe7161e749f6786d024f96c179e32,L1b,Nhân viên kinh doanh,Chuyên Viên Marketing Sự Kiện B2B (Event Marketing & Business Matching),Nhân viên kinh doanh,E1|E2|E3|E2t|E3t,"{""E1"": 4, ""E2"": 1, ""E3"": 1, ""E2t"": 1, ""E3t"": 3}",6.5,6.5,6.0,6.3333,True,True,1.0,1.0,2.0,2.0
nvkd_L1b,1b7a70e52fd995f2d8b150d3459d17ad,L1b,Nhân viên kinh doanh,Chuyên Viên Cao Cấp KHDN Upper SME - Vùng Hà Nội 1 - TA170 - ID496,Nhân viên kinh doanh,E1|E2t|E3t,"{""E1"": 2, ""E2t"": 4, ""E3t"": 4}",5.5,5.25,5.0,4.6667,True,True,4.0,3.0,4.0,4.0
nvkd_L1b,51fb67451de71946ad04170d4b428563,L1b,Nhân viên kinh doanh,Chăm Sóc Khách Hàng - Sales Biết Tiếng Trung,Nhân viên kinh doanh,E1|E2|E3|E2t|E3t,"{""E1"": 6, ""E2"": 3, ""E3"": 2, ""E2t"": 5, ""E3t"": 8}",4.5,4.5,4.0,3.6667,False,False,5.0,3.0,8.0,5.0
nvkd_L1b,614717cbba504ca6867ce5002a80fe08,L1b,Nhân viên kinh doanh,IT Solution Sales (Senior),Nhân viên kinh doanh,E3t,"{""E3t"": 2}",2.0,2.25,2.0,2.3333,False,False,1.0,1.0,1.0,1.0
nvkd_L1b,ba02ed406a48eb944e00b505f0c37ae2,L1b,Nhân viên kinh doanh,Phó Tổng Sales & Marketing,Nhân viên kinh doanh,E1|E2|E3|E2t|E3t,"{""E1"": 3, ""E2"": 2, ""E3"": 7, ""E2t"": 2, ""E3t"": 6}",2.0,2.25,2.0,2.3333,False,False,1.0,1.0,1.0,0.0
nvkd_L1b,3ff41e8214c6c4cf2151a9b46988f0a2,L1b,Nhân viên kinh doanh,Presales,Nhân viên kinh doanh,E3,"{""E3"": 3}",3.0,2.5,3.0,2.3333,False,False,2.0,2.0,2.0,2.0
nvkd_L1b,36251ec7203317b63405202c8ea57c49,L1b,Nhân viên kinh doanh,Kinh Doanh Kỹ Thuật/Sales Engineer B2B (1 Năm Đầu Không KPI) Tại Hồ Chí Minh & Hà Nội,Nhân viên kinh doanh,E2|E2t,"{""E2"": 4, ""E2t"": 7}",5.5,5.0,5.0,4.6667,True,True,3.0,3.0,3.0,3.0
nvkd_L1b,5ac0d1a5e6dcd772830f63154c4efb03,L1b,Nhân viên kinh doanh,"Chuyên Viên Kinh Doanh B2B (Mảng Công Nghệ AI) / Từ 2 Năm Kinh Nghiệm / Lương Cứng 15 Triệu / Tại Quận 10 (Cũ) HCM Và Quận Nam Từ Liêm (Cũ), Hà Nội",Nhân viên kinh doanh,E3,"{""E3"": 4}",5.0,5.0,5.0,4.6667,True,True,2.0,1.0,3.0,3.0
nvkd_L1b,33fca8add102a8861ccf663b74f45822,L1b,Nhân viên kinh doanh,"Chuyên Viên Kinh Doanh Truyền Thông Quảng Cáo (Hà Nội, Hồ Chí Minh) - Ưu Tiên Đi Làm Ngay",Nhân viên kinh doanh,E1|E2|E2t|E3t,"{""E1"": 5, ""E2"": 5, ""E2t"": 8, ""E3t"": 9}",4.5,4.5,4.0,4.3333,False,False,3.0,3.0,5.0,5.0
nvkd_L1b,86c043c8fb7ddd7cbf3266a9bf070f11,L1b,Nhân viên kinh doanh,Sales Lead (BD),Nhân viên kinh doanh,E2t|E3t,"{""E2t"": 6, ""E3t"": 5}",2.5,2.75,3.0,3.0,False,False,2.0,2.0,3.0,2.0
nvkd_L1b,8b888652281ba45f559c2ef1a8676e28,L1b,Nhân viên kinh doanh,Business Development - Publisher (Ưu Tiên Có Ngoại Ngữ Tốt),Nhân viên kinh doanh,E1|E3,"{""E1"": 10, ""E3"": 5}",5.0,5.0,4.0,4.3333,True,False,4.0,3.0,2.0,2.0
nvkd_L1b,2b3e52d4050628e364aaf54bd2aaef17,L1b,Nhân viên kinh doanh,Senior Business Planner,Nhân viên kinh doanh,E2|E3,"{""E2"": 9, ""E3"": 6}",3.0,3.25,3.0,3.3333,False,False,3.0,3.0,2.0,2.0
nvkd_L1b,6f94bc407e7e7f830b40525ec2748176,L1b,Nhân viên kinh doanh,"Nhân Viên Kinh Doanh B2B - Lương 15 - 20 Triệu, Làm Việc Tại TPHCM - Đi Làm Ngay",Nhân viên kinh doanh,E1|E2|E2t,"{""E1"": 8, ""E2"": 6, ""E2t"": 10}",5.5,5.75,5.0,5.3333,True,True,2.0,1.0,5.0,3.0
nvkd_L1b,40688ffa7f734137c591f2289eca304a,L1b,Nhân viên kinh doanh,Chuyên Viên Tư Vấn Giải Pháp Phần Mềm Enterprise,Nhân viên kinh doanh,E3|E3t,"{""E3"": 9, ""E3t"": 7}",4.0,3.75,4.0,3.6667,False,False,1.0,1.0,1.0,0.0
nvkd_L1b,6f907af0181eadb4dd6a0b9591211658,L1b,Nhân viên kinh doanh,Chuyên Viên Cao Cấp Kinh Doanh Quảng Cáo - Khối Kinh Doanh Trực Tiếp (Lương Cứng Up To 25M),Nhân viên kinh doanh,E2,"{""E2"": 7}",4.5,4.5,5.0,4.6667,False,True,3.0,3.0,2.0,2.0
nvkd_L1b,ff46f540aed4faba21f282497e3dcae5,L1b,Nhân viên kinh doanh,Chuyên Viên Cao Cấp Kinh Doanh Quảng Cáo – Khối Bán Hàng Qua Agency (Lương Cứng Up To 29M),Nhân viên kinh doanh,E1|E2,"{""E1"": 7, ""E2"": 8}",5.0,4.75,5.0,4.6667,True,True,3.0,3.0,1.0,1.0
nvkd_L1b,3f7b80454232a0106db9c3d188c8c65b,L1b,Nhân viên kinh doanh,Business Development (Travel Tech - Tourism),Nhân viên kinh doanh,E3,"{""E3"": 8}",4.0,4.25,4.0,4.3333,False,False,3.0,3.0,3.0,3.0
nvkd_L1b,2e8eb7c59ffe0af10e6d681f9c41bfe7,L1b,Nhân viên kinh doanh,Activation Supervisor (Sup Activate),Nhân viên kinh doanh,E1|E2|E3,"{""E1"": 9, ""E2"": 10, ""E3"": 10}",5.0,5.0,5.0,4.6667,True,True,2.0,1.0,3.0,3.0
nvkd_L1b,efde357b6199f6540b8993663bce7dd9,L1b,Nhân viên kinh doanh,Sales Admin,Nhân viên kinh doanh,E2t|E3t,"{""E2t"": 9, ""E3t"": 10}",5.0,4.75,5.0,4.6667,True,True,1.0,1.0,2.0,2.0
nvkd_L2,7222c009019dbf5438a77e38fdcb9770,L2,Nhân viên kinh doanh,Nhân Viên Kinh Doanh/ Nhân Viên Tư Vấn Tuyển Sinh/ Tư Vấn Khóa Học IELTS (Không Yêu Cầu Kinh Nghiệm Giáo Dục) - Lương 12 - 25 Triệu/Tháng,Nhân viên kinh doanh,E1|E2t|E3t,"{""E1"": 1, ""E2t"": 1, ""E3t"": 1}",6.5,6.5,6.0,6.3333,True,True,1.0,1.0,3.0,2.0
nvkd_L2,b9bfe7161e749f6786d024f96c179e32,L2,Nhân viên kinh doanh,Chuyên Viên Marketing Sự Kiện B2B (Event Marketing & Business Matching),Nhân viên kinh doanh,E1|E2|E3|E2t|E3t,"{""E1"": 3, ""E2"": 1, ""E3"": 1, ""E2t"": 4, ""E3t"": 4}",7.0,7.0,7.0,7.0,True,True,2.0,2.0,2.0,2.0
nvkd_L2,2e8eb7c59ffe0af10e6d681f9c41bfe7,L2,Nhân viên kinh doanh,Activation Supervisor (Sup Activate),Nhân viên kinh doanh,E2|E3,"{""E2"": 7, ""E3"": 2}",6.0,5.5,6.0,5.3333,True,True,2.0,2.0,2.0,2.0
nvkd_L2,33fca8add102a8861ccf663b74f45822,L2,Nhân viên kinh doanh,"Chuyên Viên Kinh Doanh Truyền Thông Quảng Cáo (Hà Nội, Hồ Chí Minh) - Ưu Tiên Đi Làm Ngay",Nhân viên kinh doanh,E1|E2|E2t|E3t,"{""E1"": 2, ""E2"": 2, ""E2t"": 3, ""E3t"": 3}",5.5,5.75,6.0,6.0,True,True,2.0,2.0,3.0,3.0
nvkd_L2,86c043c8fb7ddd7cbf3266a9bf070f11,L2,Nhân viên kinh doanh,Sales Lead (BD),Nhân viên kinh doanh,E2t|E3t,"{""E2t"": 9, ""E3t"": 2}",2.5,2.5,2.0,2.3333,False,False,1.0,1.0,3.0,1.0
nvkd_L2,f6238a52435180210acdd42e0ec67300,L2,Nhân viên kinh doanh,Sales (Warehouse Fulfillment Service),Nhân viên kinh doanh,E2|E3|E2t|E3t,"{""E2"": 9, ""E3"": 9, ""E2t"": 2, ""E3t"": 10}",4.5,4.25,4.0,4.0,False,False,2.0,2.0,1.0,1.0
nvkd_L2,40688ffa7f734137c591f2289eca304a,L2,Nhân viên kinh doanh,Chuyên Viên Tư Vấn Giải Pháp Phần Mềm Enterprise,Nhân viên kinh doanh,E3|E3t,"{""E3"": 3, ""E3t"": 7}",4.5,4.25,5.0,4.3333,False,True,2.0,2.0,1.0,1.0
nvkd_L2,6f907af0181eadb4dd6a0b9591211658,L2,Nhân viên kinh doanh,Chuyên Viên Cao Cấp Kinh Doanh Quảng Cáo - Khối Kinh Doanh Trực Tiếp (Lương Cứng Up To 25M),Nhân viên kinh doanh,E1|E2|E3|E2t,"{""E1"": 9, ""E2"": 3, ""E3"": 10, ""E2t"": 6}",5.5,5.25,5.0,5.0,True,True,2.0,2.0,3.0,3.0
nvkd_L2,8b888652281ba45f559c2ef1a8676e28,L2,Nhân viên kinh doanh,Business Development - Publisher (Ưu Tiên Có Ngoại Ngữ Tốt),Nhân viên kinh doanh,E1|E2|E3|E2t,"{""E1"": 8, ""E2"": 6, ""E3"": 4, ""E2t"": 10}",5.0,5.25,4.0,4.6667,True,False,3.0,2.0,2.0,2.0
nvkd_L2,ff46f540aed4faba21f282497e3dcae5,L2,Nhân viên kinh doanh,Chuyên Viên Cao Cấp Kinh Doanh Quảng Cáo – Khối Bán Hàng Qua Agency (Lương Cứng Up To 29M),Nhân viên kinh doanh,E1|E2|E2t|E3t,"{""E1"": 4, ""E2"": 4, ""E2t"": 7, ""E3t"": 8}",6.5,6.25,6.0,6.0,True,True,4.0,4.0,4.0,4.0
nvkd_L2,ba02ed406a48eb944e00b505f0c37ae2,L2,Nhân viên kinh doanh,Phó Tổng Sales & Marketing,Nhân viên kinh doanh,E1|E2|E3|E2t|E3t,"{""E1"": 5, ""E2"": 5, ""E3"": 5, ""E2t"": 8, ""E3t"": 9}",3.0,3.25,3.0,3.3333,False,False,3.0,3.0,3.0,3.0
nvkd_L2,efde357b6199f6540b8993663bce7dd9,L2,Nhân viên kinh doanh,Sales Admin,Nhân viên kinh doanh,E2t|E3t,"{""E2t"": 5, ""E3t"": 5}",5.5,5.25,5.0,5.0,True,True,2.0,2.0,1.0,1.0
nvkd_L2,3238f5d4c07f4f14d853e45543ec46fb,L2,Nhân viên kinh doanh,Nhân Viên Sales Logistics / Sales Vận Chuyển Trung - Việt (Không Yêu Cầu Kinh Nghiệm - Thu Nhập Upto 30 Triệu/Tháng),Nhân viên kinh doanh,E1,"{""E1"": 6}",7.0,6.75,7.0,6.6667,True,True,1.0,1.0,2.0,2.0
nvkd_L2,51fb67451de71946ad04170d4b428563,L2,Nhân viên kinh doanh,Chăm Sóc Khách Hàng - Sales Biết Tiếng Trung,Nhân viên kinh doanh,E2|E3,"{""E2"": 10, ""E3"": 6}",4.0,4.5,3.0,3.6667,False,False,4.0,2.0,8.0,7.0
nvkd_L2,614717cbba504ca6867ce5002a80fe08,L2,Nhân viên kinh doanh,IT Solution Sales (Senior),Nhân viên kinh doanh,E3t,"{""E3t"": 6}",2.0,2.25,2.0,2.3333,False,False,1.0,1.0,2.0,2.0
nvkd_L2,9481739b789f3ce8466b1350e9851ef0,L2,Nhân viên kinh doanh,Nhân Viên Kinh Doanh/Sales Thị Trường _ 1 Năm Kinh Nghiệm _ Data Sẵn _ Thu Nhập Từ 30M Tại Hà Nội,Nhân viên kinh doanh,E1|E2,"{""E1"": 7, ""E2"": 8}",7.0,7.25,7.0,7.3333,True,True,3.0,3.0,4.0,4.0
nvkd_L2,f6966d58c808b307f5d46f0b27358349,L2,Nhân viên kinh doanh,"Nhân Viên Kinh Doanh, Tư Vấn Phần Mềm/ Sale B2B (Nghỉ Thứ 7, Chủ Nhật, Thu Nhập 10 - 20M) Tại Hà Nội + HCM",Nhân viên kinh doanh,E1|E3,"{""E1"": 10, ""E3"": 7}",7.0,6.25,7.0,6.0,True,True,3.0,3.0,5.0,5.0
nvkd_L2,3f7b80454232a0106db9c3d188c8c65b,L2,Nhân viên kinh doanh,Business Development (Travel Tech - Tourism),Nhân viên kinh doanh,E3,"{""E3"": 8}",4.5,4.5,5.0,4.6667,False,True,1.0,1.0,2.0,2.0
nvkd_L2b,3f7b80454232a0106db9c3d188c8c65b,L2b,Nhân viên kinh doanh,Business Development (Travel Tech - Tourism),Nhân viên kinh doanh,E1|E2|E3|E2t|E3t,"{""E1"": 1, ""E2"": 2, ""E3"": 4, ""E2t"": 2, ""E3t"": 1}",6.0,6.0,6.0,6.0,True,True,0.0,0.0,1.0,1.0
nvkd_L2b,86c043c8fb7ddd7cbf3266a9bf070f11,L2b,Nhân viên kinh doanh,Sales Lead (BD),Nhân viên kinh doanh,E1|E2|E3|E2t|E3t,"{""E1"": 6, ""E2"": 3, ""E3"": 1, ""E2t"": 3, ""E3t"": 2}",3.0,3.0,3.0,2.6667,False,False,2.0,1.0,2.0,1.0
nvkd_L2b,f6966d58c808b307f5d46f0b27358349,L2b,Nhân viên kinh doanh,"Nhân Viên Kinh Doanh, Tư Vấn Phần Mềm/ Sale B2B (Nghỉ Thứ 7, Chủ Nhật, Thu Nhập 10 - 20M) Tại Hà Nội + HCM",Nhân viên kinh doanh,E1|E2|E3|E2t|E3t,"{""E1"": 2, ""E2"": 1, ""E3"": 2, ""E2t"": 1, ""E3t"": 3}",7.0,7.25,7.0,7.3333,True,True,1.0,1.0,2.0,1.0
nvkd_L2b,40688ffa7f734137c591f2289eca304a,L2b,Nhân viên kinh doanh,Chuyên Viên Tư Vấn Giải Pháp Phần Mềm Enterprise,Nhân viên kinh doanh,E1|E2|E3|E2t|E3t,"{""E1"": 5, ""E2"": 4, ""E3"": 3, ""E2t"": 4, ""E3t"": 4}",7.0,6.75,7.0,6.6667,True,True,1.0,1.0,2.0,1.0
nvkd_L2b,6bac706ed4b81c274c7316b0a6eeeded,L2b,Nhân viên kinh doanh,"Nhân Viên Kinh Doanh B2B/Sales B2B Lĩnh Vực CNTT (Lương Cứng Từ 15 - 50 Triệu, Thu Nhập Trung Bình Từ 75 - 100 Triệu)",Nhân viên kinh doanh,E1|E2|E3|E2t|E3t,"{""E1"": 3, ""E2"": 5, ""E3"": 5, ""E2t"": 5, ""E3t"": 5}",6.0,6.5,6.0,6.6667,True,True,2.0,2.0,2.0,2.0
nvkd_L2b,5ac0d1a5e6dcd772830f63154c4efb03,L2b,Nhân viên kinh doanh,"Chuyên Viên Kinh Doanh B2B (Mảng Công Nghệ AI) / Từ 2 Năm Kinh Nghiệm / Lương Cứng 15 Triệu / Tại Quận 10 (Cũ) HCM Và Quận Nam Từ Liêm (Cũ), Hà Nội",Nhân viên kinh doanh,E1|E2|E3|E2t|E3t,"{""E1"": 4, ""E2"": 6, ""E3"": 6, ""E2t"": 6, ""E3t"": 7}",7.5,7.5,8.0,7.6667,True,True,1.0,1.0,2.0,2.0
nvkd_L2b,3ff41e8214c6c4cf2151a9b46988f0a2,L2b,Nhân viên kinh doanh,Presales,Nhân viên kinh doanh,E2|E3|E2t|E3t,"{""E2"": 7, ""E3"": 7, ""E2t"": 7, ""E3t"": 6}",5.0,5.0,6.0,5.3333,True,True,2.0,2.0,2.0,1.0
nvkd_L2b,9481739b789f3ce8466b1350e9851ef0,L2b,Nhân viên kinh doanh,Nhân Viên Kinh Doanh/Sales Thị Trường _ 1 Năm Kinh Nghiệm _ Data Sẵn _ Thu Nhập Từ 30M Tại Hà Nội,Nhân viên kinh doanh,E1|E2t,"{""E1"": 7, ""E2t"": 8}",7.5,7.25,8.0,7.3333,True,True,2.0,2.0,1.0,1.0
nvkd_L2b,614717cbba504ca6867ce5002a80fe08,L2b,Nhân viên kinh doanh,IT Solution Sales (Senior),Nhân viên kinh doanh,E3t,"{""E3t"": 8}",4.5,4.75,5.0,5.0,False,True,2.0,2.0,2.0,2.0
nvkd_L2b,6f907af0181eadb4dd6a0b9591211658,L2b,Nhân viên kinh doanh,Chuyên Viên Cao Cấp Kinh Doanh Quảng Cáo - Khối Kinh Doanh Trực Tiếp (Lương Cứng Up To 25M),Nhân viên kinh doanh,E2|E2t,"{""E2"": 8, ""E2t"": 9}",7.0,6.25,7.0,6.0,True,True,3.0,3.0,3.0,3.0
nvkd_L2b,8b888652281ba45f559c2ef1a8676e28,L2b,Nhân viên kinh doanh,Business Development - Publisher (Ưu Tiên Có Ngoại Ngữ Tốt),Nhân viên kinh doanh,E3|E3t,"{""E3"": 8, ""E3t"": 9}",7.0,6.25,7.0,6.0,True,True,3.0,3.0,0.0,0.0
nvkd_L2b,c5d8b930fbf1da2a0f191a878da766af,L2b,Nhân viên kinh doanh,"Nhân Viên Kinh Doanh Phát Triển Thị Trường (Sales Rep), Lương Cứng 10 - 13 Triệu + Hoa Hồng, Phỏng Vấn Đi Làm Ngay",Nhân viên kinh doanh,E1,"{""E1"": 8}",7.0,7.25,7.0,7.3333,True,True,1.0,1.0,2.0,1.0
nvkd_L2b,4452046256928035257f7c6a152422cf,L2b,Nhân viên kinh doanh,Business Development - 5 Năm Kinh Nghiệm,Nhân viên kinh doanh,E2|E3|E3t,"{""E2"": 9, ""E3"": 9, ""E3t"": 10}",5.5,5.5,5.0,5.0,True,True,3.0,2.0,4.0,1.0
nvkd_L2b,45dbdac89d8e758481e361237af2ef0c,L2b,Nhân viên kinh doanh,Chuyên Viên Kinh Doanh- Thu Nhập Hấp Dẫn Lên Đến 50 Triệu/Tháng,Nhân viên kinh doanh,E1,"{""E1"": 9}",6.0,5.75,6.0,5.3333,True,True,3.0,2.0,2.0,2.0
nvkd_L2b,6a33ea0ac615f5b77a4c8a5df944ced7,L2b,Nhân viên kinh doanh,Chuyên Viên Phát Triển Kinh Doanh Thương Mại Dịch Vụ,Nhân viên kinh doanh,E2|E3|E2t,"{""E2"": 10, ""E3"": 10, ""E2t"": 10}",6.5,6.25,6.0,6.0,True,True,2.0,2.0,1.0,0.0
nvkd_L2b,ff46f540aed4faba21f282497e3dcae5,L2b,Nhân viên kinh doanh,Chuyên Viên Cao Cấp Kinh Doanh Quảng Cáo – Khối Bán Hàng Qua Agency (Lương Cứng Up To 29M),Nhân viên kinh doanh,E1,"{""E1"": 10}",7.0,6.75,7.0,6.6667,True,True,3.0,3.0,1.0,1.0
nvkd_L3,40688ffa7f734137c591f2289eca304a,L3,Nhân viên kinh doanh,Chuyên Viên Tư Vấn Giải Pháp Phần Mềm Enterprise,Nhân viên kinh doanh,E1|E2|E3|E2t|E3t,"{""E1"": 6, ""E2"": 3, ""E3"": 1, ""E2t"": 5, ""E3t"": 3}",7.0,7.25,7.0,7.3333,True,True,1.0,1.0,1.0,0.0
nvkd_L3,5ac0d1a5e6dcd772830f63154c4efb03,L3,Nhân viên kinh doanh,"Chuyên Viên Kinh Doanh B2B (Mảng Công Nghệ AI) / Từ 2 Năm Kinh Nghiệm / Lương Cứng 15 Triệu / Tại Quận 10 (Cũ) HCM Và Quận Nam Từ Liêm (Cũ), Hà Nội",Nhân viên kinh doanh,E1|E2|E3|E2t|E3t,"{""E1"": 1, ""E2"": 5, ""E3"": 5, ""E2t"": 2, ""E3t"": 1}",7.5,7.5,8.0,7.6667,True,True,1.0,1.0,1.0,1.0
nvkd_L3,f6966d58c808b307f5d46f0b27358349,L3,Nhân viên kinh doanh,"Nhân Viên Kinh Doanh, Tư Vấn Phần Mềm/ Sale B2B (Nghỉ Thứ 7, Chủ Nhật, Thu Nhập 10 - 20M) Tại Hà Nội + HCM",Nhân viên kinh doanh,E1|E2|E3|E2t|E3t,"{""E1"": 2, ""E2"": 1, ""E3"": 2, ""E2t"": 1, ""E3t"": 4}",7.0,6.75,7.0,6.6667,True,True,1.0,1.0,3.0,1.0
nvkd_L3,3f7b80454232a0106db9c3d188c8c65b,L3,Nhân viên kinh doanh,Business Development (Travel Tech - Tourism),Nhân viên kinh doanh,E1|E2|E3|E2t|E3t,"{""E1"": 4, ""E2"": 2, ""E3"": 3, ""E2t"": 4, ""E3t"": 5}",7.0,7.0,7.0,7.0,True,True,2.0,2.0,2.0,2.0
nvkd_L3,86c043c8fb7ddd7cbf3266a9bf070f11,L3,Nhân viên kinh doanh,Sales Lead (BD),Nhân viên kinh doanh,E2t|E3t,"{""E2t"": 3, ""E3t"": 2}",4.0,4.0,4.0,4.0,False,False,2.0,2.0,2.0,1.0
nvkd_L3,7222c009019dbf5438a77e38fdcb9770,L3,Nhân viên kinh doanh,Nhân Viên Kinh Doanh/ Nhân Viên Tư Vấn Tuyển Sinh/ Tư Vấn Khóa Học IELTS (Không Yêu Cầu Kinh Nghiệm Giáo Dục) - Lương 12 - 25 Triệu/Tháng,Nhân viên kinh doanh,E1|E2t|E3t,"{""E1"": 3, ""E2t"": 7, ""E3t"": 7}",6.5,6.25,6.0,6.0,True,True,2.0,2.0,4.0,4.0
nvkd_L3,6bac706ed4b81c274c7316b0a6eeeded,L3,Nhân viên kinh doanh,"Nhân Viên Kinh Doanh B2B/Sales B2B Lĩnh Vực CNTT (Lương Cứng Từ 15 - 50 Triệu, Thu Nhập Trung Bình Từ 75 - 100 Triệu)",Nhân viên kinh doanh,E1|E2|E3|E2t|E3t,"{""E1"": 5, ""E2"": 4, ""E3"": 4, ""E2t"": 6, ""E3t"": 8}",7.5,7.25,8.0,7.6667,True,True,2.0,1.0,2.0,1.0
nvkd_L3,3ff41e8214c6c4cf2151a9b46988f0a2,L3,Nhân viên kinh doanh,Presales,Nhân viên kinh doanh,E2|E3|E2t|E3t,"{""E2"": 8, ""E3"": 6, ""E2t"": 9, ""E3t"": 10}",5.0,4.75,4.0,4.3333,True,False,3.0,3.0,1.0,0.0
nvkd_L3,8b888652281ba45f559c2ef1a8676e28,L3,Nhân viên kinh doanh,Business Development - Publisher (Ưu Tiên Có Ngoại Ngữ Tốt),Nhân viên kinh doanh,E1|E2|E3,"{""E1"": 10, ""E2"": 6, ""E3"": 7}",7.0,7.0,7.0,6.6667,True,True,2.0,1.0,5.0,3.0
nvkd_L3,efde357b6199f6540b8993663bce7dd9,L3,Nhân viên kinh doanh,Sales Admin,Nhân viên kinh doanh,E3|E2t|E3t,"{""E3"": 8, ""E2t"": 8, ""E3t"": 6}",6.0,5.75,5.0,5.3333,True,True,3.0,3.0,4.0,2.0
nvkd_L3,9481739b789f3ce8466b1350e9851ef0,L3,Nhân viên kinh doanh,Nhân Viên Kinh Doanh/Sales Thị Trường _ 1 Năm Kinh Nghiệm _ Data Sẵn _ Thu Nhập Từ 30M Tại Hà Nội,Nhân viên kinh doanh,E1|E2|E2t,"{""E1"": 8, ""E2"": 7, ""E2t"": 10}",7.5,7.25,7.0,7.0,True,True,2.0,2.0,4.0,4.0
nvkd_L3,ff46f540aed4faba21f282497e3dcae5,L3,Nhân viên kinh doanh,Chuyên Viên Cao Cấp Kinh Doanh Quảng Cáo – Khối Bán Hàng Qua Agency (Lương Cứng Up To 29M),Nhân viên kinh doanh,E1,"{""E1"": 7}",7.5,7.25,7.0,7.0,True,True,2.0,2.0,4.0,2.0
nvkd_L3,2f2d246ec5640655101bd2edb92cfe27,L3,Nhân viên kinh doanh,Nhân Viên Sales Admin,Nhân viên kinh doanh,E3t,"{""E3t"": 9}",5.0,5.0,5.0,4.3333,True,True,4.0,2.0,4.0,4.0
nvkd_L3,6a33ea0ac615f5b77a4c8a5df944ced7,L3,Nhân viên kinh doanh,Chuyên Viên Phát Triển Kinh Doanh Thương Mại Dịch Vụ,Nhân viên kinh doanh,E2|E3,"{""E2"": 9, ""E3"": 9}",7.5,7.5,7.0,7.3333,True,True,1.0,1.0,2.0,1.0
nvkd_L3,c5d8b930fbf1da2a0f191a878da766af,L3,Nhân viên kinh doanh,"Nhân Viên Kinh Doanh Phát Triển Thị Trường (Sales Rep), Lương Cứng 10 - 13 Triệu + Hoa Hồng, Phỏng Vấn Đi Làm Ngay",Nhân viên kinh doanh,E1,"{""E1"": 9}",6.5,6.75,6.0,6.6667,True,True,2.0,2.0,4.0,4.0
nvkd_L3,b9bfe7161e749f6786d024f96c179e32,L3,Nhân viên kinh doanh,Chuyên Viên Marketing Sự Kiện B2B (Event Marketing & Business Matching),Nhân viên kinh doanh,E3,"{""E3"": 10}",6.5,6.25,6.0,6.0,True,True,4.0,4.0,4.0,2.0
nvkd_L3,e30c4b32e9d7f9af39ee3fa5c959b8f7,L3,Nhân viên kinh doanh,Head Of The Representative Office,Nhân viên kinh doanh,E2,"{""E2"": 10}",5.0,4.75,5.0,4.6667,True,True,3.0,3.0,4.0,4.0
nvkd_L3b,1b7a70e52fd995f2d8b150d3459d17ad,L3b,Nhân viên kinh doanh,Chuyên Viên Cao Cấp KHDN Upper SME - Vùng Hà Nội 1 - TA170 - ID496,Nhân viên kinh doanh,E1|E2t|E3t,"{""E1"": 1, ""E2t"": 1, ""E3t"": 1}",7.5,7.0,7.0,6.6667,True,True,3.0,3.0,4.0,4.0
nvkd_L3b,3f7b80454232a0106db9c3d188c8c65b,L3b,Nhân viên kinh doanh,Business Development (Travel Tech - Tourism),Nhân viên kinh doanh,E1|E2|E3|E2t|E3t,"{""E1"": 4, ""E2"": 1, ""E3"": 2, ""E2t"": 3, ""E3t"": 5}",7.5,7.25,7.0,7.0,True,True,2.0,2.0,1.0,0.0
nvkd_L3b,40688ffa7f734137c591f2289eca304a,L3b,Nhân viên kinh doanh,Chuyên Viên Tư Vấn Giải Pháp Phần Mềm Enterprise,Nhân viên kinh doanh,E1|E2|E3|E2t|E3t,"{""E1"": 7, ""E2"": 4, ""E3"": 1, ""E2t"": 9, ""E3t"": 4}",6.5,6.5,6.0,6.0,True,True,3.0,2.0,2.0,1.0
nvkd_L3b,5ac0d1a5e6dcd772830f63154c4efb03,L3b,Nhân viên kinh doanh,"Chuyên Viên Kinh Doanh B2B (Mảng Công Nghệ AI) / Từ 2 Năm Kinh Nghiệm / Lương Cứng 15 Triệu / Tại Quận 10 (Cũ) HCM Và Quận Nam Từ Liêm (Cũ), Hà Nội",Nhân viên kinh doanh,E1|E2|E3|E2t|E3t,"{""E1"": 2, ""E2"": 8, ""E3"": 4, ""E2t"": 4, ""E3t"": 3}",7.0,7.0,7.0,6.6667,True,True,2.0,1.0,2.0,2.0
nvkd_L3b,86c043c8fb7ddd7cbf3266a9bf070f11,L3b,Nhân viên kinh doanh,Sales Lead (BD),Nhân viên kinh doanh,E2t|E3t,"{""E2t"": 2, ""E3t"": 2}",4.5,4.25,4.0,4.0,False,False,2.0,2.0,1.0,0.0
nvkd_L3b,f6966d58c808b307f5d46f0b27358349,L3b,Nhân viên kinh doanh,"Nhân Viên Kinh Doanh, Tư Vấn Phần Mềm/ Sale B2B (Nghỉ Thứ 7, Chủ Nhật, Thu Nhập 10 - 20M) Tại Hà Nội + HCM",Nhân viên kinh doanh,E1|E2|E3|E2t|E3t,"{""E1"": 5, ""E2"": 2, ""E3"": 6, ""E2t"": 5, ""E3t"": 9}",6.5,6.25,6.0,6.0,True,True,2.0,2.0,6.0,6.0
nvkd_L3b,1cae9467d9193142619af250bd7dd1a7,L3b,Nhân viên kinh doanh,Sales Executive - LCB 15 - 20 Triệu,Nhân viên kinh doanh,E1|E2|E3|E2t|E3t,"{""E1"": 3, ""E2"": 9, ""E3"": 9, ""E2t"": 7, ""E3t"": 7}",6.5,6.0,6.0,5.6667,True,True,3.0,3.0,3.0,3.0
nvkd_L3b,6bac706ed4b81c274c7316b0a6eeeded,L3b,Nhân viên kinh doanh,"Nhân Viên Kinh Doanh B2B/Sales B2B Lĩnh Vực CNTT (Lương Cứng Từ 15 - 50 Triệu, Thu Nhập Trung Bình Từ 75 - 100 Triệu)",Nhân viên kinh doanh,E1|E2|E3|E2t|E3t,"{""E1"": 6, ""E2"": 3, ""E3"": 3, ""E2t"": 8, ""E3t"": 8}",7.0,7.25,7.0,7.3333,True,True,1.0,1.0,1.0,1.0
nvkd_L3b,3ff41e8214c6c4cf2151a9b46988f0a2,L3b,Nhân viên kinh doanh,Presales,Nhân viên kinh doanh,E1|E2|E3|E2t|E3t,"{""E1"": 10, ""E2"": 5, ""E3"": 5, ""E2t"": 10, ""E3t"": 10}",5.0,5.0,5.0,5.0,True,True,2.0,2.0,3.0,2.0
nvkd_L3b,36251ec7203317b63405202c8ea57c49,L3b,Nhân viên kinh doanh,Kinh Doanh Kỹ Thuật/Sales Engineer B2B (1 Năm Đầu Không KPI) Tại Hồ Chí Minh & Hà Nội,Nhân viên kinh doanh,E2|E3,"{""E2"": 6, ""E3"": 8}",6.5,6.0,6.0,5.6667,True,True,3.0,3.0,5.0,5.0
nvkd_L3b,614717cbba504ca6867ce5002a80fe08,L3b,Nhân viên kinh doanh,IT Solution Sales (Senior),Nhân viên kinh doanh,E3t,"{""E3t"": 6}",4.5,4.75,5.0,5.0,False,True,2.0,2.0,4.0,2.0
nvkd_L3b,f6238a52435180210acdd42e0ec67300,L3b,Nhân viên kinh doanh,Sales (Warehouse Fulfillment Service),Nhân viên kinh doanh,E2t,"{""E2t"": 6}",7.0,7.0,7.0,6.6667,True,True,2.0,1.0,2.0,0.0
nvkd_L3b,b9bfe7161e749f6786d024f96c179e32,L3b,Nhân viên kinh doanh,Chuyên Viên Marketing Sự Kiện B2B (Event Marketing & Business Matching),Nhân viên kinh doanh,E2|E3,"{""E2"": 7, ""E3"": 7}",6.5,6.5,6.0,6.3333,True,True,3.0,3.0,2.0,0.0
nvkd_L3b,b60c06cb095ef83688f41559542a9325,L3b,Nhân viên kinh doanh,Trưởng Bộ Phận Kinh Doanh BESS Mảng C&I,Nhân viên kinh doanh,E1,"{""E1"": 8}",3.5,3.75,3.0,3.3333,False,False,2.0,1.0,3.0,3.0
nvkd_L3b,7222c009019dbf5438a77e38fdcb9770,L3b,Nhân viên kinh doanh,Nhân Viên Kinh Doanh/ Nhân Viên Tư Vấn Tuyển Sinh/ Tư Vấn Khóa Học IELTS (Không Yêu Cầu Kinh Nghiệm Giáo Dục) - Lương 12 - 25 Triệu/Tháng,Nhân viên kinh doanh,E1,"{""E1"": 9}",5.0,5.25,5.0,5.3333,True,True,3.0,3.0,2.0,1.0
nvkd_L3b,4452046256928035257f7c6a152422cf,L3b,Nhân viên kinh doanh,Business Development - 5 Năm Kinh Nghiệm,Nhân viên kinh doanh,E3,"{""E3"": 10}",6.5,6.5,6.0,6.3333,True,True,1.0,1.0,4.0,4.0
nvkd_L3b,510483ef979ca1ad3d23f04a110ce308,L3b,Nhân viên kinh doanh,"Chuyên Viên Phát Triển Thị Trường, Ngoài GT/MT",Nhân viên kinh doanh,E2,"{""E2"": 10}",7.0,7.25,7.0,7.0,True,True,1.0,0.0,1.0,0.0
nvkd_L4,40688ffa7f734137c591f2289eca304a,L4,Nhân viên kinh doanh,Chuyên Viên Tư Vấn Giải Pháp Phần Mềm Enterprise,Nhân viên kinh doanh,E1|E2|E3|E2t|E3t,"{""E1"": 6, ""E2"": 3, ""E3"": 1, ""E2t"": 6, ""E3t"": 4}",7.0,6.75,7.0,6.6667,True,True,1.0,1.0,2.0,2.0
nvkd_L4,5ac0d1a5e6dcd772830f63154c4efb03,L4,Nhân viên kinh doanh,"Chuyên Viên Kinh Doanh B2B (Mảng Công Nghệ AI) / Từ 2 Năm Kinh Nghiệm / Lương Cứng 15 Triệu / Tại Quận 10 (Cũ) HCM Và Quận Nam Từ Liêm (Cũ), Hà Nội",Nhân viên kinh doanh,E1|E2|E3|E2t|E3t,"{""E1"": 1, ""E2"": 5, ""E3"": 5, ""E2t"": 2, ""E3t"": 1}",7.0,7.25,7.0,7.0,True,True,1.0,0.0,3.0,2.0
nvkd_L4,f6966d58c808b307f5d46f0b27358349,L4,Nhân viên kinh doanh,"Nhân Viên Kinh Doanh, Tư Vấn Phần Mềm/ Sale B2B (Nghỉ Thứ 7, Chủ Nhật, Thu Nhập 10 - 20M) Tại Hà Nội + HCM",Nhân viên kinh doanh,E1|E2|E3|E2t|E3t,"{""E1"": 2, ""E2"": 1, ""E3"": 3, ""E2t"": 1, ""E3t"": 3}",6.0,5.75,6.0,5.3333,True,True,3.0,2.0,5.0,2.0
nvkd_L4,3f7b80454232a0106db9c3d188c8c65b,L4,Nhân viên kinh doanh,Business Development (Travel Tech - Tourism),Nhân viên kinh doanh,E1|E2|E3|E2t|E3t,"{""E1"": 4, ""E2"": 2, ""E3"": 2, ""E2t"": 4, ""E3t"": 6}",7.0,7.25,7.0,7.3333,True,True,1.0,1.0,2.0,2.0
nvkd_L4,86c043c8fb7ddd7cbf3266a9bf070f11,L4,Nhân viên kinh doanh,Sales Lead (BD),Nhân viên kinh doanh,E2t|E3t,"{""E2t"": 3, ""E3t"": 2}",5.5,5.25,6.0,5.6667,True,True,2.0,1.0,2.0,2.0
nvkd_L4,7222c009019dbf5438a77e38fdcb9770,L4,Nhân viên kinh doanh,Nhân Viên Kinh Doanh/ Nhân Viên Tư Vấn Tuyển Sinh/ Tư Vấn Khóa Học IELTS (Không Yêu Cầu Kinh Nghiệm Giáo Dục) - Lương 12 - 25 Triệu/Tháng,Nhân viên kinh doanh,E1|E2t|E3t,"{""E1"": 3, ""E2t"": 8, ""E3t"": 7}",5.5,5.5,6.0,5.6667,True,True,1.0,1.0,5.0,5.0
nvkd_L4,6bac706ed4b81c274c7316b0a6eeeded,L4,Nhân viên kinh doanh,"Nhân Viên Kinh Doanh B2B/Sales B2B Lĩnh Vực CNTT (Lương Cứng Từ 15 - 50 Triệu, Thu Nhập Trung Bình Từ 75 - 100 Triệu)",Nhân viên kinh doanh,E1|E2|E3|E2t|E3t,"{""E1"": 5, ""E2"": 4, ""E3"": 4, ""E2t"": 7, ""E3t"": 8}",7.5,7.5,8.0,7.6667,True,True,1.0,1.0,1.0,1.0
nvkd_L4,614717cbba504ca6867ce5002a80fe08,L4,Nhân viên kinh doanh,IT Solution Sales (Senior),Nhân viên kinh doanh,E3t,"{""E3t"": 5}",5.5,5.5,6.0,5.6667,True,True,1.0,1.0,2.0,2.0
nvkd_L4,f6238a52435180210acdd42e0ec67300,L4,Nhân viên kinh doanh,Sales (Warehouse Fulfillment Service),Nhân viên kinh doanh,E2t,"{""E2t"": 5}",7.5,7.5,8.0,7.6667,True,True,1.0,1.0,2.0,2.0
nvkd_L4,3ff41e8214c6c4cf2151a9b46988f0a2,L4,Nhân viên kinh doanh,Presales,Nhân viên kinh doanh,E2|E3|E3t,"{""E2"": 8, ""E3"": 6, ""E3t"": 10}",5.0,5.25,5.0,4.6667,True,True,3.0,1.0,3.0,3.0
nvkd_L4,6a33ea0ac615f5b77a4c8a5df944ced7,L4,Nhân viên kinh doanh,Chuyên Viên Phát Triển Kinh Doanh Thương Mại Dịch Vụ,Nhân viên kinh doanh,E2|E3,"{""E2"": 6, ""E3"": 8}",7.0,7.25,7.0,7.3333,True,True,1.0,1.0,2.0,2.0
nvkd_L4,8b888652281ba45f559c2ef1a8676e28,L4,Nhân viên kinh doanh,Business Development - Publisher (Ưu Tiên Có Ngoại Ngữ Tốt),Nhân viên kinh doanh,E1|E2|E3,"{""E1"": 10, ""E2"": 7, ""E3"": 7}",7.0,6.75,6.0,6.3333,True,True,3.0,3.0,2.0,2.0
nvkd_L4,ff46f540aed4faba21f282497e3dcae5,L4,Nhân viên kinh doanh,Chuyên Viên Cao Cấp Kinh Doanh Quảng Cáo – Khối Bán Hàng Qua Agency (Lương Cứng Up To 29M),Nhân viên kinh doanh,E1,"{""E1"": 7}",7.5,7.0,7.0,6.6667,True,True,3.0,3.0,4.0,4.0
nvkd_L4,9481739b789f3ce8466b1350e9851ef0,L4,Nhân viên kinh doanh,Nhân Viên Kinh Doanh/Sales Thị Trường _ 1 Năm Kinh Nghiệm _ Data Sẵn _ Thu Nhập Từ 30M Tại Hà Nội,Nhân viên kinh doanh,E1|E2|E2t,"{""E1"": 8, ""E2"": 9, ""E2t"": 10}",6.5,6.25,6.0,6.0,True,True,2.0,2.0,5.0,2.0
nvkd_L4,c5d8b930fbf1da2a0f191a878da766af,L4,Nhân viên kinh doanh,"Nhân Viên Kinh Doanh Phát Triển Thị Trường (Sales Rep), Lương Cứng 10 - 13 Triệu + Hoa Hồng, Phỏng Vấn Đi Làm Ngay",Nhân viên kinh doanh,E1,"{""E1"": 9}",6.5,6.5,6.0,6.0,True,True,3.0,2.0,4.0,3.0
nvkd_L4,efde357b6199f6540b8993663bce7dd9,L4,Nhân viên kinh doanh,Sales Admin,Nhân viên kinh doanh,E2|E3|E2t|E3t,"{""E2"": 10, ""E3"": 9, ""E2t"": 9, ""E3t"": 9}",4.5,4.75,4.0,4.0,False,False,4.0,2.0,4.0,0.0
nvkd_L4,b9bfe7161e749f6786d024f96c179e32,L4,Nhân viên kinh doanh,Chuyên Viên Marketing Sự Kiện B2B (Event Marketing & Business Matching),Nhân viên kinh doanh,E3,"{""E3"": 10}",6.5,5.75,6.0,5.3333,True,True,4.0,4.0,4.0,1.0
nvkd_L4b,4452046256928035257f7c6a152422cf,L4b,Nhân viên kinh doanh,Business Development - 5 Năm Kinh Nghiệm,Nhân viên kinh doanh,E1|E2|E3|E2t|E3t,"{""E1"": 3, ""E2"": 3, ""E3"": 1, ""E2t"": 4, ""E3t"": 3}",8.0,7.75,8.0,7.6667,True,True,1.0,1.0,3.0,2.0
nvkd_L4b,9481739b789f3ce8466b1350e9851ef0,L4b,Nhân viên kinh doanh,Nhân Viên Kinh Doanh/Sales Thị Trường _ 1 Năm Kinh Nghiệm _ Data Sẵn _ Thu Nhập Từ 30M Tại Hà Nội,Nhân viên kinh doanh,E1|E2|E2t|E3t,"{""E1"": 1, ""E2"": 6, ""E2t"": 1, ""E3t"": 1}",5.0,5.5,5.0,6.0,True,True,4.0,3.0,3.0,3.0
nvkd_L4b,b27dcc59505a6733fe18ec4de6f8ff2e,L4b,Nhân viên kinh doanh,Chuyên Viên Phát Triển Kinh Doanh,Nhân viên kinh doanh,E1|E2|E3|E2t|E3t,"{""E1"": 4, ""E2"": 1, ""E3"": 6, ""E2t"": 5, ""E3t"": 7}",7.5,7.5,7.0,7.3333,True,True,1.0,1.0,5.0,2.0
nvkd_L4b,3f7b80454232a0106db9c3d188c8c65b,L4b,Nhân viên kinh doanh,Business Development (Travel Tech - Tourism),Nhân viên kinh doanh,E2|E3|E2t|E3t,"{""E2"": 5, ""E3"": 2, ""E2t"": 7, ""E3t"": 9}",7.5,7.5,8.0,7.6667,True,True,1.0,1.0,2.0,2.0
nvkd_L4b,6a33ea0ac615f5b77a4c8a5df944ced7,L4b,Nhân viên kinh doanh,Chuyên Viên Phát Triển Kinh Doanh Thương Mại Dịch Vụ,Nhân viên kinh doanh,E1|E2|E3|E2t|E3t,"{""E1"": 6, ""E2"": 2, ""E3"": 8, ""E2t"": 6, ""E3t"": 10}",7.0,7.0,6.0,6.6667,True,True,2.0,2.0,3.0,1.0
nvkd_L4b,86c043c8fb7ddd7cbf3266a9bf070f11,L4b,Nhân viên kinh doanh,Sales Lead (BD),Nhân viên kinh doanh,E2t|E3t,"{""E2t"": 2, ""E3t"": 2}",6.0,6.0,6.0,6.3333,True,True,2.0,1.0,1.0,1.0
nvkd_L4b,c5d8b930fbf1da2a0f191a878da766af,L4b,Nhân viên kinh doanh,"Nhân Viên Kinh Doanh Phát Triển Thị Trường (Sales Rep), Lương Cứng 10 - 13 Triệu + Hoa Hồng, Phỏng Vấn Đi Làm Ngay",Nhân viên kinh doanh,E1|E2t|E3t,"{""E1"": 2, ""E2t"": 3, ""E3t"": 4}",6.0,5.75,5.0,5.3333,True,True,3.0,3.0,2.0,2.0
nvkd_L4b,40688ffa7f734137c591f2289eca304a,L4b,Nhân viên kinh doanh,Chuyên Viên Tư Vấn Giải Pháp Phần Mềm Enterprise,Nhân viên kinh doanh,E3|E3t,"{""E3"": 3, ""E3t"": 6}",7.0,7.0,7.0,7.0,True,True,0.0,0.0,3.0,2.0
nvkd_L4b,3ff41e8214c6c4cf2151a9b46988f0a2,L4b,Nhân viên kinh doanh,Presales,Nhân viên kinh doanh,E2|E3|E3t,"{""E2"": 9, ""E3"": 4, ""E3t"": 8}",6.0,5.75,6.0,5.6667,True,True,3.0,3.0,2.0,0.0
nvkd_L4b,f6966d58c808b307f5d46f0b27358349,L4b,Nhân viên kinh doanh,"Nhân Viên Kinh Doanh, Tư Vấn Phần Mềm/ Sale B2B (Nghỉ Thứ 7, Chủ Nhật, Thu Nhập 10 - 20M) Tại Hà Nội + HCM",Nhân viên kinh doanh,E1|E2|E3|E2t,"{""E1"": 9, ""E2"": 4, ""E3"": 7, ""E2t"": 9}",6.0,6.25,5.0,5.6667,True,True,3.0,2.0,7.0,7.0
nvkd_L4b,614717cbba504ca6867ce5002a80fe08,L4b,Nhân viên kinh doanh,IT Solution Sales (Senior),Nhân viên kinh doanh,E3t,"{""E3t"": 5}",5.5,5.25,6.0,5.3333,True,True,2.0,2.0,2.0,2.0
nvkd_L4b,6bac706ed4b81c274c7316b0a6eeeded,L4b,Nhân viên kinh doanh,"Nhân Viên Kinh Doanh B2B/Sales B2B Lĩnh Vực CNTT (Lương Cứng Từ 15 - 50 Triệu, Thu Nhập Trung Bình Từ 75 - 100 Triệu)",Nhân viên kinh doanh,E2|E3,"{""E2"": 10, ""E3"": 5}",7.0,7.0,7.0,7.0,True,True,2.0,2.0,2.0,2.0
nvkd_L4b,ff46f540aed4faba21f282497e3dcae5,L4b,Nhân viên kinh doanh,Chuyên Viên Cao Cấp Kinh Doanh Quảng Cáo – Khối Bán Hàng Qua Agency (Lương Cứng Up To 29M),Nhân viên kinh doanh,E1|E2t,"{""E1"": 5, ""E2t"": 10}",6.5,6.0,6.0,5.3333,True,True,5.0,4.0,3.0,1.0
nvkd_L4b,1cae9467d9193142619af250bd7dd1a7,L4b,Nhân viên kinh doanh,Sales Executive - LCB 15 - 20 Triệu,Nhân viên kinh doanh,E1,"{""E1"": 7}",6.5,5.75,6.0,5.3333,True,True,6.0,6.0,2.0,2.0
nvkd_L4b,e30c4b32e9d7f9af39ee3fa5c959b8f7,L4b,Nhân viên kinh doanh,Head Of The Representative Office,Nhân viên kinh doanh,E2,"{""E2"": 7}",5.0,5.25,5.0,5.3333,True,True,7.0,7.0,4.0,4.0
nvkd_L4b,1b7a70e52fd995f2d8b150d3459d17ad,L4b,Nhân viên kinh doanh,Chuyên Viên Cao Cấp KHDN Upper SME - Vùng Hà Nội 1 - TA170 - ID496,Nhân viên kinh doanh,E1,"{""E1"": 8}",8.0,7.5,8.0,7.3333,True,True,2.0,2.0,3.0,3.0
nvkd_L4b,644bada28f7ed25947b0d62217ce2652,L4b,Nhân viên kinh doanh,Head Of The Representative Office,Nhân viên kinh doanh,E1|E2,"{""E1"": 10, ""E2"": 8}",3.5,3.75,2.0,2.6667,False,False,6.0,4.0,4.0,1.0
nvkd_L4b,f6238a52435180210acdd42e0ec67300,L4b,Nhân viên kinh doanh,Sales (Warehouse Fulfillment Service),Nhân viên kinh doanh,E2t,"{""E2t"": 8}",7.5,7.5,7.0,7.3333,True,True,1.0,1.0,4.0,1.0
nvkd_L4b,5ac0d1a5e6dcd772830f63154c4efb03,L4b,Nhân viên kinh doanh,"Chuyên Viên Kinh Doanh B2B (Mảng Công Nghệ AI) / Từ 2 Năm Kinh Nghiệm / Lương Cứng 15 Triệu / Tại Quận 10 (Cũ) HCM Và Quận Nam Từ Liêm (Cũ), Hà Nội",Nhân viên kinh doanh,E3,"{""E3"": 9}",8.0,7.75,8.0,7.6667,True,True,1.0,1.0,3.0,2.0
nvkd_L4b,36251ec7203317b63405202c8ea57c49,L4b,Nhân viên kinh doanh,Kinh Doanh Kỹ Thuật/Sales Engineer B2B (1 Năm Đầu Không KPI) Tại Hồ Chí Minh & Hà Nội,Nhân viên kinh doanh,E3,"{""E3"": 10}",5.0,5.0,4.0,4.3333,True,False,4.0,3.0,5.0,2.0
nvkd_P,34265abc78e946c86b0fca885ec8eaf0,P,Nhân viên kinh doanh,Giáo Viên Tiếng Anh (Toeic - Giao Tiếp) - Full Time / Part Time,Giáo dục,E2|E3|E2t|E3t,"{""E2"": 1, ""E3"": 1, ""E2t"": 2, ""E3t"": 6}",2.5,2.75,3.0,3.3333,False,False,4.0,3.0,5.0,3.0
nvkd_P,fadbf9fddd686b0aba832143a92a3355,P,Nhân viên kinh doanh,Nhân Viên Chăm Sóc Khách Hàng,Chăm sóc khách hàng,E1|E2|E3|E2t|E3t,"{""E1"": 1, ""E2"": 2, ""E3"": 2, ""E2t"": 1, ""E3t"": 1}",4.0,4.0,3.0,3.3333,False,False,4.0,3.0,5.0,5.0
nvkd_P,a9ff50156c5c68869371e1ede3adf900,P,Nhân viên kinh doanh,Chuyên Viên Vật Lý (Lương 30 Triệu ++),Giáo dục,E1|E2|E3|E2t|E3t,"{""E1"": 2, ""E2"": 3, ""E3"": 4, ""E2t"": 3, ""E3t"": 3}",1.5,1.75,2.0,2.0,False,False,2.0,2.0,1.0,1.0
nvkd_P,e92fe0f25fadb955d7462df748dbfb0b,P,Nhân viên kinh doanh,Trưởng Nhóm Thiết Kế/Graphic Designer,Thiết kế đồ họa,E3|E3t,"{""E3"": 3, ""E3t"": 2}",1.5,1.5,2.0,1.6667,False,False,1.0,1.0,2.0,2.0
nvkd_P,7222c009019dbf5438a77e38fdcb9770,P,Nhân viên kinh doanh,Nhân Viên Kinh Doanh/ Nhân Viên Tư Vấn Tuyển Sinh/ Tư Vấn Khóa Học IELTS (Không Yêu Cầu Kinh Nghiệm Giáo Dục) - Lương 12 - 25 Triệu/Tháng,Nhân viên kinh doanh,E1|E2|E3|E2t|E3t,"{""E1"": 3, ""E2"": 5, ""E3"": 6, ""E2t"": 5, ""E3t"": 5}",4.5,4.5,4.0,4.3333,False,False,1.0,1.0,4.0,4.0
nvkd_P,124f4256f0d6a862038089b366463a3e,P,Nhân viên kinh doanh,"Nhân Viên Chăm Sóc Khách Hàng Hỗ Trợ Dịch Vụ (Ca Đêm) / Customer Service - Tiếng Anh Tốt, Thu Nhập Hấp Dẫn",Chăm sóc khách hàng,E1|E2|E3|E2t|E3t,"{""E1"": 4, ""E2"": 7, ""E3"": 8, ""E2t"": 7, ""E3t"": 8}",5.5,5.5,4.0,5.0,True,False,3.0,3.0,4.0,4.0
nvkd_P,bf6254db550b12c38e6d2eeb2ab57531,P,Nhân viên kinh doanh,Thiết Kế,Thiết kế đồ họa,E3|E3t,"{""E3"": 5, ""E3t"": 4}",2.0,2.0,2.0,2.0,False,False,2.0,2.0,4.0,4.0
nvkd_P,f86ea28fc8d31339288eaf3c5fff8780,P,Nhân viên kinh doanh,Chuyên Viên QUAN HỆ KHÁCH HÀNG CÁ NHÂN (THU NHẬP TỐT_ ĐÀO TẠO CÓ LƯƠNG),Ngân hàng,E2|E2t,"{""E2"": 4, ""E2t"": 4}",4.5,4.5,4.0,4.3333,False,False,3.0,3.0,7.0,7.0
nvkd_P,e2a95ee4eb1f005599ac4cbb23651694,P,Nhân viên kinh doanh,Nhân Viên Chăm Sóc Khách Hàng Kiêm Lễ Tân,Chăm sóc khách hàng,E1|E2|E3|E2t|E3t,"{""E1"": 5, ""E2"": 9, ""E3"": 9, ""E2t"": 9, ""E3t"": 9}",4.5,4.25,4.0,4.0,False,False,2.0,2.0,3.0,3.0
nvkd_P,26870ec9968ada148e1caede13eeea51,P,Nhân viên kinh doanh,Community Manager,Marketing,E2|E2t,"{""E2"": 6, ""E2t"": 6}",2.0,2.75,2.0,3.0,False,False,3.0,3.0,4.0,4.0
nvkd_P,720794ec272ac8e46040a471a59a7ec2,P,Nhân viên kinh doanh,Nhân Viên Lễ Tân (Giao Tiếp Tiếng Anh) - Thu Nhập Hấp Dẫn - Làm Việc Tại Phường Bình Chiểu Hồ Chí Minh,Hành chính nhân sự,E1,"{""E1"": 6}",4.0,4.25,4.0,4.6667,False,False,3.0,2.0,2.0,2.0
nvkd_P,6988fa91c747143a0cb8e04a1dc4bdaf,P,Nhân viên kinh doanh,Nhân Viên Thiết Kế [ Thu Nhập Upto 20 Triệu+++ Được Đào Tạo Bài Bản Từ Đầu...],IT,E3|E3t,"{""E3"": 7, ""E3t"": 7}",4.5,4.5,5.0,4.6667,False,True,3.0,3.0,2.0,2.0
nvkd_P,eadb10f792afb06bf250cdce60363583,P,Nhân viên kinh doanh,"Giám Sát Tuyển Sinh - Quản Lý Lớp Học - Sales Supervisor (Quảng Ngãi, Đà Nẵng, Long An) - Có Kinh Nghiệm Quản Lý Đội Nhóm",Telesales,E1,"{""E1"": 7}",4.5,4.5,3.0,3.6667,False,False,5.0,4.0,4.0,1.0
nvkd_P,12ada966cc6c022e21dd202477e5af9d,P,Nhân viên kinh doanh,Hành Chính Nhân Sự,Hành chính nhân sự,E2|E2t,"{""E2"": 8, ""E2t"": 8}",4.0,3.75,4.0,3.6667,False,False,3.0,3.0,1.0,1.0
nvkd_P,37908f0603e24219d1b931aa809ea5a8,P,Nhân viên kinh doanh,Nhân Viên Chăm Sóc Khách Hàng,Chăm sóc khách hàng,E1,"{""E1"": 8}",4.5,4.5,4.0,4.0,False,False,3.0,2.0,2.0,1.0
nvkd_P,285895e1e0f7af20a86453b5e2c7ed83,P,Nhân viên kinh doanh,Nhân Viên Chăm Sóc Khách Hàng,Chăm sóc khách hàng,E1,"{""E1"": 9}",4.5,4.5,4.0,4.3333,False,False,5.0,5.0,2.0,1.0
nvkd_P,3006e0f5298bde0c4e16a99ec0f96872,P,Nhân viên kinh doanh,Nhân Viên Chăm Sóc Khách Hàng - Telesales,Chăm sóc khách hàng,E2|E2t,"{""E2"": 10, ""E2t"": 10}",4.0,4.75,4.0,5.0,False,False,3.0,3.0,2.0,2.0
nvkd_P,30d04e5ddf720c6949a51fc7b218bf2b,P,Nhân viên kinh doanh,Nhân Viên Thiết Kế (Graphic Design),Thiết kế đồ họa,E3|E3t,"{""E3"": 10, ""E3t"": 10}",2.0,1.75,2.0,1.6667,False,False,1.0,1.0,7.0,7.0
nvkd_P,a4a067d01daa32bb7293f11bed773e80,P,Nhân viên kinh doanh,Chuyên Viên Tuyển Dụng Đào Tạo,Giáo dục,E1,"{""E1"": 10}",2.0,2.5,2.0,2.6667,False,False,2.0,2.0,2.0,1.0
nvkd_P2,124f4256f0d6a862038089b366463a3e,P2,Nhân viên kinh doanh,"Nhân Viên Chăm Sóc Khách Hàng Hỗ Trợ Dịch Vụ (Ca Đêm) / Customer Service - Tiếng Anh Tốt, Thu Nhập Hấp Dẫn",Chăm sóc khách hàng,E2|E3|E3t,"{""E2"": 5, ""E3"": 1, ""E3t"": 3}",6.0,6.0,6.0,5.6667,True,True,2.0,1.0,3.0,2.0
nvkd_P2,51b5cfeb8670f330525e422d0c6e13c4,P2,Nhân viên kinh doanh,Chuyên Viên Hành Chính Nhân Sự,Lao động phổ thông,E1|E2t|E3t,"{""E1"": 1, ""E2t"": 1, ""E3t"": 1}",2.5,2.75,2.0,2.6667,False,False,2.0,2.0,2.0,2.0
nvkd_P2,fadbf9fddd686b0aba832143a92a3355,P2,Nhân viên kinh doanh,Nhân Viên Chăm Sóc Khách Hàng,Chăm sóc khách hàng,E1|E2|E3|E2t|E3t,"{""E1"": 5, ""E2"": 1, ""E3"": 2, ""E2t"": 3, ""E3t"": 8}",6.5,6.5,6.0,6.3333,True,True,1.0,1.0,1.0,0.0
nvkd_P2,21e374ac9c4191dfb45bdc896cc76ac5,P2,Nhân viên kinh doanh,Nhân Viên Chăm Sóc Khách Hàng| Telesales,Chăm sóc khách hàng,E3t,"{""E3t"": 2}",4.0,4.25,4.0,4.3333,False,False,1.0,1.0,2.0,2.0
nvkd_P2,285895e1e0f7af20a86453b5e2c7ed83,P2,Nhân viên kinh doanh,Nhân Viên Chăm Sóc Khách Hàng,Chăm sóc khách hàng,E2|E3,"{""E2"": 2, ""E3"": 5}",6.5,6.5,6.0,6.3333,True,True,3.0,3.0,3.0,1.0
nvkd_P2,6fd0f53ce484ee83a6aa6bdd18a6a105,P2,Nhân viên kinh doanh,Trưởng Nhóm Bán Hàng Tại Điểm Giới Thiệu Dịch Vụ,Ngân hàng,E2t,"{""E2t"": 2}",3.0,3.0,3.0,3.0,False,False,2.0,2.0,1.0,1.0
nvkd_P2,7222c009019dbf5438a77e38fdcb9770,P2,Nhân viên kinh doanh,Nhân Viên Kinh Doanh/ Nhân Viên Tư Vấn Tuyển Sinh/ Tư Vấn Khóa Học IELTS (Không Yêu Cầu Kinh Nghiệm Giáo Dục) - Lương 12 - 25 Triệu/Tháng,Nhân viên kinh doanh,E1|E2t|E3t,"{""E1"": 2, ""E2t"": 4, ""E3t"": 4}",5.0,5.5,5.0,5.0,True,True,2.0,0.0,4.0,4.0
nvkd_P2,1b7a70e52fd995f2d8b150d3459d17ad,P2,Nhân viên kinh doanh,Chuyên Viên Cao Cấp KHDN Upper SME - Vùng Hà Nội 1 - TA170 - ID496,Nhân viên kinh doanh,E1|E2t|E3t,"{""E1"": 3, ""E2t"": 6, ""E3t"": 5}",5.0,4.75,5.0,4.6667,True,True,5.0,5.0,6.0,6.0
nvkd_P2,3006e0f5298bde0c4e16a99ec0f96872,P2,Nhân viên kinh doanh,Nhân Viên Chăm Sóc Khách Hàng - Telesales,Chăm sóc khách hàng,E2|E3|E3t,"{""E2"": 6, ""E3"": 3, ""E3t"": 7}",4.5,4.5,5.0,4.6667,False,True,1.0,1.0,1.0,1.0
nvkd_P2,76d2a8410752284eb02957c77fa75f6f,P2,Nhân viên kinh doanh,Quản Lý Quan Hệ Khách Hàng BĐS,Telesales,E2|E3,"{""E2"": 3, ""E3"": 6}",4.5,4.25,4.0,4.0,False,False,2.0,2.0,2.0,2.0
nvkd_P2,16617adf17ee61ed74e69e567aa545ca,P2,Nhân viên kinh doanh,Trưởng Phòng Kinh Doanh Bất Động Sản,Bất động sản,E1|E2t|E3t,"{""E1"": 4, ""E2t"": 7, ""E3t"": 9}",2.5,3.0,2.0,3.0,False,False,3.0,3.0,2.0,2.0
nvkd_P2,ab032c367029919b3e3d90cbb7ae3962,P2,Nhân viên kinh doanh,Trưởng Phòng Telesales,Telesales,E3,"{""E3"": 4}",2.0,2.0,2.0,2.0,False,False,0.0,0.0,2.0,2.0
nvkd_P2,d768176760a4009a3743ceb2ee19d16a,P2,Nhân viên kinh doanh,Nhân Viên Chăm Sóc Khách Hàng,Chăm sóc khách hàng,E2|E3|E2t,"{""E2"": 4, ""E3"": 7, ""E2t"": 9}",6.5,6.75,6.0,6.6667,True,True,2.0,2.0,2.0,1.0
nvkd_P2,198296ee52ac4c49231f4039e98fa0f9,P2,Nhân viên kinh doanh,Điều Hành Bán Hàng Sơn Trang Trí,Nhân viên kinh doanh,E2t,"{""E2t"": 5}",4.0,4.0,3.0,3.6667,False,False,2.0,2.0,1.0,0.0
nvkd_P2,393569e29b4b58bc0f81851017ed3cd8,P2,Nhân viên kinh doanh,"CHUYÊN VIÊN TƯ VẤN TÀI CHÍNH -SHINHAN BANK ( Pico Plaza, Phường Bảy Hiền)",Ngân hàng,E1|E2t,"{""E1"": 6, ""E2t"": 10}",5.5,5.75,5.0,5.3333,True,True,2.0,1.0,1.0,0.0
nvkd_P2,51fb67451de71946ad04170d4b428563,P2,Nhân viên kinh doanh,Chăm Sóc Khách Hàng - Sales Biết Tiếng Trung,Nhân viên kinh doanh,E3t,"{""E3t"": 6}",5.0,5.0,4.0,4.3333,True,False,4.0,3.0,1.0,1.0
nvkd_P2,289b97f4e91334ac90cc2cce346762ab,P2,Nhân viên kinh doanh,Nhân Viên Chăm Sóc Khách Hàng,Chăm sóc khách hàng,E2|E3,"{""E2"": 7, ""E3"": 9}",5.0,4.75,5.0,4.6667,True,True,1.0,1.0,2.0,2.0
nvkd_P2,8d41cf35ef40f32b5a3569ea3e374a9e,P2,Nhân viên kinh doanh,"Trưởng Phòng Tư Vấn Môi Trường (Nghỉ T7, Chủ Nhật)",Telesales,E1,"{""E1"": 7}",2.0,2.25,2.0,2.3333,False,False,3.0,3.0,3.0,1.0
nvkd_P2,180cb3864dc2ecf680ead994c23e90ba,P2,Nhân viên kinh doanh,Trưởng Phòng Vận Hành - Telesales (Lĩnh Vực Enabler/Logistic),Telesales,E3,"{""E3"": 8}",3.5,3.5,3.0,3.3333,False,False,3.0,3.0,2.0,1.0
nvkd_P2,6b103be81808213b770e11514c24315d,P2,Nhân viên kinh doanh,Nhân Viên Lễ Tân - Có 2 Năm Kinh Nghiệm - Có Tiếng Anh Tốt - Hồ Chí Minh,Lao động phổ thông,E1,"{""E1"": 8}",6.5,5.25,6.0,4.6667,True,True,6.0,6.0,8.0,7.0
nvkd_P2,809a9ba3497d5059ae1137b50f16a251,P2,Nhân viên kinh doanh,Nhân Viên Chăm Sóc Khách Hàng,Chăm sóc khách hàng,E2t,"{""E2t"": 8}",6.0,6.0,6.0,5.6667,True,True,2.0,1.0,3.0,2.0
nvkd_P2,952659106832a799ee22ef45bd252b0f,P2,Nhân viên kinh doanh,Nhân Viên Chăm Sóc Khách Hàng,Chăm sóc khách hàng,E2|E3,"{""E2"": 8, ""E3"": 10}",5.0,5.0,5.0,5.0,True,True,2.0,2.0,4.0,4.0
nvkd_P2,2654c16765c6815cbb4c23e53072cf5e,P2,Nhân viên kinh doanh,Nhân Viên Chăm Sóc Khách Hàng (Trà Nương) - Hồ Chí Minh,Chăm sóc khách hàng,E1,"{""E1"": 9}",6.5,6.25,6.0,6.0,True,True,4.0,4.0,3.0,2.0
nvkd_P2,2a2d604426767b782a443a4987a42188,P2,Nhân viên kinh doanh,Trade Marketing Manager,Marketing,E2,"{""E2"": 9}",2.0,2.0,2.0,1.6667,False,False,2.0,1.0,2.0,2.0
nvkd_P2,dbbe570cbac7540f1446442d7428cfd6,P2,Nhân viên kinh doanh,Nhân Viên Kinh Doanh / Tư Vấn Viên ̣̣̣KḤ ̣/ KHÔNG YÊU CẦU KINH NGHIỆM,Nhân viên kinh doanh,E1,"{""E1"": 10}",5.5,5.75,5.0,5.3333,True,True,2.0,1.0,4.0,4.0
nvkd_P2,eadb10f792afb06bf250cdce60363583,P2,Nhân viên kinh doanh,"Giám Sát Tuyển Sinh - Quản Lý Lớp Học - Sales Supervisor (Quảng Ngãi, Đà Nẵng, Long An) - Có Kinh Nghiệm Quản Lý Đội Nhóm",Telesales,E2,"{""E2"": 10}",5.0,5.0,5.0,5.0,True,True,2.0,2.0,4.0,2.0
nvkd_P2,f86ea28fc8d31339288eaf3c5fff8780,P2,Nhân viên kinh doanh,Chuyên Viên QUAN HỆ KHÁCH HÀNG CÁ NHÂN (THU NHẬP TỐT_ ĐÀO TẠO CÓ LƯƠNG),Ngân hàng,E3t,"{""E3t"": 10}",5.5,5.0,5.0,4.6667,True,True,3.0,3.0,1.0,1.0
tkdh_L1,b84990b66d9ce04a59ee69b8b9688a54,L1,Thiết kế đồ họa,Nhân Viên Thiết Kế,Thiết kế đồ họa,E1|E2|E3|E2t|E3t,"{""E1"": 3, ""E2"": 1, ""E3"": 4, ""E2t"": 4, ""E3t"": 5}",7.0,7.25,7.0,7.3333,True,True,1.0,1.0,4.0,4.0
tkdh_L1,bf6254db550b12c38e6d2eeb2ab57531,L1,Thiết kế đồ họa,Thiết Kế,Thiết kế đồ họa,E1|E2|E3|E2t|E3t,"{""E1"": 8, ""E2"": 3, ""E3"": 1, ""E2t"": 6, ""E3t"": 7}",7.5,7.5,7.0,7.3333,True,True,1.0,1.0,2.0,2.0
tkdh_L1,e0ad90e116b08e8764274ba7ea09fe4a,L1,Thiết kế đồ họa,Thực Tập Sinh Thiết Kế 2D,Thiết kế đồ họa,E1|E2t|E3t,"{""E1"": 1, ""E2t"": 1, ""E3t"": 1}",7.5,7.5,8.0,7.6667,True,True,1.0,1.0,0.0,0.0
tkdh_L1,20285ca7c269c57dc7ded392d0b11bcf,L1,Thiết kế đồ họa,Nhân Viên Thiết Kế - Designer (Thu Nhập Cơ Bản 15 Triệu+ ),Thiết kế đồ họa,E1|E2|E3|E2t|E3t,"{""E1"": 2, ""E2"": 2, ""E3"": 2, ""E2t"": 3, ""E3t"": 3}",6.5,6.5,6.0,6.3333,True,True,1.0,1.0,7.0,3.0
tkdh_L1,e92fe0f25fadb955d7462df748dbfb0b,L1,Thiết kế đồ họa,Trưởng Nhóm Thiết Kế/Graphic Designer,Thiết kế đồ họa,E2|E3|E2t|E3t,"{""E2"": 8, ""E3"": 10, ""E2t"": 2, ""E3t"": 2}",3.0,2.75,3.0,2.6667,False,False,1.0,1.0,3.0,1.0
tkdh_L1,9df577efe5261cd510c9073d4e050b03,L1,Thiết kế đồ họa,Senior Graphic Design (Visual Direction),Thiết kế đồ họa,E1|E3|E3t,"{""E1"": 7, ""E3"": 3, ""E3t"": 10}",3.0,3.25,3.0,3.3333,False,False,3.0,3.0,2.0,1.0
tkdh_L1,5ed9e18d69af2aa048ee38d92eea4224,L1,Thiết kế đồ họa,Senior Graphic Designer,Thiết kế đồ họa,E3|E3t,"{""E3"": 9, ""E3t"": 4}",2.5,2.5,3.0,2.6667,False,False,1.0,1.0,1.0,1.0
tkdh_L1,692497efbeb8c16e4bb1f0baa6526530,L1,Thiết kế đồ họa,Nhân Viên Thiết Kế,Thiết kế đồ họa,E1|E2|E2t|E3t,"{""E1"": 4, ""E2"": 4, ""E2t"": 7, ""E3t"": 8}",6.0,6.0,5.0,5.6667,True,True,2.0,2.0,5.0,4.0
tkdh_L1,12dd4df645e11aea3b0fdfe5b0e4d832,L1,Thiết kế đồ họa,Trưởng Nhóm Thiết Kế,Thiết kế đồ họa,E2|E3|E2t|E3t,"{""E2"": 7, ""E3"": 8, ""E2t"": 5, ""E3t"": 9}",2.0,2.0,2.0,1.6667,False,False,2.0,1.0,1.0,1.0
tkdh_L1,4ab78e0ba0dffbafac2a70c8ba295045,L1,Thiết kế đồ họa,Thiết Kế Đồ Họa/Graphic Design - Agency,Thiết kế đồ họa,E1|E2|E2t,"{""E1"": 10, ""E2"": 5, ""E2t"": 8}",6.5,6.25,6.0,6.0,True,True,2.0,2.0,6.0,3.0
tkdh_L1,9aa3e22ab0b348cc5d9cff3f0ae416f7,L1,Thiết kế đồ họa,Senior Graphic Designer,Thiết kế đồ họa,E1,"{""E1"": 5}",4.5,4.25,4.0,4.0,False,False,2.0,2.0,3.0,2.0
tkdh_L1,f621fce0cdfe58965fea01493079ca92,L1,Thiết kế đồ họa,Senior Graphic Designer,Thiết kế đồ họa,E2|E3|E2t|E3t,"{""E2"": 9, ""E3"": 5, ""E2t"": 10, ""E3t"": 6}",2.5,2.75,2.0,2.6667,False,False,2.0,2.0,1.0,1.0
tkdh_L1,b466f34050de5dcda0d9d5df29472312,L1,Thiết kế đồ họa,Nhân Viên Designer,Thiết kế đồ họa,E1|E2|E3|E2t,"{""E1"": 6, ""E2"": 6, ""E3"": 6, ""E2t"": 9}",8.0,7.75,8.0,7.6667,True,True,1.0,1.0,3.0,3.0
tkdh_L1,d55ab26e6fc4ad399587dc3110cb922c,L1,Thiết kế đồ họa,CTV Graphic Designer (Adsota),Thiết kế đồ họa,E1|E2|E3,"{""E1"": 9, ""E2"": 10, ""E3"": 7}",8.0,8.0,8.0,8.0,True,True,2.0,2.0,0.0,0.0
tkdh_L1b,20285ca7c269c57dc7ded392d0b11bcf,L1b,Thiết kế đồ họa,Nhân Viên Thiết Kế - Designer (Thu Nhập Cơ Bản 15 Triệu+ ),Thiết kế đồ họa,E1|E2|E3|E2t|E3t,"{""E1"": 2, ""E2"": 1, ""E3"": 2, ""E2t"": 3, ""E3t"": 3}",8.0,8.25,8.0,8.3333,True,True,1.0,1.0,3.0,3.0
tkdh_L1b,bf6254db550b12c38e6d2eeb2ab57531,L1b,Thiết kế đồ họa,Thiết Kế,Thiết kế đồ họa,E1|E2|E3|E2t|E3t,"{""E1"": 8, ""E2"": 3, ""E3"": 1, ""E2t"": 6, ""E3t"": 7}",8.0,7.75,8.0,7.6667,True,True,1.0,1.0,4.0,3.0
tkdh_L1b,e0ad90e116b08e8764274ba7ea09fe4a,L1b,Thiết kế đồ họa,Thực Tập Sinh Thiết Kế 2D,Thiết kế đồ họa,E1|E2t|E3t,"{""E1"": 1, ""E2t"": 1, ""E3t"": 1}",7.0,7.0,7.0,7.0,True,True,2.0,2.0,2.0,2.0
tkdh_L1b,b84990b66d9ce04a59ee69b8b9688a54,L1b,Thiết kế đồ họa,Nhân Viên Thiết Kế,Thiết kế đồ họa,E1|E2|E3|E2t|E3t,"{""E1"": 3, ""E2"": 2, ""E3"": 4, ""E2t"": 4, ""E3t"": 5}",8.0,7.5,8.0,7.3333,True,True,2.0,2.0,5.0,4.0
tkdh_L1b,e92fe0f25fadb955d7462df748dbfb0b,L1b,Thiết kế đồ họa,Trưởng Nhóm Thiết Kế/Graphic Designer,Thiết kế đồ họa,E2|E3|E2t|E3t,"{""E2"": 8, ""E3"": 10, ""E2t"": 2, ""E3t"": 2}",4.0,3.75,4.0,3.6667,False,False,3.0,3.0,2.0,2.0
tkdh_L1b,9df577efe5261cd510c9073d4e050b03,L1b,Thiết kế đồ họa,Senior Graphic Design (Visual Direction),Thiết kế đồ họa,E1|E3|E3t,"{""E1"": 7, ""E3"": 3, ""E3t"": 10}",3.0,3.25,3.0,3.3333,False,False,1.0,1.0,1.0,1.0
tkdh_L1b,5ed9e18d69af2aa048ee38d92eea4224,L1b,Thiết kế đồ họa,Senior Graphic Designer,Thiết kế đồ họa,E3|E3t,"{""E3"": 9, ""E3t"": 4}",4.0,3.75,4.0,4.0,False,False,1.0,0.0,0.0,0.0
tkdh_L1b,692497efbeb8c16e4bb1f0baa6526530,L1b,Thiết kế đồ họa,Nhân Viên Thiết Kế,Thiết kế đồ họa,E1|E2|E2t|E3t,"{""E1"": 4, ""E2"": 4, ""E2t"": 7, ""E3t"": 8}",7.0,7.0,7.0,7.3333,True,True,2.0,1.0,3.0,3.0
tkdh_L1b,12dd4df645e11aea3b0fdfe5b0e4d832,L1b,Thiết kế đồ họa,Trưởng Nhóm Thiết Kế,Thiết kế đồ họa,E2|E3|E2t|E3t,"{""E2"": 7, ""E3"": 8, ""E2t"": 5, ""E3t"": 9}",3.0,3.5,3.0,3.6667,False,False,2.0,2.0,0.0,0.0
tkdh_L1b,4ab78e0ba0dffbafac2a70c8ba295045,L1b,Thiết kế đồ họa,Thiết Kế Đồ Họa/Graphic Design - Agency,Thiết kế đồ họa,E1|E2|E2t,"{""E1"": 10, ""E2"": 5, ""E2t"": 8}",8.0,8.25,8.0,8.3333,True,True,1.0,1.0,1.0,0.0
tkdh_L1b,9aa3e22ab0b348cc5d9cff3f0ae416f7,L1b,Thiết kế đồ họa,Senior Graphic Designer,Thiết kế đồ họa,E1|E2t,"{""E1"": 5, ""E2t"": 10}",5.0,5.5,5.0,5.6667,True,True,2.0,2.0,2.0,2.0
tkdh_L1b,f621fce0cdfe58965fea01493079ca92,L1b,Thiết kế đồ họa,Senior Graphic Designer,Thiết kế đồ họa,E2|E3|E3t,"{""E2"": 9, ""E3"": 5, ""E3t"": 6}",3.0,3.25,3.0,3.3333,False,False,3.0,3.0,1.0,1.0
tkdh_L1b,b466f34050de5dcda0d9d5df29472312,L1b,Thiết kế đồ họa,Nhân Viên Designer,Thiết kế đồ họa,E1|E2|E3|E2t,"{""E1"": 6, ""E2"": 6, ""E3"": 6, ""E2t"": 9}",8.0,7.25,8.0,7.0,True,True,3.0,3.0,3.0,3.0
tkdh_L1b,d55ab26e6fc4ad399587dc3110cb922c,L1b,Thiết kế đồ họa,CTV Graphic Designer (Adsota),Thiết kế đồ họa,E1|E2|E3,"{""E1"": 9, ""E2"": 10, ""E3"": 7}",8.0,8.0,8.0,8.0,True,True,2.0,2.0,2.0,2.0
tkdh_L2,9df577efe5261cd510c9073d4e050b03,L2,Thiết kế đồ họa,Senior Graphic Design (Visual Direction),Thiết kế đồ họa,E1|E2|E3|E2t|E3t,"{""E1"": 1, ""E2"": 6, ""E3"": 3, ""E2t"": 3, ""E3t"": 1}",4.5,4.5,4.0,4.3333,False,False,1.0,1.0,2.0,1.0
tkdh_L2,bf6254db550b12c38e6d2eeb2ab57531,L2,Thiết kế đồ họa,Thiết Kế,Thiết kế đồ họa,E1|E2|E3|E2t|E3t,"{""E1"": 2, ""E2"": 1, ""E3"": 1, ""E2t"": 1, ""E3t"": 3}",8.0,8.0,8.0,8.0,True,True,2.0,2.0,3.0,2.0
tkdh_L2,e92fe0f25fadb955d7462df748dbfb0b,L2,Thiết kế đồ họa,Trưởng Nhóm Thiết Kế/Graphic Designer,Thiết kế đồ họa,E1|E2|E3|E2t|E3t,"{""E1"": 6, ""E2"": 2, ""E3"": 4, ""E2t"": 2, ""E3t"": 2}",4.5,4.0,4.0,3.6667,False,False,3.0,3.0,3.0,1.0
tkdh_L2,f621fce0cdfe58965fea01493079ca92,L2,Thiết kế đồ họa,Senior Graphic Designer,Thiết kế đồ họa,E1|E2|E3|E2t|E3t,"{""E1"": 3, ""E2"": 3, ""E3"": 2, ""E2t"": 4, ""E3t"": 4}",4.0,4.25,4.0,4.3333,False,False,1.0,1.0,1.0,1.0
tkdh_L2,12dd4df645e11aea3b0fdfe5b0e4d832,L2,Thiết kế đồ họa,Trưởng Nhóm Thiết Kế,Thiết kế đồ họa,E1|E2|E3|E2t|E3t,"{""E1"": 4, ""E2"": 4, ""E3"": 6, ""E2t"": 5, ""E3t"": 6}",3.0,3.25,3.0,3.3333,False,False,3.0,3.0,1.0,1.0
tkdh_L2,5ed9e18d69af2aa048ee38d92eea4224,L2,Thiết kế đồ họa,Senior Graphic Designer,Thiết kế đồ họa,E1|E2|E3|E2t|E3t,"{""E1"": 5, ""E2"": 5, ""E3"": 5, ""E2t"": 6, ""E3t"": 5}",4.5,4.5,4.0,4.3333,False,False,1.0,1.0,2.0,1.0
tkdh_L2,20285ca7c269c57dc7ded392d0b11bcf,L2,Thiết kế đồ họa,Nhân Viên Thiết Kế - Designer (Thu Nhập Cơ Bản 15 Triệu+ ),Thiết kế đồ họa,E2|E3|E2t,"{""E2"": 8, ""E3"": 10, ""E2t"": 7}",8.0,8.25,8.0,8.3333,True,True,1.0,1.0,3.0,3.0
tkdh_L2,30d04e5ddf720c6949a51fc7b218bf2b,L2,Thiết kế đồ họa,Nhân Viên Thiết Kế (Graphic Design),Thiết kế đồ họa,E3|E3t,"{""E3"": 7, ""E3t"": 7}",7.5,7.75,8.0,8.0,True,True,2.0,2.0,1.0,1.0
tkdh_L2,6f7971fa4d0818af848fe7ceed9ba899,L2,Thiết kế đồ họa,Chuyên Viên Thiết Kế Đồ Họa,Thiết kế đồ họa,E2|E3|E2t,"{""E2"": 7, ""E3"": 9, ""E2t"": 8}",6.0,5.75,6.0,6.3333,True,True,3.0,1.0,3.0,1.0
tkdh_L2,fb5b8c2dfdecb8e2567fb6c031d60738,L2,Thiết kế đồ họa,Media Producer Kiêm Graphic Designer (Thu Nhập 18 - 22 Triệu) Đi Làm Ngay Tại Hà Nội,Thiết kế đồ họa,E1|E3t,"{""E1"": 7, ""E3t"": 10}",5.5,5.5,6.0,5.6667,True,True,3.0,3.0,3.0,2.0
tkdh_L2,80e4e9e1f78f4a14a5a1b0dfa34fb691,L2,Thiết kế đồ họa,Senior Graphic Designer / Chuyên Viên Thiết Kế Đồ Họa,Thiết kế đồ họa,E3t,"{""E3t"": 8}",6.0,6.0,6.0,5.6667,True,True,2.0,1.0,3.0,3.0
tkdh_L2,e9fe912f02d2bddb03146c5a4e3bfe09,L2,Thiết kế đồ họa,Graphic Designer (Fashion),Thiết kế đồ họa,E3,"{""E3"": 8}",7.0,6.75,7.0,6.6667,True,True,3.0,3.0,1.0,1.0
tkdh_L2,eda9771c2a7cd59f14eec79e198d78d3,L2,Thiết kế đồ họa,Chuyên Viên Thiết Kế,Thiết kế đồ họa,E1|E3t,"{""E1"": 8, ""E3t"": 9}",7.0,6.75,7.0,6.6667,True,True,1.0,1.0,2.0,2.0
tkdh_L2,18d28c0af17203fb9f9e0157c26ca981,L2,Thiết kế đồ họa,Thực Tập Sinh Thiết Kế Đồ Họa,Thiết kế đồ họa,E1|E2|E2t,"{""E1"": 9, ""E2"": 9, ""E2t"": 10}",8.0,7.25,8.0,7.0,True,True,5.0,5.0,5.0,5.0
tkdh_L2,b84990b66d9ce04a59ee69b8b9688a54,L2,Thiết kế đồ họa,Nhân Viên Thiết Kế,Thiết kế đồ họa,E2|E2t,"{""E2"": 10, ""E2t"": 9}",8.0,7.25,8.0,7.0,True,True,3.0,3.0,2.0,2.0
tkdh_L2,e0ad90e116b08e8764274ba7ea09fe4a,L2,Thiết kế đồ họa,Thực Tập Sinh Thiết Kế 2D,Thiết kế đồ họa,E1,"{""E1"": 10}",7.5,7.25,7.0,7.0,True,True,2.0,2.0,2.0,2.0
tkdh_L2b,bf6254db550b12c38e6d2eeb2ab57531,L2b,Thiết kế đồ họa,Thiết Kế,Thiết kế đồ họa,E1|E2|E3|E2t|E3t,"{""E1"": 3, ""E2"": 1, ""E3"": 2, ""E2t"": 3, ""E3t"": 4}",7.5,7.25,7.0,7.0,True,True,2.0,2.0,4.0,0.0
tkdh_L2b,c0b4026180b4d0ffbdd592c09d665265,L2b,Thiết kế đồ họa,Thực Tập Sinh Graphic Designer,Thiết kế đồ họa,E1|E2|E3|E2t|E3t,"{""E1"": 1, ""E2"": 4, ""E3"": 7, ""E2t"": 1, ""E3t"": 2}",8.0,7.25,8.0,7.0,True,True,3.0,3.0,6.0,5.0
tkdh_L2b,e92fe0f25fadb955d7462df748dbfb0b,L2b,Thiết kế đồ họa,Trưởng Nhóm Thiết Kế/Graphic Designer,Thiết kế đồ họa,E1|E2|E3|E2t|E3t,"{""E1"": 7, ""E2"": 2, ""E3"": 3, ""E2t"": 2, ""E3t"": 1}",6.0,6.0,6.0,5.6667,True,True,2.0,1.0,1.0,1.0
tkdh_L2b,f621fce0cdfe58965fea01493079ca92,L2b,Thiết kế đồ họa,Senior Graphic Designer,Thiết kế đồ họa,E1|E2|E3|E2t|E3t,"{""E1"": 4, ""E2"": 3, ""E3"": 1, ""E2t"": 5, ""E3t"": 3}",6.0,5.75,6.0,6.0,True,True,1.0,0.0,1.0,1.0
tkdh_L2b,9df577efe5261cd510c9073d4e050b03,L2b,Thiết kế đồ họa,Senior Graphic Design (Visual Direction),Thiết kế đồ họa,E1|E2|E3|E2t|E3t,"{""E1"": 2, ""E2"": 6, ""E3"": 4, ""E2t"": 4, ""E3t"": 5}",5.0,5.25,5.0,5.3333,True,True,1.0,1.0,1.0,1.0
tkdh_L2b,12dd4df645e11aea3b0fdfe5b0e4d832,L2b,Thiết kế đồ họa,Trưởng Nhóm Thiết Kế,Thiết kế đồ họa,E1|E2|E3|E2t|E3t,"{""E1"": 5, ""E2"": 5, ""E3"": 6, ""E2t"": 6, ""E3t"": 7}",5.0,5.25,5.0,5.3333,True,True,1.0,1.0,1.0,1.0
tkdh_L2b,5ed9e18d69af2aa048ee38d92eea4224,L2b,Thiết kế đồ họa,Senior Graphic Designer,Thiết kế đồ họa,E1|E2|E3|E2t|E3t,"{""E1"": 6, ""E2"": 7, ""E3"": 5, ""E2t"": 9, ""E3t"": 6}",6.0,6.0,6.0,6.0,True,True,2.0,2.0,1.0,1.0
tkdh_L2b,9aa3e22ab0b348cc5d9cff3f0ae416f7,L2b,Thiết kế đồ họa,Senior Graphic Designer,Thiết kế đồ họa,E2|E3|E2t,"{""E2"": 8, ""E3"": 9, ""E2t"": 7}",7.5,7.5,8.0,7.6667,True,True,1.0,1.0,1.0,1.0
tkdh_L2b,10b93834f7f82eeb4a2ef5ba910cb1a4,L2b,Thiết kế đồ họa,Graphic Designer,Thiết kế đồ họa,E2t,"{""E2t"": 8}",8.5,8.5,9.0,8.6667,True,True,1.0,1.0,1.0,1.0
tkdh_L2b,30d04e5ddf720c6949a51fc7b218bf2b,L2b,Thiết kế đồ họa,Nhân Viên Thiết Kế (Graphic Design),Thiết kế đồ họa,E3|E3t,"{""E3"": 8, ""E3t"": 8}",8.0,7.75,8.0,7.6667,True,True,1.0,1.0,2.0,2.0
tkdh_L2b,fb5b8c2dfdecb8e2567fb6c031d60738,L2b,Thiết kế đồ họa,Media Producer Kiêm Graphic Designer (Thu Nhập 18 - 22 Triệu) Đi Làm Ngay Tại Hà Nội,Thiết kế đồ họa,E1,"{""E1"": 8}",6.0,6.25,6.0,6.3333,True,True,1.0,1.0,1.0,1.0
tkdh_L2b,6f7971fa4d0818af848fe7ceed9ba899,L2b,Thiết kế đồ họa,Chuyên Viên Thiết Kế Đồ Họa,Thiết kế đồ họa,E2,"{""E2"": 9}",6.0,6.25,6.0,6.3333,True,True,1.0,1.0,2.0,1.0
tkdh_L2b,80e4e9e1f78f4a14a5a1b0dfa34fb691,L2b,Thiết kế đồ họa,Senior Graphic Designer / Chuyên Viên Thiết Kế Đồ Họa,Thiết kế đồ họa,E3t,"{""E3t"": 9}",7.5,7.0,7.0,6.6667,True,True,3.0,3.0,4.0,3.0
tkdh_L2b,eda9771c2a7cd59f14eec79e198d78d3,L2b,Thiết kế đồ họa,Chuyên Viên Thiết Kế,Thiết kế đồ họa,E1|E3t,"{""E1"": 9, ""E3t"": 10}",7.5,7.25,8.0,7.3333,True,True,2.0,2.0,3.0,3.0
tkdh_L2b,18d28c0af17203fb9f9e0157c26ca981,L2b,Thiết kế đồ họa,Thực Tập Sinh Thiết Kế Đồ Họa,Thiết kế đồ họa,E1,"{""E1"": 10}",7.0,6.5,6.0,6.0,True,True,4.0,4.0,6.0,3.0
tkdh_L2b,20285ca7c269c57dc7ded392d0b11bcf,L2b,Thiết kế đồ họa,Nhân Viên Thiết Kế - Designer (Thu Nhập Cơ Bản 15 Triệu+ ),Thiết kế đồ họa,E2,"{""E2"": 10}",8.0,8.0,8.0,8.0,True,True,2.0,2.0,2.0,2.0
tkdh_L2b,834d74bfee9778d5504f1aeb2ef2af94,L2b,Thiết kế đồ họa,Graphic Designer (Full-Time),Thiết kế đồ họa,E2t,"{""E2t"": 10}",8.5,8.5,9.0,8.6667,True,True,1.0,1.0,1.0,1.0
tkdh_L2b,e9fe912f02d2bddb03146c5a4e3bfe09,L2b,Thiết kế đồ họa,Graphic Designer (Fashion),Thiết kế đồ họa,E3,"{""E3"": 10}",7.5,7.25,7.0,7.0,True,True,2.0,2.0,1.0,1.0
tkdh_L3,07af0c9dd66d2dbf5436e8dd52c2627d,L3,Thiết kế đồ họa,UI/UX Design - Dự Án Banking,Thiết kế đồ họa,E1|E2|E3|E2t|E3t,"{""E1"": 1, ""E2"": 9, ""E3"": 8, ""E2t"": 1, ""E3t"": 1}",5.5,5.5,6.0,5.6667,True,True,3.0,3.0,3.0,3.0
tkdh_L3,92abe1aa87d3004de012f93b7c214a0a,L3,Thiết kế đồ họa,UI Game Artist,Thiết kế đồ họa,E1|E2|E3|E2t|E3t,"{""E1"": 2, ""E2"": 1, ""E3"": 7, ""E2t"": 3, ""E3t"": 4}",7.0,7.25,7.0,7.3333,True,True,1.0,1.0,2.0,0.0
tkdh_L3,9df577efe5261cd510c9073d4e050b03,L3,Thiết kế đồ họa,Senior Graphic Design (Visual Direction),Thiết kế đồ họa,E1|E2|E3|E2t|E3t,"{""E1"": 3, ""E2"": 3, ""E3"": 1, ""E2t"": 5, ""E3t"": 3}",7.0,7.0,7.0,7.0,True,True,2.0,2.0,3.0,3.0
tkdh_L3,97bae4f6c391f35ae8a7be11f9c02165,L3,Thiết kế đồ họa,UI/UX Designer,Thiết kế đồ họa,E1|E2|E3|E2t|E3t,"{""E1"": 4, ""E2"": 2, ""E3"": 3, ""E2t"": 4, ""E3t"": 7}",7.5,7.5,8.0,7.6667,True,True,3.0,3.0,3.0,3.0
tkdh_L3,e92fe0f25fadb955d7462df748dbfb0b,L3,Thiết kế đồ họa,Trưởng Nhóm Thiết Kế/Graphic Designer,Thiết kế đồ họa,E2|E3|E2t|E3t,"{""E2"": 6, ""E3"": 4, ""E2t"": 2, ""E3t"": 2}",6.5,6.75,6.0,6.6667,True,True,2.0,2.0,3.0,3.0
tkdh_L3,f621fce0cdfe58965fea01493079ca92,L3,Thiết kế đồ họa,Senior Graphic Designer,Thiết kế đồ họa,E1|E2|E3|E2t|E3t,"{""E1"": 5, ""E2"": 4, ""E3"": 2, ""E2t"": 8, ""E3t"": 5}",7.0,6.75,7.0,6.6667,True,True,1.0,1.0,1.0,1.0
tkdh_L3,12dd4df645e11aea3b0fdfe5b0e4d832,L3,Thiết kế đồ họa,Trưởng Nhóm Thiết Kế,Thiết kế đồ họa,E1|E2|E3|E2t|E3t,"{""E1"": 9, ""E2"": 5, ""E3"": 5, ""E2t"": 7, ""E3t"": 9}",6.0,6.0,6.0,6.0,True,True,2.0,2.0,2.0,2.0
tkdh_L3,5ed9e18d69af2aa048ee38d92eea4224,L3,Thiết kế đồ họa,Senior Graphic Designer,Thiết kế đồ họa,E3t,"{""E3t"": 6}",7.0,7.25,7.0,7.3333,True,True,1.0,1.0,3.0,3.0
tkdh_L3,bf6254db550b12c38e6d2eeb2ab57531,L3,Thiết kế đồ họa,Thiết Kế,Thiết kế đồ họa,E2|E3|E2t|E3t,"{""E2"": 7, ""E3"": 6, ""E2t"": 6, ""E3t"": 8}",7.0,6.75,6.0,6.3333,True,True,3.0,3.0,6.0,6.0
tkdh_L3,eb8c913d4bacb8aae5baef003fdd40ff,L3,Thiết kế đồ họa,3D Design Manager,Thiết kế đồ họa,E1|E3t,"{""E1"": 6, ""E3t"": 10}",4.5,4.0,4.0,3.6667,False,False,3.0,3.0,1.0,1.0
tkdh_L3,57962418bf293be571daa776d9946b16,L3,Thiết kế đồ họa,Nhân Viên UI/UX Designer,Thiết kế đồ họa,E1|E3|E2t,"{""E1"": 7, ""E3"": 10, ""E2t"": 10}",7.5,7.0,8.0,7.0,True,True,3.0,3.0,4.0,4.0
tkdh_L3,a1c9cc5043c150be6754df8450ee3e49,L3,Thiết kế đồ họa,Cộng Tác Viên (Freelancer) Thiết Kế UX/UI,Thiết kế đồ họa,E1|E2|E2t,"{""E1"": 8, ""E2"": 8, ""E2t"": 9}",7.0,7.5,7.0,7.6667,True,True,2.0,2.0,4.0,3.0
tkdh_L3,30d04e5ddf720c6949a51fc7b218bf2b,L3,Thiết kế đồ họa,Nhân Viên Thiết Kế (Graphic Design),Thiết kế đồ họa,E3,"{""E3"": 9}",7.5,7.25,7.0,7.0,True,True,2.0,2.0,4.0,4.0
tkdh_L3,6f7971fa4d0818af848fe7ceed9ba899,L3,Thiết kế đồ họa,Chuyên Viên Thiết Kế Đồ Họa,Thiết kế đồ họa,E2,"{""E2"": 10}",7.0,7.25,7.0,7.3333,True,True,1.0,1.0,4.0,4.0
tkdh_L3,7aebcd953eb834e1954996b3b995de5b,L3,Thiết kế đồ họa,UI/UX Designer,Thiết kế đồ họa,E1,"{""E1"": 10}",7.0,7.0,7.0,7.0,True,True,2.0,2.0,3.0,2.0
tkdh_L3b,12dd4df645e11aea3b0fdfe5b0e4d832,L3b,Thiết kế đồ họa,Trưởng Nhóm Thiết Kế,Thiết kế đồ họa,E1|E2|E3|E2t|E3t,"{""E1"": 2, ""E2"": 1, ""E3"": 2, ""E2t"": 1, ""E3t"": 4}",7.5,7.25,8.0,7.3333,True,True,2.0,2.0,3.0,3.0
tkdh_L3b,bf6254db550b12c38e6d2eeb2ab57531,L3b,Thiết kế đồ họa,Thiết Kế,Thiết kế đồ họa,E2|E3|E2t|E3t,"{""E2"": 4, ""E3"": 6, ""E2t"": 2, ""E3t"": 1}",7.0,6.75,6.0,6.3333,True,True,3.0,3.0,7.0,3.0
tkdh_L3b,e92fe0f25fadb955d7462df748dbfb0b,L3b,Thiết kế đồ họa,Trưởng Nhóm Thiết Kế/Graphic Designer,Thiết kế đồ họa,E1|E2|E3|E2t|E3t,"{""E1"": 5, ""E2"": 2, ""E3"": 1, ""E2t"": 4, ""E3t"": 3}",8.0,7.5,8.0,7.3333,True,True,2.0,2.0,3.0,3.0
tkdh_L3b,fb5b8c2dfdecb8e2567fb6c031d60738,L3b,Thiết kế đồ họa,Media Producer Kiêm Graphic Designer (Thu Nhập 18 - 22 Triệu) Đi Làm Ngay Tại Hà Nội,Thiết kế đồ họa,E1|E2t|E3t,"{""E1"": 1, ""E2t"": 3, ""E3t"": 2}",8.0,7.75,8.0,7.6667,True,True,1.0,1.0,2.0,1.0
tkdh_L3b,f621fce0cdfe58965fea01493079ca92,L3b,Thiết kế đồ họa,Senior Graphic Designer,Thiết kế đồ họa,E1|E2|E3|E2t|E3t,"{""E1"": 3, ""E2"": 3, ""E3"": 3, ""E2t"": 5, ""E3t"": 5}",7.5,7.25,8.0,7.3333,True,True,2.0,2.0,3.0,3.0
tkdh_L3b,30d04e5ddf720c6949a51fc7b218bf2b,L3b,Thiết kế đồ họa,Nhân Viên Thiết Kế (Graphic Design),Thiết kế đồ họa,E2|E3|E3t,"{""E2"": 6, ""E3"": 4, ""E3t"": 6}",6.5,6.5,6.0,6.0,True,True,3.0,2.0,4.0,4.0
tkdh_L3b,e9fe912f02d2bddb03146c5a4e3bfe09,L3b,Thiết kế đồ họa,Graphic Designer (Fashion),Thiết kế đồ họa,E1|E2|E3|E2t|E3t,"{""E1"": 4, ""E2"": 7, ""E3"": 7, ""E2t"": 6, ""E3t"": 7}",7.5,7.25,7.0,7.0,True,True,2.0,2.0,3.0,3.0
tkdh_L3b,9df577efe5261cd510c9073d4e050b03,L3b,Thiết kế đồ họa,Senior Graphic Design (Visual Direction),Thiết kế đồ họa,E1|E2|E3|E2t|E3t,"{""E1"": 6, ""E2"": 5, ""E3"": 5, ""E2t"": 7, ""E3t"": 8}",7.5,7.0,7.0,6.6667,True,True,3.0,3.0,4.0,4.0
tkdh_L3b,66bd50e40809fd957181478e6fd22221,L3b,Thiết kế đồ họa,Senior Graphic Designer Có Kinh Nghiệm Trong Nha Khoa Thẩm Mỹ,Thiết kế đồ họa,E1|E2t,"{""E1"": 7, ""E2t"": 9}",6.5,6.0,6.0,5.6667,True,True,3.0,3.0,7.0,6.0
tkdh_L3b,b84990b66d9ce04a59ee69b8b9688a54,L3b,Thiết kế đồ họa,Nhân Viên Thiết Kế,Thiết kế đồ họa,E2|E2t,"{""E2"": 8, ""E2t"": 8}",7.0,6.25,6.0,5.6667,True,True,5.0,5.0,5.0,5.0
tkdh_L3b,e02f87a0fe8dc1c18b5b960cc91e0674,L3b,Thiết kế đồ họa,Chuyên Viên Thiết Kế Đồ Họa Tại Trung Tâm Nha Trang |Thu Nhập Từ 16 Triệu | Ưu Tiên Đi Làm Ngay,Thiết kế đồ họa,E1,"{""E1"": 8}",8.0,8.0,8.0,8.0,True,True,2.0,2.0,3.0,3.0
tkdh_L3b,eb8c913d4bacb8aae5baef003fdd40ff,L3b,Thiết kế đồ họa,3D Design Manager,Thiết kế đồ họa,E1|E3,"{""E1"": 9, ""E3"": 8}",4.0,4.25,3.0,3.3333,False,False,5.0,3.0,6.0,5.0
tkdh_L3b,08510d8e78076a023e05cdb360202c9a,L3b,Thiết kế đồ họa,Graphic Designer,Thiết kế đồ họa,E3,"{""E3"": 9}",8.0,8.25,8.0,8.3333,True,True,1.0,1.0,2.0,2.0
tkdh_L3b,57eed38d478aba690e87a00f0bd04061,L3b,Thiết kế đồ họa,Nhân Viên Thiết Kế,Thiết kế đồ họa,E2|E3,"{""E2"": 9, ""E3"": 10}",8.0,7.75,8.0,7.6667,True,True,1.0,1.0,3.0,2.0
tkdh_L3b,5ed9e18d69af2aa048ee38d92eea4224,L3b,Thiết kế đồ họa,Senior Graphic Designer,Thiết kế đồ họa,E2t|E3t,"{""E2t"": 10, ""E3t"": 9}",8.0,7.75,8.0,8.0,True,True,1.0,0.0,1.0,1.0
tkdh_L3b,221b24e5a4bcfc7d97fd6b80efd926a7,L3b,Thiết kế đồ họa,Designer,Thiết kế đồ họa,E3t,"{""E3t"": 10}",8.0,7.75,8.0,7.6667,True,True,1.0,1.0,5.0,5.0
tkdh_L3b,6f7971fa4d0818af848fe7ceed9ba899,L3b,Thiết kế đồ họa,Chuyên Viên Thiết Kế Đồ Họa,Thiết kế đồ họa,E1|E2,"{""E1"": 10, ""E2"": 10}",8.5,8.5,9.0,8.6667,True,True,1.0,1.0,1.0,0.0
tkdh_L4,07af0c9dd66d2dbf5436e8dd52c2627d,L4,Thiết kế đồ họa,UI/UX Design - Dự Án Banking,Thiết kế đồ họa,E1|E3|E2t|E3t,"{""E1"": 1, ""E3"": 6, ""E2t"": 3, ""E3t"": 2}",8.0,7.75,8.0,7.6667,True,True,3.0,3.0,1.0,0.0
tkdh_L4,12dd4df645e11aea3b0fdfe5b0e4d832,L4,Thiết kế đồ họa,Trưởng Nhóm Thiết Kế,Thiết kế đồ họa,E1|E2|E3|E2t|E3t,"{""E1"": 2, ""E2"": 1, ""E3"": 1, ""E2t"": 1, ""E3t"": 3}",8.5,8.5,9.0,8.6667,True,True,1.0,1.0,1.0,1.0
tkdh_L4,e92fe0f25fadb955d7462df748dbfb0b,L4,Thiết kế đồ họa,Trưởng Nhóm Thiết Kế/Graphic Designer,Thiết kế đồ họa,E1|E2|E3|E2t|E3t,"{""E1"": 10, ""E2"": 2, ""E3"": 3, ""E2t"": 2, ""E3t"": 1}",9.0,8.75,9.0,8.6667,True,True,1.0,1.0,1.0,0.0
tkdh_L4,9df577efe5261cd510c9073d4e050b03,L4,Thiết kế đồ họa,Senior Graphic Design (Visual Direction),Thiết kế đồ họa,E1|E2|E3|E2t|E3t,"{""E1"": 3, ""E2"": 3, ""E3"": 2, ""E2t"": 4, ""E3t"": 4}",9.0,8.75,9.0,8.6667,True,True,1.0,1.0,2.0,2.0
tkdh_L4,e9fe912f02d2bddb03146c5a4e3bfe09,L4,Thiết kế đồ họa,Graphic Designer (Fashion),Thiết kế đồ họa,E1|E2|E3|E2t|E3t,"{""E1"": 4, ""E2"": 8, ""E3"": 7, ""E2t"": 7, ""E3t"": 8}",7.5,7.5,7.0,7.3333,True,True,1.0,1.0,3.0,3.0
tkdh_L4,f621fce0cdfe58965fea01493079ca92,L4,Thiết kế đồ họa,Senior Graphic Designer,Thiết kế đồ họa,E1|E2|E3|E2t|E3t,"{""E1"": 8, ""E2"": 4, ""E3"": 4, ""E2t"": 6, ""E3t"": 6}",9.0,8.75,9.0,8.6667,True,True,1.0,1.0,1.0,0.0
tkdh_L4,5ed9e18d69af2aa048ee38d92eea4224,L4,Thiết kế đồ họa,Senior Graphic Designer,Thiết kế đồ họa,E3t,"{""E3t"": 5}",9.0,9.0,9.0,9.0,True,True,0.0,0.0,2.0,1.0
tkdh_L4,97bae4f6c391f35ae8a7be11f9c02165,L4,Thiết kế đồ họa,UI/UX Designer,Thiết kế đồ họa,E1|E2|E3|E2t|E3t,"{""E1"": 6, ""E2"": 5, ""E3"": 5, ""E2t"": 8, ""E3t"": 7}",7.5,7.5,7.0,7.3333,True,True,1.0,1.0,2.0,1.0
tkdh_L4,bf6254db550b12c38e6d2eeb2ab57531,L4,Thiết kế đồ họa,Thiết Kế,Thiết kế đồ họa,E2t|E3t,"{""E2t"": 5, ""E3t"": 9}",6.5,6.75,6.0,6.0,True,True,4.0,2.0,6.0,1.0
tkdh_L4,fb5b8c2dfdecb8e2567fb6c031d60738,L4,Thiết kế đồ họa,Media Producer Kiêm Graphic Designer (Thu Nhập 18 - 22 Triệu) Đi Làm Ngay Tại Hà Nội,Thiết kế đồ họa,E1|E3t,"{""E1"": 5, ""E3t"": 10}",8.0,8.0,8.0,8.0,True,True,0.0,0.0,2.0,1.0
tkdh_L4,92abe1aa87d3004de012f93b7c214a0a,L4,Thiết kế đồ họa,UI Game Artist,Thiết kế đồ họa,E1|E2|E3|E2t,"{""E1"": 7, ""E2"": 6, ""E3"": 9, ""E2t"": 9}",7.0,6.75,6.0,6.3333,True,True,3.0,3.0,4.0,2.0
tkdh_L4,08510d8e78076a023e05cdb360202c9a,L4,Thiết kế đồ họa,Graphic Designer,Thiết kế đồ họa,E2|E3,"{""E2"": 7, ""E3"": 8}",8.5,8.5,8.0,8.3333,True,True,1.0,1.0,2.0,2.0
tkdh_L4,30d04e5ddf720c6949a51fc7b218bf2b,L4,Thiết kế đồ họa,Nhân Viên Thiết Kế (Graphic Design),Thiết kế đồ họa,E2|E3,"{""E2"": 9, ""E3"": 10}",6.5,6.75,6.0,6.3333,True,True,2.0,1.0,7.0,2.0
tkdh_L4,eb8c913d4bacb8aae5baef003fdd40ff,L4,Thiết kế đồ họa,3D Design Manager,Thiết kế đồ họa,E1,"{""E1"": 9}",4.5,5.0,4.0,4.0,False,False,5.0,2.0,6.0,4.0
tkdh_L4,221b24e5a4bcfc7d97fd6b80efd926a7,L4,Thiết kế đồ họa,Designer,Thiết kế đồ họa,E2t,"{""E2t"": 10}",7.5,7.75,7.0,7.3333,True,True,2.0,1.0,7.0,3.0
tkdh_L4,6f7971fa4d0818af848fe7ceed9ba899,L4,Thiết kế đồ họa,Chuyên Viên Thiết Kế Đồ Họa,Thiết kế đồ họa,E2,"{""E2"": 10}",8.0,8.25,8.0,8.3333,True,True,1.0,1.0,3.0,2.0
tkdh_L4b,07af0c9dd66d2dbf5436e8dd52c2627d,L4b,Thiết kế đồ họa,UI/UX Design - Dự Án Banking,Thiết kế đồ họa,E1|E3|E2t|E3t,"{""E1"": 1, ""E3"": 6, ""E2t"": 1, ""E3t"": 1}",8.0,7.75,8.0,7.6667,True,True,1.0,1.0,1.0,1.0
tkdh_L4b,12dd4df645e11aea3b0fdfe5b0e4d832,L4b,Thiết kế đồ họa,Trưởng Nhóm Thiết Kế,Thiết kế đồ họa,E1|E2|E3|E2t|E3t,"{""E1"": 3, ""E2"": 1, ""E3"": 1, ""E2t"": 3, ""E3t"": 3}",8.5,8.5,9.0,8.6667,True,True,1.0,1.0,2.0,2.0
tkdh_L4b,bf6254db550b12c38e6d2eeb2ab57531,L4b,Thiết kế đồ họa,Thiết Kế,Thiết kế đồ họa,E2|E3|E2t|E3t,"{""E2"": 6, ""E3"": 7, ""E2t"": 2, ""E3t"": 2}",6.0,5.5,5.0,5.0,True,True,6.0,6.0,2.0,2.0
tkdh_L4b,e92fe0f25fadb955d7462df748dbfb0b,L4b,Thiết kế đồ họa,Trưởng Nhóm Thiết Kế/Graphic Designer,Thiết kế đồ họa,E1|E2|E3|E2t|E3t,"{""E1"": 8, ""E2"": 2, ""E3"": 2, ""E2t"": 6, ""E3t"": 4}",9.0,8.75,9.0,9.0,True,True,1.0,0.0,1.0,1.0
tkdh_L4b,fb5b8c2dfdecb8e2567fb6c031d60738,L4b,Thiết kế đồ họa,Media Producer Kiêm Graphic Designer (Thu Nhập 18 - 22 Triệu) Đi Làm Ngay Tại Hà Nội,Thiết kế đồ họa,E1|E2t|E3t,"{""E1"": 2, ""E2t"": 4, ""E3t"": 5}",8.0,8.0,8.0,8.0,True,True,0.0,0.0,2.0,2.0
tkdh_L4b,f621fce0cdfe58965fea01493079ca92,L4b,Thiết kế đồ họa,Senior Graphic Designer,Thiết kế đồ họa,E1|E2|E3|E2t|E3t,"{""E1"": 6, ""E2"": 3, ""E3"": 3, ""E2t"": 7, ""E3t"": 8}",9.0,8.75,9.0,8.6667,True,True,1.0,1.0,2.0,2.0
tkdh_L4b,97bae4f6c391f35ae8a7be11f9c02165,L4b,Thiết kế đồ họa,UI/UX Designer,Thiết kế đồ họa,E1|E2|E3|E2t|E3t,"{""E1"": 4, ""E2"": 5, ""E3"": 4, ""E2t"": 9, ""E3t"": 7}",8.0,8.0,8.0,8.0,True,True,2.0,2.0,2.0,0.0
tkdh_L4b,9df577efe5261cd510c9073d4e050b03,L4b,Thiết kế đồ họa,Senior Graphic Design (Visual Direction),Thiết kế đồ họa,E1|E2|E3|E2t|E3t,"{""E1"": 5, ""E2"": 4, ""E3"": 5, ""E2t"": 8, ""E3t"": 9}",9.0,9.0,9.0,9.0,True,True,0.0,0.0,1.0,0.0
tkdh_L4b,097a4436ce3426623535af2a0470d937,L4b,Thiết kế đồ họa,Nhân Viên Design,Thiết kế đồ họa,E2t,"{""E2t"": 5}",6.5,6.5,6.0,6.0,True,True,3.0,2.0,7.0,7.0
tkdh_L4b,221b24e5a4bcfc7d97fd6b80efd926a7,L4b,Thiết kế đồ họa,Designer,Thiết kế đồ họa,E2t|E3t,"{""E2t"": 10, ""E3t"": 6}",7.5,7.5,7.0,7.0,True,True,3.0,2.0,6.0,6.0
tkdh_L4b,92abe1aa87d3004de012f93b7c214a0a,L4b,Thiết kế đồ họa,UI Game Artist,Thiết kế đồ họa,E1|E2,"{""E1"": 10, ""E2"": 7}",7.0,6.75,7.0,6.3333,True,True,3.0,2.0,4.0,2.0
tkdh_L4b,e9fe912f02d2bddb03146c5a4e3bfe09,L4b,Thiết kế đồ họa,Graphic Designer (Fashion),Thiết kế đồ họa,E1|E2,"{""E1"": 7, ""E2"": 9}",7.0,7.0,7.0,7.0,True,True,2.0,2.0,3.0,3.0
tkdh_L4b,30d04e5ddf720c6949a51fc7b218bf2b,L4b,Thiết kế đồ họa,Nhân Viên Thiết Kế (Graphic Design),Thiết kế đồ họa,E2|E3|E3t,"{""E2"": 8, ""E3"": 8, ""E3t"": 10}",6.5,6.75,6.0,6.3333,True,True,2.0,1.0,7.0,7.0
tkdh_L4b,57962418bf293be571daa776d9946b16,L4b,Thiết kế đồ họa,Nhân Viên UI/UX Designer,Thiết kế đồ họa,E3,"{""E3"": 9}",7.5,7.5,6.0,7.0,True,True,3.0,3.0,4.0,3.0
tkdh_L4b,eb8c913d4bacb8aae5baef003fdd40ff,L4b,Thiết kế đồ họa,3D Design Manager,Thiết kế đồ họa,E1|E3,"{""E1"": 9, ""E3"": 10}",5.5,5.75,5.0,5.0,True,True,4.0,2.0,4.0,3.0
tkdh_L4b,08510d8e78076a023e05cdb360202c9a,L4b,Thiết kế đồ họa,Graphic Designer,Thiết kế đồ họa,E2,"{""E2"": 10}",8.0,8.25,8.0,8.0,True,True,1.0,0.0,3.0,1.0
tkdh_P,34265abc78e946c86b0fca885ec8eaf0,P,Thiết kế đồ họa,Giáo Viên Tiếng Anh (Toeic - Giao Tiếp) - Full Time / Part Time,Giáo dục,E2|E3|E3t,"{""E2"": 1, ""E3"": 1, ""E3t"": 8}",2.0,2.25,2.0,2.6667,False,False,3.0,2.0,6.0,6.0
tkdh_P,fadbf9fddd686b0aba832143a92a3355,P,Thiết kế đồ họa,Nhân Viên Chăm Sóc Khách Hàng,Chăm sóc khách hàng,E1|E2|E3|E2t|E3t,"{""E1"": 1, ""E2"": 4, ""E3"": 3, ""E2t"": 1, ""E3t"": 1}",4.0,4.25,3.0,4.0,False,False,5.0,5.0,3.0,3.0
tkdh_P,21e374ac9c4191dfb45bdc896cc76ac5,P,Thiết kế đồ họa,Nhân Viên Chăm Sóc Khách Hàng| Telesales,Chăm sóc khách hàng,E3|E2t|E3t,"{""E3"": 4, ""E2t"": 10, ""E3t"": 2}",4.5,4.0,4.0,3.6667,False,False,3.0,3.0,3.0,3.0
tkdh_P,a9ff50156c5c68869371e1ede3adf900,P,Thiết kế đồ họa,Chuyên Viên Vật Lý (Lương 30 Triệu ++),Giáo dục,E1|E2|E3|E2t|E3t,"{""E1"": 2, ""E2"": 6, ""E3"": 5, ""E2t"": 3, ""E3t"": 3}",1.5,1.75,2.0,2.0,False,False,2.0,2.0,2.0,2.0
tkdh_P,b177e6ea995d45835a248c54124fa95b,P,Thiết kế đồ họa,Trợ Lý Kinh Doanh (Thành Thạo Tiếng Trung),Hành chính nhân sự,E2|E3,"{""E2"": 2, ""E3"": 2}",4.0,4.0,4.0,3.6667,False,False,2.0,1.0,3.0,3.0
tkdh_P,f86ea28fc8d31339288eaf3c5fff8780,P,Thiết kế đồ họa,Chuyên Viên QUAN HỆ KHÁCH HÀNG CÁ NHÂN (THU NHẬP TỐT_ ĐÀO TẠO CÓ LƯƠNG),Ngân hàng,E2|E3|E2t|E3t,"{""E2"": 5, ""E3"": 6, ""E2t"": 2, ""E3t"": 4}",3.5,4.0,4.0,4.3333,False,False,5.0,5.0,9.0,9.0
tkdh_P,7222c009019dbf5438a77e38fdcb9770,P,Thiết kế đồ họa,Nhân Viên Kinh Doanh/ Nhân Viên Tư Vấn Tuyển Sinh/ Tư Vấn Khóa Học IELTS (Không Yêu Cầu Kinh Nghiệm Giáo Dục) - Lương 12 - 25 Triệu/Tháng,Nhân viên kinh doanh,E1|E2|E3|E2t|E3t,"{""E1"": 3, ""E2"": 8, ""E3"": 7, ""E2t"": 5, ""E3t"": 5}",5.0,4.5,5.0,4.3333,True,True,2.0,2.0,5.0,5.0
tkdh_P,c0adf6af387f0c93812d71c82966c596,P,Thiết kế đồ họa,"Chuyên Viên Kế Toán/Senior Accountant – Thu Nhập Cao, Phúc Lợi Tốt – Từ 2 Năm Kinh Nghiệm, Có Hỗ Trợ Cơm Trưa",Kế toán,E2,"{""E2"": 3}",3.5,3.5,5.0,4.0,False,True,3.0,3.0,2.0,2.0
tkdh_P,124f4256f0d6a862038089b366463a3e,P,Thiết kế đồ họa,"Nhân Viên Chăm Sóc Khách Hàng Hỗ Trợ Dịch Vụ (Ca Đêm) / Customer Service - Tiếng Anh Tốt, Thu Nhập Hấp Dẫn",Chăm sóc khách hàng,E1|E2|E3|E2t|E3t,"{""E1"": 4, ""E2"": 10, ""E3"": 9, ""E2t"": 7, ""E3t"": 7}",4.0,4.25,3.0,3.6667,False,False,3.0,2.0,9.0,6.0
tkdh_P,94a6b71a0ae7e1e55b653c217511b8f8,P,Thiết kế đồ họa,"Trưởng Nhóm Tư Vấn Định Cư, Đầu Tư (Ưu Tiên Châu Âu)",Giáo dục,E2|E2t,"{""E2"": 7, ""E2t"": 4}",2.5,2.75,2.0,2.6667,False,False,2.0,2.0,10.0,6.0
tkdh_P,e2a95ee4eb1f005599ac4cbb23651694,P,Thiết kế đồ họa,Nhân Viên Chăm Sóc Khách Hàng Kiêm Lễ Tân,Chăm sóc khách hàng,E1|E2t|E3t,"{""E1"": 5, ""E2t"": 9, ""E3t"": 10}",4.5,4.5,3.0,4.0,False,False,3.0,3.0,2.0,1.0
tkdh_P,3006e0f5298bde0c4e16a99ec0f96872,P,Thiết kế đồ họa,Nhân Viên Chăm Sóc Khách Hàng - Telesales,Chăm sóc khách hàng,E3|E3t,"{""E3"": 8, ""E3t"": 6}",3.5,4.0,3.0,4.0,False,False,3.0,3.0,2.0,2.0
tkdh_P,b55df244d55b2a7b6e1f01de7f251dfa,P,Thiết kế đồ họa,Senior Sales Closer (Vietnamese & English-Speaking) — Fast Track To Team Lead,Giáo dục,E2|E2t,"{""E2"": 9, ""E2t"": 6}",2.0,2.5,2.0,2.6667,False,False,4.0,4.0,5.0,5.0
tkdh_P,fa6559da44c6fef3e7ad327ac49988a7,P,Thiết kế đồ họa,Nhân Viên Chăm Sóc Khách Hàng Tiếng Anh - Không Yêu Cầu Kinh Nghiệm - Thu Nhập 15 - 23 Triệu - Tại HCM,Chăm sóc khách hàng,E1,"{""E1"": 6}",5.0,4.5,4.0,4.0,True,False,4.0,4.0,2.0,2.0
tkdh_P,158c8fc83b4db02b2ba03290c1137618,P,Thiết kế đồ họa,Chuyên Viên Nhân Sự Tổng Hợp,Hành chính nhân sự,E1,"{""E1"": 7}",3.0,3.75,3.0,4.0,False,False,3.0,3.0,2.0,1.0
tkdh_P,0d65cefc0b4acd8aacf298fbf1bee9cf,P,Thiết kế đồ họa,Trưởng Nhóm Telesale,Telesales,E2t,"{""E2t"": 8}",2.5,3.0,2.0,3.0,False,False,3.0,3.0,1.0,1.0
tkdh_P,720794ec272ac8e46040a471a59a7ec2,P,Thiết kế đồ họa,Nhân Viên Lễ Tân (Giao Tiếp Tiếng Anh) - Thu Nhập Hấp Dẫn - Làm Việc Tại Phường Bình Chiểu Hồ Chí Minh,Hành chính nhân sự,E1,"{""E1"": 8}",3.0,3.25,3.0,3.3333,False,False,3.0,3.0,2.0,2.0
tkdh_P,b75c29ff985ee7ce4fa03cc2424b37c7,P,Thiết kế đồ họa,Trưởng Nhóm Phát Triển Kinh Doanh- SPX Express (Hà Nội),Telesales,E3|E3t,"{""E3"": 10, ""E3t"": 9}",3.0,3.25,3.0,3.3333,False,False,1.0,1.0,1.0,0.0
tkdh_P,eadb10f792afb06bf250cdce60363583,P,Thiết kế đồ họa,"Giám Sát Tuyển Sinh - Quản Lý Lớp Học - Sales Supervisor (Quảng Ngãi, Đà Nẵng, Long An) - Có Kinh Nghiệm Quản Lý Đội Nhóm",Telesales,E1,"{""E1"": 9}",4.0,4.0,3.0,3.6667,False,False,2.0,2.0,3.0,3.0
tkdh_P,393569e29b4b58bc0f81851017ed3cd8,P,Thiết kế đồ họa,"CHUYÊN VIÊN TƯ VẤN TÀI CHÍNH -SHINHAN BANK ( Pico Plaza, Phường Bảy Hiền)",Ngân hàng,E1,"{""E1"": 10}",5.0,4.25,5.0,4.0,True,True,3.0,3.0,0.0,0.0
tkdh_P2,613fd65415eda01837f3b2294a899242,P2,Thiết kế đồ họa,Kế Toán Nhập Liệu _ Không Yêu Cầu Kinh Nghiệm,Kế toán,E2|E3|E3t,"{""E2"": 5, ""E3"": 1, ""E3t"": 4}",4.5,5.0,5.0,5.6667,False,True,5.0,4.0,4.0,4.0
tkdh_P2,b177e6ea995d45835a248c54124fa95b,P2,Thiết kế đồ họa,Trợ Lý Kinh Doanh (Thành Thạo Tiếng Trung),Hành chính nhân sự,E2|E3|E2t|E3t,"{""E2"": 1, ""E3"": 2, ""E2t"": 2, ""E3t"": 2}",3.5,3.5,3.0,3.3333,False,False,3.0,3.0,10.0,9.0
tkdh_P2,fadbf9fddd686b0aba832143a92a3355,P2,Thiết kế đồ họa,Nhân Viên Chăm Sóc Khách Hàng,Chăm sóc khách hàng,E1|E2|E3|E2t|E3t,"{""E1"": 1, ""E2"": 9, ""E3"": 4, ""E2t"": 1, ""E3t"": 1}",6.0,5.75,6.0,5.6667,True,True,3.0,3.0,3.0,3.0
tkdh_P2,34265abc78e946c86b0fca885ec8eaf0,P2,Thiết kế đồ họa,Giáo Viên Tiếng Anh (Toeic - Giao Tiếp) - Full Time / Part Time,Giáo dục,E2,"{""E2"": 2}",2.0,2.25,2.0,2.3333,False,False,3.0,3.0,7.0,7.0
tkdh_P2,a9ff50156c5c68869371e1ede3adf900,P2,Thiết kế đồ họa,Chuyên Viên Vật Lý (Lương 30 Triệu ++),Giáo dục,E1|E2|E3|E2t|E3t,"{""E1"": 2, ""E2"": 10, ""E3"": 5, ""E2t"": 3, ""E3t"": 3}",1.0,1.5,1.0,1.6667,False,False,2.0,2.0,1.0,1.0
tkdh_P2,0cdd6c68590a2a14aca6c9241784eaee,P2,Thiết kế đồ họa,Nhân Viên Hành Chính Văn Phòng,Hành chính nhân sự,E2,"{""E2"": 3}",6.0,6.25,6.0,6.3333,True,True,1.0,1.0,2.0,2.0
tkdh_P2,4947c04e57c5f23bc02d633024589ab6,P2,Thiết kế đồ họa,Trưởng Phòng Hành Chính Nhân Sự,Hành chính nhân sự,E2|E3,"{""E2"": 8, ""E3"": 3}",3.0,3.25,3.0,3.6667,False,False,3.0,2.0,3.0,3.0
tkdh_P2,7222c009019dbf5438a77e38fdcb9770,P2,Thiết kế đồ họa,Nhân Viên Kinh Doanh/ Nhân Viên Tư Vấn Tuyển Sinh/ Tư Vấn Khóa Học IELTS (Không Yêu Cầu Kinh Nghiệm Giáo Dục) - Lương 12 - 25 Triệu/Tháng,Nhân viên kinh doanh,E1|E3|E2t|E3t,"{""E1"": 3, ""E3"": 6, ""E2t"": 5, ""E3t"": 5}",5.5,5.5,6.0,5.6667,True,True,3.0,3.0,4.0,4.0
tkdh_P2,124f4256f0d6a862038089b366463a3e,P2,Thiết kế đồ họa,"Nhân Viên Chăm Sóc Khách Hàng Hỗ Trợ Dịch Vụ (Ca Đêm) / Customer Service - Tiếng Anh Tốt, Thu Nhập Hấp Dẫn",Chăm sóc khách hàng,E1|E3|E2t|E3t,"{""E1"": 4, ""E3"": 8, ""E2t"": 7, ""E3t"": 7}",5.5,5.0,5.0,4.6667,True,True,3.0,3.0,4.0,2.0
tkdh_P2,8b66d5f347292912c56ea3a07c519889,P2,Thiết kế đồ họa,Nhân Viên Hành Chính - Lễ Tân,Hành chính nhân sự,E2,"{""E2"": 4}",5.0,5.0,5.0,5.0,True,True,0.0,0.0,3.0,3.0
tkdh_P2,94a6b71a0ae7e1e55b653c217511b8f8,P2,Thiết kế đồ họa,"Trưởng Nhóm Tư Vấn Định Cư, Đầu Tư (Ưu Tiên Châu Âu)",Giáo dục,E2t,"{""E2t"": 4}",4.0,4.5,5.0,5.0,False,True,4.0,4.0,6.0,4.0
tkdh_P2,e2a95ee4eb1f005599ac4cbb23651694,P2,Thiết kế đồ họa,Nhân Viên Chăm Sóc Khách Hàng Kiêm Lễ Tân,Chăm sóc khách hàng,E1|E3|E2t|E3t,"{""E1"": 5, ""E3"": 10, ""E2t"": 9, ""E3t"": 9}",5.0,5.5,4.0,5.3333,True,False,4.0,4.0,2.0,2.0
tkdh_P2,393569e29b4b58bc0f81851017ed3cd8,P2,Thiết kế đồ họa,"CHUYÊN VIÊN TƯ VẤN TÀI CHÍNH -SHINHAN BANK ( Pico Plaza, Phường Bảy Hiền)",Ngân hàng,E1,"{""E1"": 6}",5.5,5.5,5.0,5.0,True,True,3.0,2.0,1.0,0.0
tkdh_P2,a150d85738fbdc3f02a5822e0d2f4f6e,P2,Thiết kế đồ họa,Nhân Viên Nhân Sự (Quản Lý Cán Bộ),Hành chính nhân sự,E3|E2t|E3t,"{""E3"": 7, ""E2t"": 6, ""E3t"": 6}",3.0,3.75,3.0,4.0,False,False,3.0,3.0,1.0,1.0
tkdh_P2,f8efd4f2428268672be73753c4270382,P2,Thiết kế đồ họa,Nhân Viên Tư Vấn Khóa Học- Tiếng Trung Giao Tiếp,Giáo dục,E2,"{""E2"": 6}",5.0,4.5,5.0,5.0,True,True,2.0,0.0,5.0,4.0
tkdh_P2,9f2d45f1294b319b6d1f538ef826c883,P2,Thiết kế đồ họa,Phụ Trách Phát Triển Đại Lý,Bất động sản,E2,"{""E2"": 7}",3.5,3.25,3.0,3.0,False,False,2.0,2.0,1.0,1.0
tkdh_P2,fa6559da44c6fef3e7ad327ac49988a7,P2,Thiết kế đồ họa,Nhân Viên Chăm Sóc Khách Hàng Tiếng Anh - Không Yêu Cầu Kinh Nghiệm - Thu Nhập 15 - 23 Triệu - Tại HCM,Chăm sóc khách hàng,E1,"{""E1"": 7}",6.5,6.5,6.0,6.3333,True,True,3.0,3.0,4.0,4.0
tkdh_P2,158c8fc83b4db02b2ba03290c1137618,P2,Thiết kế đồ họa,Chuyên Viên Nhân Sự Tổng Hợp,Hành chính nhân sự,E1,"{""E1"": 8}",3.5,3.5,5.0,4.0,False,True,3.0,3.0,6.0,5.0
tkdh_P2,64b1e71dea663d996c04cab49eb142c6,P2,Thiết kế đồ họa,Nhân Viên Nhân Sự Tổng Hợp,Hành chính nhân sự,E2t,"{""E2t"": 8}",3.5,3.25,4.0,3.3333,False,False,2.0,2.0,6.0,3.0
tkdh_P2,bf6254db550b12c38e6d2eeb2ab57531,P2,Thiết kế đồ họa,Thiết Kế,Thiết kế đồ họa,E3|E3t,"{""E3"": 9, ""E3t"": 8}",2.5,2.75,2.0,2.0,False,False,4.0,2.0,7.0,3.0
tkdh_P2,720794ec272ac8e46040a471a59a7ec2,P2,Thiết kế đồ họa,Nhân Viên Lễ Tân (Giao Tiếp Tiếng Anh) - Thu Nhập Hấp Dẫn - Làm Việc Tại Phường Bình Chiểu Hồ Chí Minh,Hành chính nhân sự,E1,"{""E1"": 9}",4.0,4.0,5.0,4.3333,False,True,2.0,2.0,4.0,3.0
tkdh_P2,6572f5aed5d6331a76898e2c9341a476,P2,Thiết kế đồ họa,Thực Tập Sinh Vận Hành Robot Và Kiểm Soát Chất Lượng Data,IT,E3t,"{""E3t"": 10}",4.5,4.5,4.0,4.3333,False,False,5.0,5.0,6.0,5.0
tkdh_P2,b55df244d55b2a7b6e1f01de7f251dfa,P2,Thiết kế đồ họa,Senior Sales Closer (Vietnamese & English-Speaking) — Fast Track To Team Lead,Giáo dục,E2t,"{""E2t"": 10}",3.0,3.25,4.0,3.6667,False,False,3.0,3.0,3.0,3.0
tkdh_P2,eadb10f792afb06bf250cdce60363583,P2,Thiết kế đồ họa,"Giám Sát Tuyển Sinh - Quản Lý Lớp Học - Sales Supervisor (Quảng Ngãi, Đà Nẵng, Long An) - Có Kinh Nghiệm Quản Lý Đội Nhóm",Telesales,E1,"{""E1"": 10}",5.5,5.5,6.0,5.6667,True,True,1.0,1.0,2.0,2.0
ts_L1,0d65cefc0b4acd8aacf298fbf1bee9cf,L1,Telesales,Trưởng Nhóm Telesale,Telesales,E1|E2|E3|E2t|E3t,"{""E1"": 5, ""E2"": 1, ""E3"": 3, ""E2t"": 3, ""E3t"": 8}",3.0,3.0,3.0,3.0,False,False,2.0,2.0,1.0,1.0
ts_L1,0ed1cc4151bf92b65014634657020dba,L1,Telesales,Omni-Channel Sales & Marketing Leader,Telesales,E1|E2|E3|E2t|E3t,"{""E1"": 9, ""E2"": 2, ""E3"": 1, ""E2t"": 1, ""E3t"": 10}",2.5,2.75,2.0,2.6667,False,False,2.0,2.0,3.0,2.0
ts_L1,eadb10f792afb06bf250cdce60363583,L1,Telesales,"Giám Sát Tuyển Sinh - Quản Lý Lớp Học - Sales Supervisor (Quảng Ngãi, Đà Nẵng, Long An) - Có Kinh Nghiệm Quản Lý Đội Nhóm",Telesales,E1|E2|E2t|E3t,"{""E1"": 1, ""E2"": 4, ""E2t"": 2, ""E3t"": 1}",3.5,3.5,3.0,3.3333,False,False,1.0,1.0,4.0,3.0
ts_L1,07e3efc642ab8e9d311ffb48920a762b,L1,Telesales,"Senior Education Advisor / Consultant / Chuyên Viên Tư Vấn Tuyển Sinh (Bình Thạnh, Thủ Đức)",Telesales,E1|E2t|E3t,"{""E1"": 2, ""E2t"": 4, ""E3t"": 3}",3.5,3.75,3.0,3.3333,False,False,2.0,1.0,3.0,2.0
ts_L1,44a8b5071db930754bf950d2441ff6bf,L1,Telesales,Chuyên Viên Kinh Doanh B2B / Inside Sales B2B / Sale Online – Thiết Bị Mạng & Camera (Yêu Cầu Tiếng Trung) | Lương + Bonus Cạnh Tranh,Telesales,E2|E3|E2t|E3t,"{""E2"": 9, ""E3"": 4, ""E2t"": 5, ""E3t"": 2}",2.0,2.75,2.0,2.0,False,False,3.0,0.0,8.0,3.0
ts_L1,597407c8cc98c7530826cd53a71c7714,L1,Telesales,Leader Kinh Doanh,Telesales,E1|E2|E3|E2t|E3t,"{""E1"": 3, ""E2"": 3, ""E3"": 2, ""E2t"": 6, ""E3t"": 5}",2.0,2.25,2.0,2.3333,False,False,1.0,1.0,1.0,1.0
ts_L1,84d7d60ba9343c2e81708112b822eb91,L1,Telesales,Nhân Viên Telesales / Trực Page - Thu Nhập 10 - 20 Triệu,Telesales,E1|E3|E2t|E3t,"{""E1"": 4, ""E3"": 5, ""E2t"": 8, ""E3t"": 6}",4.0,4.0,4.0,4.0,False,False,0.0,0.0,10.0,5.0
ts_L1,93e9a15dd156f5b7d1b21f793b44fb8b,L1,Telesales,Sales Manager (B2B SaaS/Technology Solution),Telesales,E3|E3t,"{""E3"": 6, ""E3t"": 4}",2.0,2.0,2.0,2.0,False,False,2.0,2.0,2.0,2.0
ts_L1,b75c29ff985ee7ce4fa03cc2424b37c7,L1,Telesales,Trưởng Nhóm Phát Triển Kinh Doanh- SPX Express (Hà Nội),Telesales,E2|E3|E2t,"{""E2"": 5, ""E3"": 7, ""E2t"": 9}",2.5,3.0,2.0,3.0,False,False,3.0,3.0,3.0,2.0
ts_L1,610f25f0e6605b47d579d3280366ba11,L1,Telesales,CỘNG TÁC VIÊN VIB – THẺ TÍN DỤNG & VAY NHANH 5 PHÚT (ONLINE TOÀN QUỐC) (Việc Làm Online | Thu Nhập Cao | Không Cần Gặp Khách,Telesales,E2,"{""E2"": 6}",5.5,5.25,5.0,4.6667,True,True,4.0,3.0,2.0,2.0
ts_L1,ec213f4a446ce3b3629a97c991cf5d08,L1,Telesales,Chuyên Viên Khách Hàng Ưu Tiên – Thu Nhập Từ 20 Triệu Đến Không Giới Hạn (VIB Hà Nội),Telesales,E1,"{""E1"": 6}",4.0,4.0,3.0,3.6667,False,False,4.0,4.0,9.0,4.0
ts_L1,6f8fcd02e5cd7d4f80f75fe0aedc6575,L1,Telesales,Giám Đốc Công Ty Inbound + Lương + ESOP,Telesales,E1|E2,"{""E1"": 8, ""E2"": 7}",1.0,1.25,1.0,1.3333,False,False,1.0,1.0,0.0,0.0
ts_L1,907d64ef625ef562300d4c29d07f7d95,L1,Telesales,Sale Manager,Telesales,E1|E2|E3|E2t,"{""E1"": 7, ""E2"": 8, ""E3"": 10, ""E2t"": 10}",2.0,2.0,2.0,2.0,False,False,0.0,0.0,0.0,0.0
ts_L1,a329022735ee380673b2a87e73c0e31e,L1,Telesales,Nhân Viên Kinh Doanh B2B Logistics,Telesales,E3t,"{""E3t"": 7}",4.5,4.5,4.0,4.3333,False,False,1.0,1.0,3.0,3.0
ts_L1,feb35d001305d867302ed1d0bd604c67,L1,Telesales,Cộng Tác Viên Kinh Doanh Qua Điện Thoại,Telesales,E2|E3|E2t|E3t,"{""E2"": 10, ""E3"": 8, ""E2t"": 7, ""E3t"": 9}",5.0,5.0,5.0,5.0,True,True,2.0,2.0,1.0,1.0
ts_L1,7a212dd27cce745aa318e1e12c230b91,L1,Telesales,Sales Admin (Mảng Kinh Doanh Dự Án),Telesales,E3,"{""E3"": 9}",5.0,4.75,5.0,4.6667,True,True,1.0,1.0,7.0,3.0
ts_L1,9f62333790fc75e35f6d1cd7ec8133d3,L1,Telesales,"Nhân Viên Tư Vấn Khóa Học/ Telesales/ CSKH (Data Có Sẵn, Ưu Tiên Có Kinh Nghiệm Sales/Telesales)",Telesales,E1,"{""E1"": 10}",6.0,6.0,6.0,5.6667,True,True,2.0,1.0,2.0,2.0
ts_L1b,0ed1cc4151bf92b65014634657020dba,L1b,Telesales,Omni-Channel Sales & Marketing Leader,Telesales,E1|E2|E3|E2t|E3t,"{""E1"": 5, ""E2"": 1, ""E3"": 1, ""E2t"": 3, ""E3t"": 2}",4.0,4.0,4.0,4.0,False,False,2.0,2.0,3.0,3.0
ts_L1b,84d7d60ba9343c2e81708112b822eb91,L1b,Telesales,Nhân Viên Telesales / Trực Page - Thu Nhập 10 - 20 Triệu,Telesales,E1|E2t|E3t,"{""E1"": 1, ""E2t"": 2, ""E3t"": 1}",7.0,6.75,7.0,6.6667,True,True,1.0,1.0,3.0,3.0
ts_L1b,d06c0202632e8171b05adbd531cb264e,L1b,Telesales,Trưởng Phòng Marketing,Telesales,E2|E3|E2t,"{""E2"": 5, ""E3"": 6, ""E2t"": 1}",2.5,2.5,3.0,2.6667,False,False,1.0,1.0,2.0,1.0
ts_L1b,4f999656f085dbbfb61ce322b9d46300,L1b,Telesales,Trưởng Bộ Phận Kinh Doanh (SPA),Telesales,E1|E2|E2t|E3t,"{""E1"": 6, ""E2"": 2, ""E2t"": 7, ""E3t"": 10}",3.5,3.75,3.0,3.3333,False,False,2.0,1.0,0.0,0.0
ts_L1b,597407c8cc98c7530826cd53a71c7714,L1b,Telesales,Leader Kinh Doanh,Telesales,E1|E2|E3|E2t|E3t,"{""E1"": 2, ""E2"": 3, ""E3"": 2, ""E2t"": 4, ""E3t"": 4}",4.5,4.5,5.0,4.6667,False,True,3.0,3.0,3.0,3.0
ts_L1b,a329022735ee380673b2a87e73c0e31e,L1b,Telesales,Nhân Viên Kinh Doanh B2B Logistics,Telesales,E3t,"{""E3t"": 3}",6.0,6.0,6.0,5.6667,True,True,2.0,1.0,1.0,0.0
ts_L1b,a73239d0d63758f66f85c2e1d3c527d2,L1b,Telesales,Giám Đốc Kinh Doanh,Telesales,E2|E3|E2t|E3t,"{""E2"": 4, ""E3"": 3, ""E2t"": 5, ""E3t"": 9}",2.5,2.75,3.0,3.0,False,False,2.0,2.0,4.0,3.0
ts_L1b,eadb10f792afb06bf250cdce60363583,L1b,Telesales,"Giám Sát Tuyển Sinh - Quản Lý Lớp Học - Sales Supervisor (Quảng Ngãi, Đà Nẵng, Long An) - Có Kinh Nghiệm Quản Lý Đội Nhóm",Telesales,E1|E2|E2t|E3t,"{""E1"": 3, ""E2"": 7, ""E2t"": 6, ""E3t"": 5}",5.5,5.25,6.0,5.3333,True,True,2.0,2.0,2.0,2.0
ts_L1b,5a397b33c9d726f347231415737beb42,L1b,Telesales,Area Sales Manager,Telesales,E1|E2|E2t|E3t,"{""E1"": 4, ""E2"": 10, ""E2t"": 8, ""E3t"": 7}",4.5,4.25,5.0,4.3333,False,True,2.0,2.0,2.0,2.0
ts_L1b,8cd9fc53516f4b3cca168d68f619765a,L1b,Telesales,Nhân Viên Kinh Doanh Xuất Khẩu,Telesales,E1|E2|E3,"{""E1"": 10, ""E2"": 8, ""E3"": 4}",4.5,4.5,5.0,4.6667,False,True,3.0,3.0,2.0,2.0
ts_L1b,a682952990bf5b4e0923ae0e6a378efa,L1b,Telesales,Giám Đốc Kinh Doanh Mỹ Phẩm,Telesales,E1|E2|E3,"{""E1"": 8, ""E2"": 9, ""E3"": 5}",3.0,3.5,4.0,4.0,False,False,4.0,4.0,6.0,4.0
ts_L1b,44a8b5071db930754bf950d2441ff6bf,L1b,Telesales,Chuyên Viên Kinh Doanh B2B / Inside Sales B2B / Sale Online – Thiết Bị Mạng & Camera (Yêu Cầu Tiếng Trung) | Lương + Bonus Cạnh Tranh,Telesales,E3t,"{""E3t"": 6}",4.5,4.25,4.0,4.0,False,False,2.0,2.0,1.0,1.0
ts_L1b,907d64ef625ef562300d4c29d07f7d95,L1b,Telesales,Sale Manager,Telesales,E1|E2|E3,"{""E1"": 9, ""E2"": 6, ""E3"": 7}",3.0,3.25,3.0,3.3333,False,False,3.0,3.0,4.0,4.0
ts_L1b,e01bd5cc0be2365a14f3b8eafa98c30d,L1b,Telesales,Giám Đốc Kinh Doanh Nha Khoa,Telesales,E1|E3,"{""E1"": 7, ""E3"": 9}",3.5,3.75,4.0,4.0,False,False,4.0,4.0,4.0,4.0
ts_L1b,7a212dd27cce745aa318e1e12c230b91,L1b,Telesales,Sales Admin (Mảng Kinh Doanh Dự Án),Telesales,E3,"{""E3"": 8}",6.0,5.5,6.0,5.0,True,True,4.0,3.0,7.0,6.0
ts_L1b,93e9a15dd156f5b7d1b21f793b44fb8b,L1b,Telesales,Sales Manager (B2B SaaS/Technology Solution),Telesales,E3|E3t,"{""E3"": 10, ""E3t"": 8}",4.0,4.0,4.0,4.0,False,False,2.0,2.0,2.0,1.0
ts_L1b,b75c29ff985ee7ce4fa03cc2424b37c7,L1b,Telesales,Trưởng Nhóm Phát Triển Kinh Doanh- SPX Express (Hà Nội),Telesales,E2t,"{""E2t"": 9}",4.5,4.75,5.0,5.0,False,True,2.0,2.0,3.0,2.0
ts_L1b,9dc9b7cde1b64d060eff7f73fd2a512e,L1b,Telesales,Trưởng Nhóm Kinh Doanh Thị Trường - SPX Express (Hà Nội),Telesales,E2t,"{""E2t"": 10}",5.0,4.5,5.0,4.3333,True,True,2.0,2.0,2.0,2.0
ts_L2,0ed1cc4151bf92b65014634657020dba,L2,Telesales,Omni-Channel Sales & Marketing Leader,Telesales,E1|E2|E3|E2t|E3t,"{""E1"": 6, ""E2"": 1, ""E3"": 1, ""E2t"": 5, ""E3t"": 3}",4.0,3.75,4.0,3.6667,False,False,3.0,3.0,2.0,2.0
ts_L2,597407c8cc98c7530826cd53a71c7714,L2,Telesales,Leader Kinh Doanh,Telesales,E1|E2|E3|E2t|E3t,"{""E1"": 1, ""E2"": 5, ""E3"": 3, ""E2t"": 1, ""E3t"": 1}",4.0,4.0,5.0,4.3333,False,True,4.0,4.0,3.0,3.0
ts_L2,8cd9fc53516f4b3cca168d68f619765a,L2,Telesales,Nhân Viên Kinh Doanh Xuất Khẩu,Telesales,E1|E2|E3|E2t|E3t,"{""E1"": 8, ""E2"": 3, ""E3"": 2, ""E2t"": 8, ""E3t"": 7}",4.5,4.25,5.0,4.3333,False,True,2.0,2.0,2.0,2.0
ts_L2,907d64ef625ef562300d4c29d07f7d95,L2,Telesales,Sale Manager,Telesales,E1|E2|E3|E2t|E3t,"{""E1"": 5, ""E2"": 2, ""E3"": 6, ""E2t"": 6, ""E3t"": 8}",3.0,3.0,3.0,3.0,False,False,2.0,2.0,1.0,1.0
ts_L2,a329022735ee380673b2a87e73c0e31e,L2,Telesales,Nhân Viên Kinh Doanh B2B Logistics,Telesales,E3t,"{""E3t"": 2}",5.5,5.75,5.0,5.3333,True,True,2.0,1.0,2.0,1.0
ts_L2,d06c0202632e8171b05adbd531cb264e,L2,Telesales,Trưởng Phòng Marketing,Telesales,E2|E2t,"{""E2"": 9, ""E2t"": 2}",2.0,2.0,2.0,2.0,False,False,2.0,2.0,2.0,1.0
ts_L2,eadb10f792afb06bf250cdce60363583,L2,Telesales,"Giám Sát Tuyển Sinh - Quản Lý Lớp Học - Sales Supervisor (Quảng Ngãi, Đà Nẵng, Long An) - Có Kinh Nghiệm Quản Lý Đội Nhóm",Telesales,E1|E2|E2t|E3t,"{""E1"": 2, ""E2"": 7, ""E2t"": 3, ""E3t"": 4}",5.0,5.0,5.0,5.0,True,True,2.0,2.0,2.0,2.0
ts_L2,5a397b33c9d726f347231415737beb42,L2,Telesales,Area Sales Manager,Telesales,E1|E2|E2t|E3t,"{""E1"": 3, ""E2"": 6, ""E2t"": 7, ""E3t"": 6}",4.5,4.25,4.0,4.0,False,False,2.0,2.0,1.0,0.0
ts_L2,7a212dd27cce745aa318e1e12c230b91,L2,Telesales,Sales Admin (Mảng Kinh Doanh Dự Án),Telesales,E2|E3|E2t,"{""E2"": 4, ""E3"": 5, ""E2t"": 4}",7.0,6.5,7.0,6.3333,True,True,2.0,2.0,2.0,2.0
ts_L2,84d7d60ba9343c2e81708112b822eb91,L2,Telesales,Nhân Viên Telesales / Trực Page - Thu Nhập 10 - 20 Triệu,Telesales,E1|E2t|E3t,"{""E1"": 4, ""E2t"": 10, ""E3t"": 9}",6.5,6.0,6.0,5.6667,True,True,3.0,3.0,2.0,2.0
ts_L2,a682952990bf5b4e0923ae0e6a378efa,L2,Telesales,Giám Đốc Kinh Doanh Mỹ Phẩm,Telesales,E1|E2|E3,"{""E1"": 10, ""E2"": 8, ""E3"": 4}",2.5,2.75,3.0,3.0,False,False,2.0,2.0,2.0,1.0
ts_L2,b06262ac2cbe0b68ba4deecaa7e4a9f3,L2,Telesales,Nhân Viên Sales Online Ngành Thời Trang,Telesales,E3|E3t,"{""E3"": 8, ""E3t"": 5}",4.5,4.25,4.0,4.0,False,False,2.0,2.0,0.0,0.0
ts_L2,93e9a15dd156f5b7d1b21f793b44fb8b,L2,Telesales,Sales Manager (B2B SaaS/Technology Solution),Telesales,E3|E3t,"{""E3"": 7, ""E3t"": 10}",3.5,3.5,3.0,3.3333,False,False,3.0,3.0,1.0,1.0
ts_L2,e01bd5cc0be2365a14f3b8eafa98c30d,L2,Telesales,Giám Đốc Kinh Doanh Nha Khoa,Telesales,E1,"{""E1"": 7}",2.0,2.25,2.0,2.3333,False,False,3.0,3.0,2.0,1.0
ts_L2,7bc8a284274d46771a4c4000c3a88297,L2,Telesales,Sales Tour Du Lịch _ Lương Cứng Upto12tr ( Yêu Cầu 1 Năm Kinh Nghiệm Sales Tour ),Telesales,E1,"{""E1"": 9}",6.0,5.75,5.0,5.3333,True,True,3.0,3.0,5.0,2.0
ts_L2,a73239d0d63758f66f85c2e1d3c527d2,L2,Telesales,Giám Đốc Kinh Doanh,Telesales,E2|E3|E2t,"{""E2"": 10, ""E3"": 9, ""E2t"": 9}",2.0,2.5,2.0,2.6667,False,False,2.0,2.0,2.0,0.0
ts_L2,1e45147c05a68dd90ef628df803286d6,L2,Telesales,Trưởng Phòng Kinh Doanh Logistics,Telesales,E3,"{""E3"": 10}",3.0,3.0,3.0,3.0,False,False,4.0,4.0,2.0,2.0
ts_L2b,907d64ef625ef562300d4c29d07f7d95,L2b,Telesales,Sale Manager,Telesales,E1|E2|E3|E2t|E3t,"{""E1"": 1, ""E2"": 1, ""E3"": 1, ""E2t"": 1, ""E3t"": 1}",5.0,5.0,5.0,5.0,True,True,2.0,2.0,1.0,1.0
ts_L2b,8cd9fc53516f4b3cca168d68f619765a,L2b,Telesales,Nhân Viên Kinh Doanh Xuất Khẩu,Telesales,E1|E2|E3|E2t|E3t,"{""E1"": 2, ""E2"": 2, ""E3"": 2, ""E2t"": 2, ""E3t"": 3}",5.0,5.0,6.0,5.3333,True,True,2.0,2.0,3.0,3.0
ts_L2b,b06262ac2cbe0b68ba4deecaa7e4a9f3,L2b,Telesales,Nhân Viên Sales Online Ngành Thời Trang,Telesales,E3|E2t|E3t,"{""E3"": 10, ""E2t"": 4, ""E3t"": 2}",5.0,5.0,5.0,5.0,True,True,2.0,2.0,2.0,2.0
ts_L2b,93e9a15dd156f5b7d1b21f793b44fb8b,L2b,Telesales,Sales Manager (B2B SaaS/Technology Solution),Telesales,E1|E2|E3|E2t|E3t,"{""E1"": 8, ""E2"": 7, ""E3"": 3, ""E2t"": 10, ""E3t"": 7}",5.5,5.0,5.0,4.6667,True,True,3.0,3.0,3.0,3.0
ts_L2b,b75c29ff985ee7ce4fa03cc2424b37c7,L2b,Telesales,Trưởng Nhóm Phát Triển Kinh Doanh- SPX Express (Hà Nội),Telesales,E1|E2|E3|E2t|E3t,"{""E1"": 7, ""E2"": 3, ""E3"": 4, ""E2t"": 3, ""E3t"": 10}",5.0,5.25,5.0,5.3333,True,True,1.0,1.0,4.0,4.0
ts_L2b,eb044430a86c82c9bff6eec89b55dfec,L2b,Telesales,"Nhân Viên Kinh Doanh/ Seller Nguồn Hàng Trung Quốc Cho Shopee, Lazada (Thu Nhập 8 - 25 Triệu)",Telesales,E1|E2|E2t|E3t,"{""E1"": 3, ""E2"": 10, ""E2t"": 5, ""E3t"": 5}",6.5,6.5,6.0,6.3333,True,True,1.0,1.0,2.0,2.0
ts_L2b,1e45147c05a68dd90ef628df803286d6,L2b,Telesales,Trưởng Phòng Kinh Doanh Logistics,Telesales,E1|E2|E3|E2t,"{""E1"": 9, ""E2"": 4, ""E3"": 9, ""E2t"": 9}",4.5,4.5,4.0,4.3333,False,False,1.0,1.0,2.0,1.0
ts_L2b,44a8b5071db930754bf950d2441ff6bf,L2b,Telesales,Chuyên Viên Kinh Doanh B2B / Inside Sales B2B / Sale Online – Thiết Bị Mạng & Camera (Yêu Cầu Tiếng Trung) | Lương + Bonus Cạnh Tranh,Telesales,E3|E3t,"{""E3"": 6, ""E3t"": 4}",6.0,5.75,5.0,5.3333,True,True,3.0,3.0,4.0,1.0
ts_L2b,97ffb0afca9b88f36dca20c4ff082fec,L2b,Telesales,Nhân Viên Kinh Doanh Quốc Tế (Sales B2B - Gia Công Cơ Khí) - Thu Nhập 15-30 Triệu - Tại Hà Nội,Telesales,E1|E2|E2t|E3t,"{""E1"": 4, ""E2"": 9, ""E2t"": 7, ""E3t"": 8}",5.0,5.25,5.0,4.6667,True,True,3.0,1.0,6.0,3.0
ts_L2b,71dddd03888742c8402c8e76d7e082ae,L2b,Telesales,Business Development Manager (Express Service/ Air) - Tan Binh District - Upto VND 50 Triệu,Telesales,E1,"{""E1"": 5}",6.0,5.75,6.0,5.6667,True,True,1.0,1.0,2.0,1.0
ts_L2b,a329022735ee380673b2a87e73c0e31e,L2b,Telesales,Nhân Viên Kinh Doanh B2B Logistics,Telesales,E2|E3|E2t|E3t,"{""E2"": 5, ""E3"": 5, ""E2t"": 6, ""E3t"": 6}",6.0,6.25,6.0,6.0,True,True,1.0,0.0,4.0,1.0
ts_L2b,597407c8cc98c7530826cd53a71c7714,L2b,Telesales,Leader Kinh Doanh,Telesales,E1|E2|E3|E2t,"{""E1"": 6, ""E2"": 6, ""E3"": 8, ""E2t"": 8}",4.5,4.5,4.0,4.3333,False,False,3.0,3.0,2.0,2.0
ts_L2b,0ed1cc4151bf92b65014634657020dba,L2b,Telesales,Omni-Channel Sales & Marketing Leader,Telesales,E2|E3,"{""E2"": 8, ""E3"": 7}",4.5,4.25,4.0,4.0,False,False,2.0,2.0,0.0,0.0
ts_L2b,7a212dd27cce745aa318e1e12c230b91,L2b,Telesales,Sales Admin (Mảng Kinh Doanh Dự Án),Telesales,E3t,"{""E3t"": 9}",7.0,6.75,7.0,6.6667,True,True,1.0,1.0,1.0,0.0
ts_L2b,6b13e8f982ded24c132945cde7925f89,L2b,Telesales,"Nhân Viên Kinh Doanh/ Telesales/ Sales Logistics - Hà Nội, TP.HCM - Thu Nhập Up To 30 Triệu ++",Telesales,E1,"{""E1"": 10}",6.5,6.5,6.0,6.3333,True,True,1.0,1.0,4.0,3.0
ts_L3,907d64ef625ef562300d4c29d07f7d95,L3,Telesales,Sale Manager,Telesales,E1|E2|E3|E2t|E3t,"{""E1"": 1, ""E2"": 1, ""E3"": 1, ""E2t"": 1, ""E3t"": 1}",5.5,5.25,6.0,6.0,True,True,4.0,2.0,4.0,4.0
ts_L3,44a8b5071db930754bf950d2441ff6bf,L3,Telesales,Chuyên Viên Kinh Doanh B2B / Inside Sales B2B / Sale Online – Thiết Bị Mạng & Camera (Yêu Cầu Tiếng Trung) | Lương + Bonus Cạnh Tranh,Telesales,E3t,"{""E3t"": 2}",5.5,5.5,5.0,5.0,True,True,3.0,2.0,3.0,3.0
ts_L3,71dddd03888742c8402c8e76d7e082ae,L3,Telesales,Business Development Manager (Express Service/ Air) - Tan Binh District - Upto VND 50 Triệu,Telesales,E1|E2t|E3t,"{""E1"": 2, ""E2t"": 4, ""E3t"": 5}",7.5,7.25,8.0,7.3333,True,True,2.0,2.0,2.0,1.0
ts_L3,8cd9fc53516f4b3cca168d68f619765a,L3,Telesales,Nhân Viên Kinh Doanh Xuất Khẩu,Telesales,E1|E2|E3|E2t|E3t,"{""E1"": 3, ""E2"": 2, ""E3"": 2, ""E2t"": 2, ""E3t"": 4}",6.0,6.25,7.0,6.6667,True,True,3.0,3.0,2.0,1.0
ts_L3,0d65cefc0b4acd8aacf298fbf1bee9cf,L3,Telesales,Trưởng Nhóm Telesale,Telesales,E2t,"{""E2t"": 3}",6.0,6.25,6.0,6.6667,True,True,3.0,2.0,2.0,1.0
ts_L3,1e45147c05a68dd90ef628df803286d6,L3,Telesales,Trưởng Phòng Kinh Doanh Logistics,Telesales,E1|E2|E3|E2t|E3t,"{""E1"": 5, ""E2"": 3, ""E3"": 4, ""E2t"": 5, ""E3t"": 8}",5.5,5.25,6.0,5.6667,True,True,2.0,1.0,2.0,1.0
ts_L3,93e9a15dd156f5b7d1b21f793b44fb8b,L3,Telesales,Sales Manager (B2B SaaS/Technology Solution),Telesales,E1|E2|E3|E3t,"{""E1"": 9, ""E2"": 7, ""E3"": 3, ""E3t"": 6}",5.0,5.0,5.0,5.0,True,True,2.0,2.0,5.0,5.0
ts_L3,a329022735ee380673b2a87e73c0e31e,L3,Telesales,Nhân Viên Kinh Doanh B2B Logistics,Telesales,E2|E3|E2t|E3t,"{""E2"": 6, ""E3"": 5, ""E2t"": 10, ""E3t"": 3}",7.0,6.75,7.0,6.6667,True,True,1.0,1.0,5.0,1.0
ts_L3,6b13e8f982ded24c132945cde7925f89,L3,Telesales,"Nhân Viên Kinh Doanh/ Telesales/ Sales Logistics - Hà Nội, TP.HCM - Thu Nhập Up To 30 Triệu ++",Telesales,E1|E2|E3|E2t,"{""E1"": 6, ""E2"": 4, ""E3"": 7, ""E2t"": 7}",7.0,7.0,7.0,7.0,True,True,2.0,2.0,2.0,2.0
ts_L3,eb044430a86c82c9bff6eec89b55dfec,L3,Telesales,"Nhân Viên Kinh Doanh/ Seller Nguồn Hàng Trung Quốc Cho Shopee, Lazada (Thu Nhập 8 - 25 Triệu)",Telesales,E1|E2t|E3t,"{""E1"": 4, ""E2t"": 6, ""E3t"": 10}",7.0,7.0,7.0,7.0,True,True,2.0,2.0,5.0,5.0
ts_L3,a73239d0d63758f66f85c2e1d3c527d2,L3,Telesales,Giám Đốc Kinh Doanh,Telesales,E2|E2t,"{""E2"": 5, ""E2t"": 9}",3.5,4.0,4.0,4.3333,False,False,3.0,3.0,3.0,2.0
ts_L3,b75c29ff985ee7ce4fa03cc2424b37c7,L3,Telesales,Trưởng Nhóm Phát Triển Kinh Doanh- SPX Express (Hà Nội),Telesales,E2|E3,"{""E2"": 10, ""E3"": 6}",7.0,6.5,7.0,6.3333,True,True,2.0,2.0,1.0,1.0
ts_L3,180cb3864dc2ecf680ead994c23e90ba,L3,Telesales,Trưởng Phòng Vận Hành - Telesales (Lĩnh Vực Enabler/Logistic),Telesales,E3t,"{""E3t"": 7}",5.0,5.0,5.0,5.0,True,True,2.0,2.0,2.0,2.0
ts_L3,7bc8a284274d46771a4c4000c3a88297,L3,Telesales,Sales Tour Du Lịch _ Lương Cứng Upto12tr ( Yêu Cầu 1 Năm Kinh Nghiệm Sales Tour ),Telesales,E1,"{""E1"": 7}",6.0,6.25,5.0,6.0,True,True,3.0,3.0,4.0,3.0
ts_L3,2c2e9ebaba696de347d03f3336f75ff6,L3,Telesales,Giám Đốc Kinh Doanh,Telesales,E2t,"{""E2t"": 8}",3.5,4.0,4.0,4.3333,False,False,3.0,3.0,1.0,1.0
ts_L3,597407c8cc98c7530826cd53a71c7714,L3,Telesales,Leader Kinh Doanh,Telesales,E2|E3,"{""E2"": 9, ""E3"": 8}",5.0,5.0,5.0,5.0,True,True,2.0,2.0,3.0,3.0
ts_L3,84d7d60ba9343c2e81708112b822eb91,L3,Telesales,Nhân Viên Telesales / Trực Page - Thu Nhập 10 - 20 Triệu,Telesales,E1|E3,"{""E1"": 8, ""E3"": 10}",7.0,6.75,7.0,6.6667,True,True,3.0,3.0,3.0,2.0
ts_L3,d06c0202632e8171b05adbd531cb264e,L3,Telesales,Trưởng Phòng Marketing,Telesales,E2,"{""E2"": 8}",2.5,3.0,3.0,3.3333,False,False,3.0,3.0,5.0,2.0
ts_L3,b06262ac2cbe0b68ba4deecaa7e4a9f3,L3,Telesales,Nhân Viên Sales Online Ngành Thời Trang,Telesales,E3|E3t,"{""E3"": 9, ""E3t"": 9}",5.5,5.25,5.0,5.0,True,True,2.0,2.0,3.0,2.0
ts_L3,636be8a921bd02aaf9ddf8330e4127de,L3,Telesales,"Nhân Viên Tư Vấn Phần Mềm EasySalon Không Yêu Cầu Kinh Nghiệm - Tại Hà Nội, Hồ Chí Minh, Đà Nẵng (Thu Nhập Từ 10-25tr)",Telesales,E1,"{""E1"": 10}",7.0,7.0,7.0,6.6667,True,True,2.0,1.0,6.0,6.0
ts_L3b,71dddd03888742c8402c8e76d7e082ae,L3b,Telesales,Business Development Manager (Express Service/ Air) - Tan Binh District - Upto VND 50 Triệu,Telesales,E1|E2t|E3t,"{""E1"": 1, ""E2t"": 2, ""E3t"": 2}",7.0,7.25,7.0,7.3333,True,True,1.0,1.0,1.0,0.0
ts_L3b,907d64ef625ef562300d4c29d07f7d95,L3b,Telesales,Sale Manager,Telesales,E1|E2|E3|E2t|E3t,"{""E1"": 2, ""E2"": 1, ""E3"": 2, ""E2t"": 1, ""E3t"": 3}",6.5,6.75,7.0,7.0,True,True,2.0,2.0,3.0,3.0
ts_L3b,a329022735ee380673b2a87e73c0e31e,L3b,Telesales,Nhân Viên Kinh Doanh B2B Logistics,Telesales,E1|E2|E3|E2t|E3t,"{""E1"": 7, ""E2"": 3, ""E3"": 1, ""E2t"": 4, ""E3t"": 1}",6.0,6.0,6.0,5.6667,True,True,2.0,1.0,6.0,1.0
ts_L3b,1e45147c05a68dd90ef628df803286d6,L3b,Telesales,Trưởng Phòng Kinh Doanh Logistics,Telesales,E1|E2|E3|E2t|E3t,"{""E1"": 4, ""E2"": 2, ""E3"": 3, ""E2t"": 3, ""E3t"": 5}",5.5,5.5,6.0,5.6667,True,True,1.0,1.0,4.0,3.0
ts_L3b,eb044430a86c82c9bff6eec89b55dfec,L3b,Telesales,"Nhân Viên Kinh Doanh/ Seller Nguồn Hàng Trung Quốc Cho Shopee, Lazada (Thu Nhập 8 - 25 Triệu)",Telesales,E1|E2|E3|E2t|E3t,"{""E1"": 3, ""E2"": 10, ""E3"": 9, ""E2t"": 5, ""E3t"": 6}",7.0,6.75,7.0,6.6667,True,True,3.0,3.0,7.0,7.0
ts_L3b,44a8b5071db930754bf950d2441ff6bf,L3b,Telesales,Chuyên Viên Kinh Doanh B2B / Inside Sales B2B / Sale Online – Thiết Bị Mạng & Camera (Yêu Cầu Tiếng Trung) | Lương + Bonus Cạnh Tranh,Telesales,E3|E3t,"{""E3"": 7, ""E3t"": 4}",6.0,6.0,6.0,5.6667,True,True,2.0,1.0,2.0,1.0
ts_L3b,b75c29ff985ee7ce4fa03cc2424b37c7,L3b,Telesales,Trưởng Nhóm Phát Triển Kinh Doanh- SPX Express (Hà Nội),Telesales,E1|E2|E3|E2t,"{""E1"": 9, ""E2"": 4, ""E3"": 4, ""E2t"": 7}",7.0,6.75,7.0,6.6667,True,True,1.0,1.0,1.0,1.0
ts_L3b,0ed1cc4151bf92b65014634657020dba,L3b,Telesales,Omni-Channel Sales & Marketing Leader,Telesales,E3,"{""E3"": 5}",5.5,5.0,5.0,4.6667,True,True,3.0,3.0,2.0,2.0
ts_L3b,6b13e8f982ded24c132945cde7925f89,L3b,Telesales,"Nhân Viên Kinh Doanh/ Telesales/ Sales Logistics - Hà Nội, TP.HCM - Thu Nhập Up To 30 Triệu ++",Telesales,E1|E2|E2t|E3t,"{""E1"": 5, ""E2"": 6, ""E2t"": 6, ""E3t"": 8}",7.0,6.75,7.0,6.6667,True,True,1.0,1.0,3.0,3.0
ts_L3b,9dc9b7cde1b64d060eff7f73fd2a512e,L3b,Telesales,Trưởng Nhóm Kinh Doanh Thị Trường - SPX Express (Hà Nội),Telesales,E1|E2|E3|E2t,"{""E1"": 8, ""E2"": 5, ""E3"": 10, ""E2t"": 8}",7.0,7.0,7.0,7.0,True,True,2.0,2.0,2.0,1.0
ts_L3b,93e9a15dd156f5b7d1b21f793b44fb8b,L3b,Telesales,Sales Manager (B2B SaaS/Technology Solution),Telesales,E2|E3,"{""E2"": 9, ""E3"": 6}",6.0,6.0,5.0,5.6667,True,True,2.0,2.0,4.0,2.0
ts_L3b,97ffb0afca9b88f36dca20c4ff082fec,L3b,Telesales,Nhân Viên Kinh Doanh Quốc Tế (Sales B2B - Gia Công Cơ Khí) - Thu Nhập 15-30 Triệu - Tại Hà Nội,Telesales,E1|E2t,"{""E1"": 6, ""E2t"": 10}",6.0,5.75,6.0,5.3333,True,True,3.0,2.0,3.0,2.0
ts_L3b,5a397b33c9d726f347231415737beb42,L3b,Telesales,Area Sales Manager,Telesales,E1|E2,"{""E1"": 10, ""E2"": 7}",5.0,5.25,5.0,4.6667,True,True,3.0,1.0,4.0,3.0
ts_L3b,b06262ac2cbe0b68ba4deecaa7e4a9f3,L3b,Telesales,Nhân Viên Sales Online Ngành Thời Trang,Telesales,E3t,"{""E3t"": 7}",4.0,4.75,4.0,4.0,False,False,3.0,0.0,6.0,5.0
ts_L3b,02a9a6e1d4954f1701c48d7cd634e8ad,L3b,Telesales,Cửa Hàng Trưởng Nhà Sách - Nhận Việc Ngay,Telesales,E2,"{""E2"": 8}",4.5,4.75,3.0,4.0,False,False,4.0,3.0,7.0,3.0
ts_L3b,180cb3864dc2ecf680ead994c23e90ba,L3b,Telesales,Trưởng Phòng Vận Hành - Telesales (Lĩnh Vực Enabler/Logistic),Telesales,E3|E3t,"{""E3"": 8, ""E3t"": 9}",5.5,5.25,5.0,5.0,True,True,2.0,2.0,3.0,3.0
ts_L3b,8cd9fc53516f4b3cca168d68f619765a,L3b,Telesales,Nhân Viên Kinh Doanh Xuất Khẩu,Telesales,E2t|E3t,"{""E2t"": 9, ""E3t"": 10}",7.0,6.75,7.0,6.6667,True,True,1.0,1.0,1.0,1.0
ts_L4,1e45147c05a68dd90ef628df803286d6,L4,Telesales,Trưởng Phòng Kinh Doanh Logistics,Telesales,E1|E2|E3|E2t|E3t,"{""E1"": 1, ""E2"": 1, ""E3"": 3, ""E2t"": 1, ""E3t"": 2}",7.5,7.5,8.0,7.6667,True,True,1.0,1.0,1.0,0.0
ts_L4,a329022735ee380673b2a87e73c0e31e,L4,Telesales,Nhân Viên Kinh Doanh B2B Logistics,Telesales,E1|E2|E3|E2t|E3t,"{""E1"": 3, ""E2"": 3, ""E3"": 1, ""E2t"": 3, ""E3t"": 1}",6.5,5.5,6.0,5.0,True,True,5.0,5.0,5.0,3.0
ts_L4,6b13e8f982ded24c132945cde7925f89,L4,Telesales,"Nhân Viên Kinh Doanh/ Telesales/ Sales Logistics - Hà Nội, TP.HCM - Thu Nhập Up To 30 Triệu ++",Telesales,E1|E2|E3|E2t|E3t,"{""E1"": 2, ""E2"": 5, ""E3"": 9, ""E2t"": 5, ""E3t"": 4}",6.5,6.75,6.0,6.6667,True,True,2.0,2.0,3.0,1.0
ts_L4,8cd9fc53516f4b3cca168d68f619765a,L4,Telesales,Nhân Viên Kinh Doanh Xuất Khẩu,Telesales,E1|E2|E3|E2t|E3t,"{""E1"": 4, ""E2"": 2, ""E3"": 2, ""E2t"": 2, ""E3t"": 3}",7.0,7.25,7.0,7.3333,True,True,1.0,1.0,2.0,2.0
ts_L4,907d64ef625ef562300d4c29d07f7d95,L4,Telesales,Sale Manager,Telesales,E1|E2|E3|E2t|E3t,"{""E1"": 6, ""E2"": 4, ""E3"": 4, ""E2t"": 4, ""E3t"": 5}",8.5,8.25,9.0,8.6667,True,True,2.0,1.0,2.0,1.0
ts_L4,180cb3864dc2ecf680ead994c23e90ba,L4,Telesales,Trưởng Phòng Vận Hành - Telesales (Lĩnh Vực Enabler/Logistic),Telesales,E2|E3|E2t|E3t,"{""E2"": 6, ""E3"": 5, ""E2t"": 6, ""E3t"": 7}",6.0,5.75,6.0,5.6667,True,True,1.0,1.0,3.0,3.0
ts_L4,71dddd03888742c8402c8e76d7e082ae,L4,Telesales,Business Development Manager (Express Service/ Air) - Tan Binh District - Upto VND 50 Triệu,Telesales,E1|E2t|E3t,"{""E1"": 5, ""E2t"": 7, ""E3t"": 8}",7.5,7.5,8.0,7.6667,True,True,1.0,1.0,1.0,1.0
ts_L4,44a8b5071db930754bf950d2441ff6bf,L4,Telesales,Chuyên Viên Kinh Doanh B2B / Inside Sales B2B / Sale Online – Thiết Bị Mạng & Camera (Yêu Cầu Tiếng Trung) | Lương + Bonus Cạnh Tranh,Telesales,E3|E3t,"{""E3"": 10, ""E3t"": 6}",6.0,6.0,6.0,5.6667,True,True,2.0,1.0,2.0,1.0
ts_L4,b75c29ff985ee7ce4fa03cc2424b37c7,L4,Telesales,Trưởng Nhóm Phát Triển Kinh Doanh- SPX Express (Hà Nội),Telesales,E1|E2|E3|E2t|E3t,"{""E1"": 10, ""E2"": 8, ""E3"": 6, ""E2t"": 10, ""E3t"": 10}",8.0,7.5,8.0,8.0,True,True,2.0,0.0,1.0,1.0
ts_L4,0ec89b5794d8ab444b2216dc7e8ce4d2,L4,Telesales,Leader Telesales,Telesales,E2,"{""E2"": 7}",6.0,5.75,5.0,5.3333,True,True,3.0,3.0,3.0,3.0
ts_L4,97ffb0afca9b88f36dca20c4ff082fec,L4,Telesales,Nhân Viên Kinh Doanh Quốc Tế (Sales B2B - Gia Công Cơ Khí) - Thu Nhập 15-30 Triệu - Tại Hà Nội,Telesales,E1|E3|E3t,"{""E1"": 8, ""E3"": 7, ""E3t"": 9}",7.0,6.5,7.0,6.3333,True,True,2.0,2.0,2.0,1.0
ts_L4,eb044430a86c82c9bff6eec89b55dfec,L4,Telesales,"Nhân Viên Kinh Doanh/ Seller Nguồn Hàng Trung Quốc Cho Shopee, Lazada (Thu Nhập 8 - 25 Triệu)",Telesales,E1|E2t,"{""E1"": 7, ""E2t"": 9}",6.5,6.75,6.0,6.3333,True,True,2.0,1.0,7.0,2.0
ts_L4,7a212dd27cce745aa318e1e12c230b91,L4,Telesales,Sales Admin (Mảng Kinh Doanh Dự Án),Telesales,E2t,"{""E2t"": 8}",6.0,6.0,5.0,5.6667,True,True,2.0,2.0,3.0,0.0
ts_L4,93e9a15dd156f5b7d1b21f793b44fb8b,L4,Telesales,Sales Manager (B2B SaaS/Technology Solution),Telesales,E3,"{""E3"": 8}",7.0,7.0,7.0,7.0,True,True,2.0,2.0,1.0,0.0
ts_L4,9dc9b7cde1b64d060eff7f73fd2a512e,L4,Telesales,Trưởng Nhóm Kinh Doanh Thị Trường - SPX Express (Hà Nội),Telesales,E1,"{""E1"": 9}",7.5,7.75,8.0,8.0,True,True,2.0,2.0,2.0,2.0
ts_L4,a73239d0d63758f66f85c2e1d3c527d2,L4,Telesales,Giám Đốc Kinh Doanh,Telesales,E2,"{""E2"": 9}",7.5,7.0,8.0,7.0,True,True,3.0,3.0,2.0,2.0
ts_L4,2c2e9ebaba696de347d03f3336f75ff6,L4,Telesales,Giám Đốc Kinh Doanh,Telesales,E2,"{""E2"": 10}",7.0,7.0,7.0,7.0,True,True,2.0,2.0,2.0,2.0
ts_L4b,71dddd03888742c8402c8e76d7e082ae,L4b,Telesales,Business Development Manager (Express Service/ Air) - Tan Binh District - Upto VND 50 Triệu,Telesales,E1|E2t|E3t,"{""E1"": 1, ""E2t"": 3, ""E3t"": 2}",7.5,7.25,8.0,7.3333,True,True,2.0,2.0,2.0,2.0
ts_L4b,907d64ef625ef562300d4c29d07f7d95,L4b,Telesales,Sale Manager,Telesales,E1|E2|E3|E2t|E3t,"{""E1"": 2, ""E2"": 1, ""E3"": 2, ""E2t"": 1, ""E3t"": 3}",7.5,7.75,8.0,8.0,True,True,2.0,2.0,1.0,0.0
ts_L4b,a329022735ee380673b2a87e73c0e31e,L4b,Telesales,Nhân Viên Kinh Doanh B2B Logistics,Telesales,E1|E2|E3|E2t|E3t,"{""E1"": 8, ""E2"": 3, ""E3"": 1, ""E2t"": 2, ""E3t"": 1}",5.5,5.25,5.0,4.6667,True,True,4.0,3.0,3.0,3.0
ts_L4b,1e45147c05a68dd90ef628df803286d6,L4b,Telesales,Trưởng Phòng Kinh Doanh Logistics,Telesales,E1|E2|E3|E2t|E3t,"{""E1"": 5, ""E2"": 2, ""E3"": 3, ""E2t"": 4, ""E3t"": 6}",7.0,7.0,7.0,7.0,True,True,2.0,2.0,4.0,4.0
ts_L4b,6b13e8f982ded24c132945cde7925f89,L4b,Telesales,"Nhân Viên Kinh Doanh/ Telesales/ Sales Logistics - Hà Nội, TP.HCM - Thu Nhập Up To 30 Triệu ++",Telesales,E1|E2|E2t|E3t,"{""E1"": 3, ""E2"": 5, ""E2t"": 5, ""E3t"": 5}",6.0,6.0,5.0,5.6667,True,True,2.0,2.0,2.0,2.0
ts_L4b,44a8b5071db930754bf950d2441ff6bf,L4b,Telesales,Chuyên Viên Kinh Doanh B2B / Inside Sales B2B / Sale Online – Thiết Bị Mạng & Camera (Yêu Cầu Tiếng Trung) | Lương + Bonus Cạnh Tranh,Telesales,E3|E3t,"{""E3"": 7, ""E3t"": 4}",5.5,5.25,5.0,4.6667,True,True,4.0,3.0,3.0,1.0
ts_L4b,b75c29ff985ee7ce4fa03cc2424b37c7,L4b,Telesales,Trưởng Nhóm Phát Triển Kinh Doanh- SPX Express (Hà Nội),Telesales,E2|E3|E2t,"{""E2"": 4, ""E3"": 4, ""E2t"": 7}",7.0,7.5,7.0,7.6667,True,True,2.0,2.0,3.0,3.0
ts_L4b,eb044430a86c82c9bff6eec89b55dfec,L4b,Telesales,"Nhân Viên Kinh Doanh/ Seller Nguồn Hàng Trung Quốc Cho Shopee, Lazada (Thu Nhập 8 - 25 Triệu)",Telesales,E1|E2t|E3t,"{""E1"": 4, ""E2t"": 6, ""E3t"": 8}",5.0,5.5,5.0,4.6667,True,True,4.0,1.0,7.0,7.0
ts_L4b,93e9a15dd156f5b7d1b21f793b44fb8b,L4b,Telesales,Sales Manager (B2B SaaS/Technology Solution),Telesales,E2|E3,"{""E2"": 8, ""E3"": 5}",7.0,7.25,7.0,7.0,True,True,1.0,0.0,2.0,2.0
ts_L4b,0eca1e8dc829bfe7d5adc3c0d7fec8ab,L4b,Telesales,Chuyên Viên Cao Cấp Kinh Doanh Sản Phẩm Vay Tín Chấp Tại Hồ Chí Minh - Kinh Nghiệm Từ 3 Năm - Thu Nhập Hấp Dẫn Không Giới Hạn,Telesales,E1,"{""E1"": 6}",7.0,7.0,7.0,7.0,True,True,2.0,2.0,3.0,3.0
ts_L4b,180cb3864dc2ecf680ead994c23e90ba,L4b,Telesales,Trưởng Phòng Vận Hành - Telesales (Lĩnh Vực Enabler/Logistic),Telesales,E2|E3|E3t,"{""E2"": 10, ""E3"": 6, ""E3t"": 9}",6.0,5.75,6.0,5.3333,True,True,3.0,2.0,3.0,2.0
ts_L4b,2c2e9ebaba696de347d03f3336f75ff6,L4b,Telesales,Giám Đốc Kinh Doanh,Telesales,E2,"{""E2"": 6}",8.0,8.0,8.0,8.3333,True,True,2.0,1.0,1.0,1.0
ts_L4b,b06262ac2cbe0b68ba4deecaa7e4a9f3,L4b,Telesales,Nhân Viên Sales Online Ngành Thời Trang,Telesales,E3t,"{""E3t"": 7}",5.0,5.0,5.0,4.6667,True,True,2.0,1.0,2.0,1.0
ts_L4b,c3c621504219c306563826ec4d658312,L4b,Telesales,Chuyên Viên Quan Hệ Khách Hàng Doanh Nghiệp - [Bac A Bank - Khu Vực Hà Nội/ Đông Anh/ Gia Lâm/ Hoài Đức/ Sơn Tây/ Thanh Trì],Telesales,E1|E2t,"{""E1"": 7, ""E2t"": 10}",7.0,6.75,7.0,6.6667,True,True,1.0,1.0,7.0,7.0
ts_L4b,feb35d001305d867302ed1d0bd604c67,L4b,Telesales,Cộng Tác Viên Kinh Doanh Qua Điện Thoại,Telesales,E2|E3,"{""E2"": 7, ""E3"": 10}",7.5,7.25,7.0,7.0,True,True,2.0,2.0,7.0,7.0
ts_L4b,8cd9fc53516f4b3cca168d68f619765a,L4b,Telesales,Nhân Viên Kinh Doanh Xuất Khẩu,Telesales,E2t|E3t,"{""E2t"": 8, ""E3t"": 10}",7.0,6.75,7.0,6.6667,True,True,1.0,1.0,2.0,1.0
ts_L4b,9074e3cbd02109b15b6b45d3f4f3786a,L4b,Telesales,Cán Bộ Tư Vấn Khóa Học MBA - FPT Education,Telesales,E3,"{""E3"": 8}",5.5,5.75,5.0,5.3333,True,True,2.0,1.0,5.0,5.0
ts_L4b,017758742b82a8f26675b975bd3c81b6,L4b,Telesales,Telesales / Tư Vấn / Nhân Viên Kinh Doanh / Sales Online Giáo Dục (Thử Việc Full Lương _ Data Cấp 100% _ Lương Lên Đến 70M),Telesales,E3,"{""E3"": 9}",4.5,4.5,4.0,4.3333,False,False,1.0,1.0,6.0,3.0
ts_L4b,7a212dd27cce745aa318e1e12c230b91,L4b,Telesales,Sales Admin (Mảng Kinh Doanh Dự Án),Telesales,E2t,"{""E2t"": 9}",7.0,6.25,7.0,6.0,True,True,3.0,3.0,5.0,5.0
ts_L4b,9626197397a0e9121d59734960c804c3,L4b,Telesales,Tư Vấn Tài Chính/Cho Vay/Trả Góp/Tín Chấp Không Cần Kinh Nghiệm Tại Bình Dương Và Hồ Chí Minh - Thu Nhập 20tr,Telesales,E1,"{""E1"": 9}",6.5,6.5,6.0,6.0,True,True,3.0,2.0,7.0,7.0
ts_L4b,a73239d0d63758f66f85c2e1d3c527d2,L4b,Telesales,Giám Đốc Kinh Doanh,Telesales,E2,"{""E2"": 9}",6.0,5.75,6.0,5.0,True,True,5.0,3.0,5.0,3.0
ts_L4b,8845f0f9a3f1ef08801c12b0493f9131,L4b,Telesales,Phó Phòng Kinh Doanh Thị Trường,Telesales,E1,"{""E1"": 10}",6.0,6.0,5.0,5.6667,True,True,4.0,4.0,3.0,3.0
ts_P,29d48d4363bf19fc33148f8f86ccdb31,P,Telesales,Software Engineer (Golang/Python/Java...),IT,E1|E2|E3|E2t|E3t,"{""E1"": 2, ""E2"": 1, ""E3"": 1, ""E2t"": 1, ""E3t"": 3}",6.5,6.5,6.0,6.3333,True,True,1.0,1.0,2.0,2.0
ts_P,7222c009019dbf5438a77e38fdcb9770,P,Telesales,Nhân Viên Kinh Doanh/ Nhân Viên Tư Vấn Tuyển Sinh/ Tư Vấn Khóa Học IELTS (Không Yêu Cầu Kinh Nghiệm Giáo Dục) - Lương 12 - 25 Triệu/Tháng,Nhân viên kinh doanh,E1|E2|E3|E2t|E3t,"{""E1"": 1, ""E2"": 4, ""E3"": 4, ""E2t"": 2, ""E3t"": 1}",4.0,3.5,4.0,3.3333,False,False,2.0,2.0,4.0,4.0
ts_P,0b76d06d6b3e327518030a7f1303aa56,P,Telesales,Giảng Viên Lập Trình IT,Giáo dục,E1|E2|E3|E2t|E3t,"{""E1"": 8, ""E2"": 2, ""E3"": 2, ""E2t"": 5, ""E3t"": 7}",6.0,5.5,6.0,6.0,True,True,2.0,0.0,0.0,0.0
ts_P,b838f240ce7695573dbee4b4a0f6d2b2,P,Telesales,Java Developer (Senior) - Phần Mềm,IT,E2|E3|E2t|E3t,"{""E2"": 9, ""E3"": 5, ""E2t"": 8, ""E3t"": 2}",3.0,3.5,3.0,3.6667,False,False,2.0,2.0,1.0,1.0
ts_P,00423c73f9370feb76096c5e4e362b68,P,Telesales,Technical Leader - Lương Up To 3.000$,IT,E2|E3,"{""E2"": 3, ""E3"": 3}",2.5,2.75,3.0,3.0,False,False,2.0,2.0,2.0,1.0
ts_P,393569e29b4b58bc0f81851017ed3cd8,P,Telesales,"CHUYÊN VIÊN TƯ VẤN TÀI CHÍNH -SHINHAN BANK ( Pico Plaza, Phường Bảy Hiền)",Ngân hàng,E1|E2|E3|E2t|E3t,"{""E1"": 3, ""E2"": 6, ""E3"": 7, ""E2t"": 4, ""E3t"": 5}",4.0,3.75,3.0,3.3333,False,False,3.0,3.0,8.0,7.0
ts_P,c073efc5ec9c7f006494b1ceaf14aad0,P,Telesales,Trưởng Nhóm Hạ Tầng Kỹ Thuật,Kỹ sư xây dựng,E2|E2t,"{""E2"": 5, ""E2t"": 3}",2.0,2.0,2.0,2.0,False,False,0.0,0.0,2.0,2.0
ts_P,d00ea9a126c6f39b8f810a99686432fa,P,Telesales,Nhân Viên Design POD,Thiết kế đồ họa,E3|E3t,"{""E3"": 6, ""E3t"": 4}",3.0,2.5,3.0,2.3333,False,False,2.0,2.0,6.0,6.0
ts_P,fadbf9fddd686b0aba832143a92a3355,P,Telesales,Nhân Viên Chăm Sóc Khách Hàng,Chăm sóc khách hàng,E1|E2|E3|E2t|E3t,"{""E1"": 4, ""E2"": 8, ""E3"": 9, ""E2t"": 7, ""E3t"": 8}",4.0,4.0,3.0,3.3333,False,False,4.0,3.0,2.0,2.0
ts_P,2a2d604426767b782a443a4987a42188,P,Telesales,Trade Marketing Manager,Marketing,E1|E2|E2t|E3t,"{""E1"": 5, ""E2"": 10, ""E2t"": 9, ""E3t"": 10}",2.0,2.0,2.0,1.6667,False,False,2.0,1.0,1.0,1.0
ts_P,164ef62aece4552279181e21216fb2b3,P,Telesales,AI Engineer / Vision AI Công Ty IT Hàn Quốc,IT,E2|E2t,"{""E2"": 7, ""E2t"": 6}",2.5,2.5,3.0,2.6667,False,False,1.0,1.0,2.0,0.0
ts_P,6ab62df42ffa0205400bb950ba3b7ab6,P,Telesales,"Lập Trình Viên Java (Product Domain Bank, Fintech)",Ngân hàng,E3|E3t,"{""E3"": 8, ""E3t"": 6}",4.5,4.75,5.0,5.0,False,True,2.0,2.0,3.0,3.0
ts_P,eadb10f792afb06bf250cdce60363583,P,Telesales,"Giám Sát Tuyển Sinh - Quản Lý Lớp Học - Sales Supervisor (Quảng Ngãi, Đà Nẵng, Long An) - Có Kinh Nghiệm Quản Lý Đội Nhóm",Telesales,E1,"{""E1"": 6}",5.0,5.25,5.0,5.3333,True,True,3.0,3.0,3.0,3.0
ts_P,92140695d685a6d05fb5a5d3ba61bf4d,P,Telesales,"Nhân Viên Chăm Sóc Khách Hàng Mạng Viettel (Làm Việc Tại Văn Phòng, Không Áp Doanh Số)",Chăm sóc khách hàng,E1,"{""E1"": 7}",3.5,3.5,4.0,3.6667,False,False,3.0,3.0,10.0,9.0
ts_P,8fde593eb96f322bd444a2af0574f40c,P,Telesales,Kỹ Sư Phát Triển Phần Mềm (Java Developer) - VTS,IT,E3|E3t,"{""E3"": 10, ""E3t"": 9}",4.5,4.75,5.0,5.0,False,True,2.0,2.0,1.0,1.0
ts_P,a8bc9b3fa0e4282fe5b1ca0832888316,P,Telesales,"Nhân Viên Sales/Tư Vấn Dịch Vụ Đầu Tư Bất Động Sản, Căn Hộ, Biệt Thự| Data Có Sẵn | Hoa Hồng Cao | Không Áp Lực Kinh Nghiệm",Bất động sản,E1,"{""E1"": 9}",3.5,3.75,3.0,3.0,False,False,4.0,2.0,9.0,8.0
ts_P,a9ff50156c5c68869371e1ede3adf900,P,Telesales,Chuyên Viên Vật Lý (Lương 30 Triệu ++),Giáo dục,E1,"{""E1"": 10}",1.5,1.5,2.0,1.6667,False,False,1.0,1.0,3.0,3.0
ts_P,f224329725039dacca80697c36a5b0fe,P,Telesales,AI Machine Learning Lead,Giáo dục,E2t,"{""E2t"": 10}",3.0,3.75,4.0,4.3333,False,False,5.0,5.0,7.0,5.0
ts_P2,4ed17f963ffc2112ec677279bf58945c,P2,Telesales,Trưởng Nhóm Quản Nhiệm Lớp Học,Giáo dục,E1|E2|E3|E2t|E3t,"{""E1"": 5, ""E2"": 1, ""E3"": 1, ""E2t"": 8, ""E3t"": 7}",2.0,2.25,2.0,2.3333,False,False,1.0,1.0,2.0,2.0
ts_P2,db6da0f84461ea48500285fe38fac4bb,P2,Telesales,Quality Lead,IT,E1|E2|E3|E2t|E3t,"{""E1"": 1, ""E2"": 8, ""E3"": 8, ""E2t"": 1, ""E3t"": 1}",1.5,1.5,2.0,1.6667,False,False,1.0,1.0,3.0,2.0
ts_P2,332b842c0854222126666c568e291898,P2,Telesales,Nhân Viên Kho Kinh Nghiệm 1 Năm Trở Lên,Lao động phổ thông,E2|E3|E2t|E3t,"{""E2"": 2, ""E3"": 2, ""E2t"": 4, ""E3t"": 4}",5.5,5.75,5.0,5.3333,True,True,2.0,1.0,4.0,2.0
ts_P2,63ba3ad98a6a38c3a45481ee9935a21e,P2,Telesales,Chuyên Viên Kinh Doanh Tín Dụng,Ngân hàng,E1|E2|E3|E2t|E3t,"{""E1"": 2, ""E2"": 10, ""E3"": 10, ""E2t"": 3, ""E3t"": 3}",3.5,3.75,4.0,4.0,False,False,2.0,2.0,4.0,4.0
ts_P2,e64a793e79b507d7cfba0808d84d5117,P2,Telesales,Warehouse Admin (Nhân Viên Hành Chính Kho),Hành chính nhân sự,E2|E3|E2t|E3t,"{""E2"": 9, ""E3"": 9, ""E2t"": 2, ""E3t"": 2}",3.5,3.75,4.0,4.0,False,False,2.0,2.0,3.0,3.0
ts_P2,051bc099fc1fd4d8e8051ad3f85f724a,P2,Telesales,Trợ Lý Tổng Giám Đốc - (Tuyển Nữ),Bất động sản,E1|E2t|E3t,"{""E1"": 3, ""E2t"": 5, ""E3t"": 5}",2.5,2.5,3.0,2.6667,False,False,3.0,3.0,2.0,2.0
ts_P2,a150d85738fbdc3f02a5822e0d2f4f6e,P2,Telesales,Nhân Viên Nhân Sự (Quản Lý Cán Bộ),Hành chính nhân sự,E2|E3,"{""E2"": 3, ""E3"": 3}",3.5,3.5,5.0,4.0,False,True,3.0,3.0,5.0,2.0
ts_P2,998cba83a8a25c539a1eb99c2848d87b,P2,Telesales,Giám Đốc Đào Tạo (Training Director),Giáo dục,E1|E2t|E3t,"{""E1"": 4, ""E2t"": 7, ""E3t"": 8}",1.0,1.25,1.0,1.3333,False,False,1.0,1.0,1.0,1.0
ts_P2,fadbf9fddd686b0aba832143a92a3355,P2,Telesales,Nhân Viên Chăm Sóc Khách Hàng,Chăm sóc khách hàng,E2|E3,"{""E2"": 4, ""E3"": 4}",5.0,5.5,5.0,5.6667,True,True,2.0,2.0,2.0,2.0
ts_P2,3a1cb946e9e411285690e2b339f16812,P2,Telesales,"Quản Lý Phòng Hành Chính Tổng Hợp (Lương Thoả Thuận Cao, Đãi Ngộ Tốt) - Làm Việc Tại Bà Rịa - Vũng Tàu (Cũ)",Hành chính nhân sự,E2|E3|E2t,"{""E2"": 5, ""E3"": 7, ""E2t"": 10}",2.5,2.5,4.0,3.0,False,False,3.0,3.0,4.0,3.0
ts_P2,76d2a8410752284eb02957c77fa75f6f,P2,Telesales,Quản Lý Quan Hệ Khách Hàng BĐS,Telesales,E3,"{""E3"": 5}",4.0,4.0,4.0,4.0,False,False,2.0,2.0,2.0,2.0
ts_P2,47fc60b06f885f424a1aff816349d114,P2,Telesales,Quản Lý Học Thuật Chương Trình Smath Link,Giáo dục,E1,"{""E1"": 6}",1.5,1.5,2.0,1.6667,False,False,1.0,1.0,2.0,1.0
ts_P2,80a4b79bacf45c9f17481fda0ddd8d5f,P2,Telesales,Nhân Viên Kho ( Quận BÌNH TÂN CŨ )- Ưu Tiên Nam,Lao động phổ thông,E2t|E3t,"{""E2t"": 6, ""E3t"": 9}",5.0,5.25,5.0,5.3333,True,True,1.0,1.0,2.0,2.0
ts_P2,cff54073600672ffc4682fb5e7d0e7d4,P2,Telesales,Quản Lý Tài Chính,Ngân hàng,E2|E3,"{""E2"": 7, ""E3"": 6}",1.5,1.5,2.0,1.6667,False,False,1.0,1.0,2.0,1.0
ts_P2,e94222e90691b6fdbc55657943fc6c75,P2,Telesales,Nhân Viên Admin Kho,Hành chính nhân sự,E2t|E3t,"{""E2t"": 9, ""E3t"": 6}",5.0,5.0,5.0,5.0,True,True,2.0,2.0,2.0,2.0
ts_P2,eadb10f792afb06bf250cdce60363583,P2,Telesales,"Giám Sát Tuyển Sinh - Quản Lý Lớp Học - Sales Supervisor (Quảng Ngãi, Đà Nẵng, Long An) - Có Kinh Nghiệm Quản Lý Đội Nhóm",Telesales,E2,"{""E2"": 6}",5.0,5.0,5.0,5.0,True,True,2.0,2.0,1.0,1.0
ts_P2,4cf2d132dff97d8828c0a05df47cc8a6,P2,Telesales,Chuyên Viên Phát Triển Dự Án,Bất động sản,E1,"{""E1"": 7}",1.5,1.5,1.0,1.3333,False,False,1.0,1.0,0.0,0.0
ts_P2,be050078bb1932abd9f27f85493ff537,P2,Telesales,Nhân Sự Kế Hoạch Tổng Hợp,Hành chính nhân sự,E1,"{""E1"": 8}",3.0,3.0,3.0,3.0,False,False,2.0,2.0,2.0,2.0
ts_P2,fcffde807494f54c3d9b271c1223998b,P2,Telesales,Chuyên Viên Phát Triển Dự Án,Bất động sản,E1,"{""E1"": 9}",1.0,1.0,1.0,1.0,False,False,0.0,0.0,1.0,0.0
ts_P2,180cb3864dc2ecf680ead994c23e90ba,P2,Telesales,Trưởng Phòng Vận Hành - Telesales (Lĩnh Vực Enabler/Logistic),Telesales,E3t,"{""E3t"": 10}",4.5,4.25,4.0,4.0,False,False,2.0,2.0,5.0,2.0
ts_P2,e07aeb4c41a86d8bb47dc665a08d5241,P2,Telesales,Curriculum Developer Cum Quality Control,Giáo dục,E1,"{""E1"": 10}",2.0,2.25,2.0,2.3333,False,False,3.0,3.0,3.0,3.0
